"FishFoundID","SampleID","Bowfin","Gizzard shad","Central stoneroller","Goldfish","Redside dace","Spotfin shiner","Common carp","Common shiner","Hornyhead chub","Golden shiner","Emerald shiner","Blackchin shiner","Blacknose shiner","Spottail shiner","Mimic shiner","Bluntnose minnow","Fathead minnow","Northern redbelly dace","Blacknose dace","Creek chub","White sucker","Northern hogsucker","Spotted sucker","Golden redhorse","Black bullhead","Yellow bullhead","Brown bullhead","Stonecat","Grass pickerel","Northern pike","Central mudminnow","Mottled sculpin","Mummichog","Mosquito fish","Brook silverside","Brook stickleback","Rainbow trout","Brown trout","White perch","Rock bass","Green sunfish","Lepomis gibbosus","Pumpkinseed","Northern sunfish","Sunfish hybrid","Smallmouth bass","Largemouth bass","Black crappie","Rainbow darter","Iowa darter","Least darter","Johnny darter","Yellow perch","Logperch","Blackside darter","Round goby"
"105","1","","50","","","","","","","","","150","","","","","4","7","","","","","","","","","","","","","","","","","","50","","","","","","","","1","","","15","","","","","","1","","","","30"
"23","2","","","12","","","","","3","","1","","","","","","","21","","49","55","7","","","","","","","","","","","","","","","","","","","","","","5","","","","","","","","","26","","","",""
"65","3","","","2","","","","","94","","","","","","","","17","47","","67","34","10","","","","","","","","","","1","","3","","","","","","","","","1","5","","","","","","","","","63","","","",""
"106","4","","","","","","","","","","","","","","","","","30","","","","","","","","","","","","","","","","","","","","","","","","","","","","","","","","","","","","","","",""
"47","5","","","4","","3","","","150","","","","","","","","3","11","","15","49","9","","","","","","","","","","","2","","","","","","","","","","1","2","","","","","","1","","","45","","","",""
"66","6","","","2","","","","","194","","2","","","","","","11","28","","63","47","","","","","","","","","","","","","","","","","","","","","","","","","","","","","1","","","68","","","",""
"48","7","","","4","","","","","263","","","","","","","","3","6","","20","42","9","","","","","","","","","","","","","","","","","","","","","2","12","","","","","","","","","18","","","",""
"15","8","","","18","","1","","","41","","1","","","","","","35","22","","","23","","","","","1","","","","","","1","2","","","","1","","","","","","","1","","","","","","","","","12","","","",""
"33","9","","","8","","","","","","","","","","","","","","4","","13","14","","","","","","","","","","","","","","","","","","","","","","","1","","3","","","","","","","","","","",""
"67","10","","","2","","","","","22","","","","","","","","","10","","14","17","","","","","","","","","","","","6","","","","","","","","","","1","1","","","","","","4","","","1","","","",""
"25","11","","","11","","5","","","62","","","","","","","","","18","","8","49","3","6","","","","","","","","","","1","","","","","","","","","","8","","","","","","","11","","","19","","","",""
"29","12","","","10","","","","","39","","","","","","","","","7","","19","23","5","8","","","","","","","","","","6","","","","","","","","","","1","2","","","","","","45","","","4","","","",""
"16","13","","","16","","","","","","","","","","","","","19","91","81","3","47","3","","","","","","1","","","","5","9","","","","","","","","","1","6","21","","2","","","","90","","","23","","","",""
"13","14","","","20","","","","","","","","","","","","","1","18","","","27","5","","","","","","","","","","8","13","","","","3","","","","","","5","14","","","","3","","6","","","30","","","",""
"20","15","","","13","","8","","","","","","","","","","","22","84","","","30","18","","","","","","","","","","5","10","","","","","","4","","","","2","3","","","","","","7","","","44","","","",""
"31","16","","","9","","","","","","","2","","","","","","12","13","","1","","4","","","","","","1","","","","6","9","","","","2","","2","","","","","18","","","","","","4","","","12","","","",""
"107","17","","","","","","","","","","","","","","","","","1","","4","","","","","","","","","","","","7","10","","","","","","","","","","","","","","","","","","","","2","","","",""
"78","18","","","1","","","","","","","","","","","","","30","19","","","9","","","","","","","","","","","4","46","","","","1","","3","","","","","4","","","","","","12","","","13","","","",""
"42","19","","","5","","","","","","","","","","","","","","52","1","50","7","1","","","","","","","","","","","29","","","","","","","","","","1","2","","","","","","","","","","","","",""
"68","20","","","2","","","","","","","","","","","","","21","296","","44","1","2","","","","","","","","","","","4","","","","","","","","","","","6","","","","","","","","","","","","",""
"108","21","","","","","","","","","","","","","","","","","4","","2","1","2","","","","","","","","","","","31","","","","","","13","","","10","1","7","","","","","","3","","","1","","","",""
"109","22","","","","","","","","2","","","","","","","","2","6","","1","9","5","","","","","","","","","","","35","","","","","","6","","","2","","1","","","","","2","17","","","","","","",""
"110","23","","","","","","","","","","","","","","","","","","","2","","","","","","","","","","","","","23","","","","","","","","","1","","","","","","","","12","","","","","","",""
"111","24","1","8","","68","","","45","","","2","","","","","","87","","","","","","","","","2","","","","","1","","","","","","","","","","10","2","27","20","3","","1","38","","","","","","3","","",""
"43","25","","","5","","","","","32","","","","","","","1","1","83","","68","52","3","","","","","","","","","","","4","","","","","","","","","1","","","","","","","","","","","10","","","",""
"37","26","","","6","","","","","","","","","","","","","","1","","","7","2","","","","","","","","","","","","","","","","","","","","","2","6","","","","","","","","","19","","","2",""
"38","27","","","6","","","","","1","","","","","","","","1","2","","","","1","","","","","","","","","","","","","","","","","","","","","","","","","2","","","","","","1","","2","3","18"
"24","28","","","12","","","","","","","","","","","","","","43","3","14","28","","","","","","","","","","","1","","","","","1","","","","","1","","2","","","","","","","","","14","","","",""
"79","29","","","1","","","","","3","","","","","","","","","466","","","3","","","","","","","","","","","","","","","","","","","","","2","2","","","","","","","","","","17","","","",""
"80","30","","","1","","","","","6","","3","1","","","","","3","1","","7","8","4","","","","","","","","","","","","","","","","","","","","2","1","3","","","","","1","","","","2","","","",""
"32","31","","","9","","","","","","","","","","","","","","","","1","13","","","","","","","","","","","1","","","","","","","","","","1","","5","","","","0","1","","","","","","","",""
"57","32","","","3","","","","","14","","","","","","","","","","","2","3","1","","","","","","","","","","","","","","","","","","","","","","7","","","","","","","","","1","","","",""
"81","33","","","1","","","","","","","","","","","","","","50","","13","95","","","","","","","","","","","","3","","","","","","","","","","3","9","","","","","1","","","","30","","","",""
"12","34","","","21","","","","2","186","","","","","","","","","40","","6","53","56","","","","","","","","","","","1","","","","","","","","","6","3","19","","","","","","","","","56","","","",""
"82","35","","","1","","","","2","14","","","","","","","","","34","","2","22","7","","","","","","3","","","","","","","","","","","","","","14","","19","3","","","","","","","","51","","","2",""
"112","36","","","","","","","","4","","","","","","","","","","","","4","11","","","","","","","","","","","","","","","","","","","","4","3","19","","","","","","","","","4","","","2",""
"69","37","","","2","","","","1","8","","","","","","","","","","","2","25","11","","","","","","","","","","","","","","","","1","","","1","9","6","4","","","","","","","","","25","","","2",""
"113","38","","","","","","","","","","","","","","","","","6","","1","5","","","","","","","","","","","3","","","","","10","","","","","","","","","","","","","","","","2","","","",""
"114","39","","","","","","","","","","","","","","","","","","","","2","","","","","","","","","","","","","","","","1","","","","","1","","","","","","","","","","","6","","","",""
"115","40","","","","","","","","16","","","","","","","","","","","","33","2","","","","","","","","","","","","","","","","","","","","","","","","","","","","","","","","","2","","102"
"116","41","","","","","","","","2","","","","","","","","","","","","3","9","","","","","","","","","","","","","","","","","","","","5","10","1","","","","","","","","","11","","","1","9"
"83","42","","","1","","","","","1","","","10","","","","","","10","","","2","2","","","","","","","","","","","","","","","","","","","","","","1","","","","2","","","","","1","","","","46"
"117","43","","","","","","8","","10","","1","76","","","","","1","76","","","","","","","","","","","","","","","","","","","","","","","","","3","4","","","","3","","","","","2","","2","","152"
"118","44","","","","","","","","","","","","","","","","1","5","","8","2","","","","","","","","","","","","5","","","","","","","","","1","","","","","","2","","","","","11","","","",""
"119","45","","","","","","","","","","","","","","","","","1","","4","","","","","","","","","","","","","","","","","","","","","","","","","","","","","","","","","32","","","",""
"120","46","","","","","","","","2","","","","","","","","","29","","2","5","2","","","","","","","","","","","1","","","","","","","","","4","2","4","","","","","3","","","","18","","","",""
"58","47","","","3","","","","","10","","","","","","","","","","","1","25","6","","","","","","","","","","","","","","","","","","","","3","1","0","","","","","","","","","34","","","10","5"
"121","48","","","","","","","","5","","","","","","","","","","","4","13","12","","","","","","","","","1","","","","","","","","","","","3","3","3","","","","","","","","","13","","","4","33"
"122","49","","","","","","","","5","","","","","","","","","","","","4","13","","","","","","","","","","","","","","","","","","","","13","16","12","1","","","","","","","","5","","","5","1"
"123","50","","","","","","","","21","","","","","","","","","","","","21","6","","","","","","","","","","","","","","","","","","","1","4","1","7","","","","1","","","","","24","","","7","2"
"84","51","","","1","","","","","5","","","","","","","","","","","10","7","10","","","","","","","","","","","","","","","","","","","","2","","1","","","","","","","","","57","","","6",""
"49","52","","","4","","","","","14","","","","","","","","","","","10","13","31","7","","","","","","","","1","","","","","","","1","","","","2","10","4","","","","1","","","","","112","","","9","2"
"124","53","","","","","","","","17","","","","","","","","","","","","5","10","","","","","","","","","","","","","","","","","","","1","1","3","2","","","","","","","","","53","","","3",""
"125","54","","2","","","","","","35","","","","","","","","","16","","","15","29","","","","","","","","","","","","","","","","","","","","6","10","4","","","","","1","","","","71","","","",""
"126","55","","","","","","","","31","","","","","","","","","","","","5","","","","","","","","","","","","","","","","","","","","","1","","","","","","","","","","","5","","","",""
"85","56","","5","1","","","","1","33","","","","","","","","","","","","2","4","","","","","","","","","","","","","","","","","","","1","1","1","3","","","","1","","","","","21","","","3","29"
"127","57","","","","","","","","17","","","","","","","","","","","","13","3","","","","","","","","","","","","","","","","","","","1","","","","","","","","","","","","","","","","54"
"128","58","","3","","","","","","1","","","43","","","","","","43","","","1","","","","","","","","","","","","","","4","46","","","","","","2","","","","","1","","","","","","4","","1","1","70"
"18","59","","","14","","","","","19","","","","","","","","","","","","32","11","","","","","","","","","","2","","","","","","","","","","25","7","18","","","11","6","","","","","10","","","",""
"129","60","","","","","","","","","","","","","","","","","","","","7","1","","","","","","","","","","7","","","","","","","","","","4","","4","","","3","12","","","","","","","","",""
"26","61","","","11","","","","","99","","","","","","","","","","","3","82","20","","","","","","","","","","","","","","","","","","","","2","3","","","","","9","","","","","62","","","",""
"130","62","","","","","","","","","","","","","","","","","5","","7","60","5","","","","","","","","","","","3","","","","","","","","","","1","3","","","","","","","","","39","","","",""
"131","63","","","","","","","","","","","","","","","","","9","","27","10","1","","","","","","","","","","","33","","","","","","","","","","","","","","","","","","","","23","","","",""
"132","64","","","","","","","","","","","","","","","","","13","1","3","37","3","","","","","","5","","","","23","","","","","1","","","","","3","","17","","","","","","","","","12","","","",""
"6","65","","","40","","","","","","","","","","","","","","7","","","11","18","","","","","","","","","","30","","","","","17","","","","","7","1","9","","","","","","","","","40","","","",""
"59","66","","","3","","","","","29","","","","","","","","","17","","1","9","4","","","","","","","","","","","","","","","","","","","","3","","","","","","1","","","","","46","","","",""
"133","67","","","","","","","","","","","","","","","","","41","","7","19","10","","","","","","","","","","","8","","","","","","","","","","","1","","","","","","","","","56","","","",""
"134","68","","","","","","","","6","","","","","","","","","","","11","26","6","","","","","","","","","","","22","","","","","","","","","","","2","","","","1","","","","","64","","","",""
"135","69","","","","","","","","5","","","","","","","","","14","","","13","3","","","","","","","","","","","","","","","","","","","","","","","","","","","","","","","16","","","",""
"4","70","","","60","","","","","72","","","","","","","","","1","","29","57","68","38","","","","1","","","","","","18","","","","","","","","","3","","1","","","","","2","1","","","3","","","",""
"35","71","","","7","1","","","4","12","","","","","","","","21","40","","7","47","79","","","","","","","","","","","","","","","","","","","","","3","","","1","","","","","","","8","","","",""
"86","72","","","1","","","","","3","","","","","","","","","","","","5","3","","","","","","","","","","2","","","","","1","","","","","3","","","","","","","","","","","29","","","",""
"136","73","","","","","","","","","","","","","","","","","","","2","5","","","","","","","","","","","2","","","","","","","","","","","","1","","","","","","","","","8","","","",""
"19","74","","","14","","","","","52","","","","","","","","","","","3","49","7","","","","","","","","","","","","","","","1","","","","","","","","","","","","","","","","11","","","",""
"137","75","","","","","","","","","","","","","","","","","67","","","8","4","","","","","","","","","","2","","","","","","","","","","","","","","","","","","","","","26","","","",""
"138","76","","","","","","","","2","","","","","","","","","","","","","","","","","","","","","","","","","","","","","","","","","","1","","","1","","","","","","","3","","","",""
"50","77","","","4","","","","","","","","","","","","","","","","15","5","2","","","","","","","","","","","","","","","","","","","","","2","1","","","","","","","","","4","","","4",""
"21","78","","","13","","","","","","","","","","","","","","67","446","6","17","2","","","","","","","","","","4","","","","","13","","","","","","2","1","","","","","","","","","9","","","",""
"9","79","","","25","","","","","","","","","","","","","","41","37","","19","1","","","","","","","","","","3","","","","","4","","","","","","2","","","","","","","","","","17","","","",""
"139","80","","","","","","","","","","","","","","","","","7","","17","9","","","","","","","","","","","","16","","","","","","","","","","5","","","","","","1","","","","39","","","",""
"87","81","","","1","","","","","","","","","","","","","","54","","28","7","1","","","","","","","","","","","3","","","","","","","","","","","","","","","","1","","","","18","","","",""
"60","82","","","3","","","","","","","","","","","","","","9","","17","32","3","","","","","","","","","","","4","","","","","","","","","","1","2","","","","","4","","","","38","","","",""
"88","83","","","1","","","","","","","","","","","","","","11","","12","5","","","","","","","","","","","","12","","","","","","","","","","","","","","","","","","","","42","","","",""
"44","84","","","5","","","","","55","","","","","","","","","32","","3","15","6","","","","","","","","","","","","","","","","","","","","3","","2","","","","","","","","","40","","","",""
"140","85","","","","","","","","5","","","","","","","","","9","","","22","15","","","","","","","","","","","","","","","","","","","","2","","12","","1","","","","","","","60","","","",""
"141","86","","","","","","","","6","","","","","","","","","","","","13","4","","","","","","","","","","","","","","","","","","","","","4","3","","","","","","","","","4","","","1",""
"142","87","","","","","","","","2","","","","","","","","","","","2","4","","","","","","","","","","","","","","","","","","","","","","1","","","","","","","","","","1","","","1","17"
"70","88","","","2","","","","","2","","","","","","","","","","","","21","8","","","","","","","","","","","","","","","","","","","","","1","1","","","","2","","","","","","","2","1","74"
"143","89","","","","","","","","13","","1","38","","1","","","1","38","","","5","2","","","","","","","","","","","","","","","","","","","","","","","","","","6","1","","","","1","","1","","18"
"34","90","","","8","","","","","3","","","","","","","","","","","2","4","9","2","","","","","","","","","","","","","","","","","","","1","","3","","","","1","","","","","16","","","2",""
"144","91","","","","","","2","","","","","14","","","","","","14","","","","","","","","","","","","","","","","","","","","","","","","","1","1","","","","1","","","","","1","","","1","110"
"145","92","","","","","","","","","","","","","","","","","","","1","4","18","","","","","","","","","","","","","","","","","","","","","","1","","","","","","","","","7","","","3","45"
"146","93","","","","","","","","8","","","","","","","","","","","","5","5","","","","","","","","","","","","","","","","","","","","2","","1","","","","3","","","","","17","","","1","18"
"89","94","","","1","","","","","6","","","","","","","","","","","","3","12","","","","","","","","","","","","","","","","","","","","","1","1","","","","","","","","","4","","","2","6"
"90","95","","","1","","","","","8","","","","","","","","","","","","5","18","","","","","","","","","","","","","","","","","","","","","1","","","","","2","","","","","3","","","1","17"
"147","96","","","","","","","","8","","","","","","","","","","","","2","28","","","","","","","","","","","","","","","","","","","","2","","3","","1","","","","","","","21","","","2","1"
"51","97","","","4","","","","","12","","","","","","","","","","","","3","10","","","","","","","","","","","","","","","","","","","","1","2","","","","","","","","","","25","","","1","3"
"52","98","","","4","","","","","2","","","","","","","","","","","6","18","21","2","","","","","","","","","1","","","","","","","","","","1","","1","","1","","","","","","","7","","","",""
"71","99","","","2","","","","1","5","","","","","","","","","","","","3","10","","","","","","","","","","","","","","","","","","","","1","1","1","","","","2","","","","","15","","","",""
"91","100","","2","1","","","","","1","","","","","","","","","2","","","9","13","","","","","","","","","","2","","","","","","","","","","3","3","","","","","3","2","","","","36","","","3",""
"148","101","","8","","","","","","8","","","","","","","","","","","","3","1","","","","","","","","","","","","","","","","1","","","","6","","4","","","","","","","","","3","","","",""
"149","102","","1","","","","","","4","","","","","","","","","5","","","5","46","","","","","","","","","","","","","","","","","","","","5","1","4","","","","","3","","","","138","","","5",""
"2","103","","","96","","","","","46","","","","","","","","","","","1","177","44","","","","","","","","","","5","","","","","","","","","","38","6","3","","1","","6","","","","","8","","","",""
"150","104","","","","","","","","","","","","","","","","","","","","15","","","","","","","","","","","18","","","","","2","","","","","","","6","","","","","","","","","17","","","",""
"104","105","","","0","","","","","4","","","2","","","","","","2","","","1","8","","","","","","","","","","","","","","","","","","","","1","","1","","","","1","","","","","2","","","","28"
"61","106","","","3","","","","","","","","","","","","","","17","6","","17","7","","","","","","","","","","60","","","","","92","","","","","","","1","","","","","","","","","51","","","",""
"36","107","","","7","","","","","","","","","","","","","","11","38","2","38","1","","","","","","","","","","32","","","","","4","","","","","12","","2","","","","1","","","","","8","","","",""
"14","108","","","19","","","","","39","","","","","","","","","","","6","62","27","","","","","","","","","","","","","","","","","","1","","4","","2","","2","","13","","","","","39","","","",""
"151","109","","","","","","","","","","","","","","","","","12","","20","43","","","","","","","","","","","1","16","","","","","","","","","","","1","","","","","","","","","31","","","",""
"92","110","","","1","","","","","","","","","","","","","","9","","12","11","1","","","","","","","","","","2","21","","","","","","","","","","","4","","","","2","","","","","25","","","",""
"152","111","","","","","","","","","","","","","","","","","3","","10","7","","","","","","","","","","","","7","","","","","","","","","","","","","","","1","","","","","28","","","",""
"93","112","","","1","","","","","55","","","","","","","","","11","","3","11","","","","","","","","","","","","","","","","","","","","","8","","1","","","","","","","","","17","","","",""
"153","113","","","","","","","","10","","","","","","","","","13","","19","12","2","","","","","","","","","","","12","","","","","","","","","","","6","","","","2","1","","","","18","","","",""
"154","114","","","","","","","","7","","","","","","","","","","","","17","1","","","","","","","","","","","","","","","","","","","","","","","","","","","","","","","4","","","3","9"
"155","115","","","","","","","","3","","","12","","","","","","12","","","","3","","","","","","","","","","","","","11","","","","","","","","1","","","","1","","","","","","8","","","2","32"
"156","116","","","","","","","","","","1","34","","","","","1","34","","","","","","","","","","","","","","","","","","79","","","","","6","","","2","","","3","","1","","","","","1","","1","422"
"157","117","","","","","","12","","","","","","","","","","4","","","","","","","","","","","","","","","","","","","","","","","","","","","1","","","","","","","","","17","","","","1"
"72","118","","","2","","","","","11","","","","","","","","13","1","","","14","","","","","","","","","","","","","","","","","","","","","","","","","","","","","","","","8","","","",""
"158","119","","","","","","18","","","","","","","","","","57","","","","","4","","","","","","","","","","","","","","","","","","","1","","","","","","","2","","","","","1","","","","30"
"159","120","","","","","","","","","","","","","","","","15","","","","","","","","","","","","","","","","","","","","","","","","","","1","32","","1","","1","","","","","","","","",""
"53","121","","","4","","","","","1","","","","","","","","","15","","2","9","3","","","","","","","","","","","","","","","","","","","1","","","2","","","","","","","","","1","","","1","5"
"160","122","","","","1","","","","14","","","281","","1","3","","8","15","","","","2","","","","","","","","","","","","","","","","","","","","","","","","","","","","","","","1","2","1","1","23"
"94","123","","","1","","","","","15","","","","","","","","","26","","1","5","13","","","","","","","","","","","","","","","","","","","","2","","1","","","","","","","","","2","2","1","1","28"
"161","124","","","","","","","","1","","","","","","","","","7","","","14","6","","","","","","","","","","","","","","","","","","","","1","3","9","","","","","","","","","25","","","1",""
"162","125","","","","","","","","3","","","","","","","","","20","","","14","7","","","","","","","","","","","","","","","","","","","","2","2","14","","","","","","","","","25","1","","14","1"
"163","126","","","","","","","","4","","","","","","","","","14","","","13","16","","","","","","","","","","","","","","","","","","","","","","3","","","","","","","","","25","","","",""
"164","127","","","","","","","","3","","","","","","","","","20","","1","11","4","","","","","","","","","","","","","","","1","","","","","","","7","","","","","","","","","1","","","","73"
"30","128","","","10","","","","","9","","","","","","","","","21","","14","9","16","1","","","","","","","","","","","","","","","5","","","","3","2","14","","","","","","","","","37","1","","4","1"
"165","129","","","","","","","1","1","","","","","","","","","9","","","3","9","","","","","","","","","","","","","","","","","","","","","4","1","","1","","","1","","","","3","","","5","2"
"54","130","","","4","","","","","9","","","","","","","","","26","","12","11","8","1","","","","","","","","","4","","","","","1","","","","","3","","5","","1","","","","","","","17","","","8","6"
"95","131","","","1","","","","","2","","","","","","","","","2","","2","14","12","","","","","","","","","","","","","","","","1","","","","3","1","4","","2","","","","","","","12","","","1",""
"166","132","","","","","","","","2","","","","","","","","2","","","","","22","","","","","","","","","1","","","","","","","","","","1","","","4","","","","","","","","","43","","","","78"
"45","133","","","5","","","","","56","","","","","","","","2","","","","11","27","","","","","","","","","","","4","","","","","1","","","7","","","2","","","2","","","50","","","1","","","",""
"167","134","","","","","","1","","","","","","","","","","1","","","","","2","","","","","","","","","","","","","","","","","","","","","","","","","","","","","","","47","","","9","6"
"168","135","","","","","","","1","3","","","","","","","","","9","","","1","4","","","","","","","","","","","","","","","","","","","","","","1","","","","1","","","","","2","","","",""
"169","136","","","","","","15","","1","","","","","","","","17","","","","","4","","","","","4","","","","","","","","","","","","","","","","","1","","","","","","","","","1","","","","75"
"170","137","","","","","","","","1","","","","","","","","","","","","","3","","","","","","","","","","","","","","","","","","","","","","1","","","","","","","","","8","","","",""
"171","138","","","","","","","","","","","","","","","","","39","","","","29","","","","","","","","","","","","","","","","2","","","1","","","1","","1","1","3","","11","","","51","","","",""
"172","139","","","","","","7","","15","","","","","","","","8","90","","","","5","","","","","","","","","1","","","","","","","1","","","","1","","","","","9","6","1","15","","","6","","","",""
"173","140","","","","","","","","3","","","","","","","","","43","","","2","18","","","","","","","","","","5","","","","","","","","","","","","10","","","","","","","","","4","","","","41"
"39","141","","","6","","","","","4","","","","","","","","","105","","2","6","38","","","","","","","","","","","","","","","","","","","","","","2","","","","","","","","","1","","","","26"
"174","142","","","","","","","","","","","","","","","","","51","","","5","48","","","","","","","","","","1","","","","","","","","","","12","4","9","","","","1","","","","","42","","","12","11"
"175","143","","","","","","","","9","","","","","","","","","21","","","10","17","","","","","","","","","","","","","","","","","","","","10","","3","","","","1","","","","","38","","","14","12"
"1","144","","","","","","","","3","","","","","","","","","27","","","6","3","","","","","","","","","","1","","","","","","","","","","5","3","","","","","2","","","","","11","","","1","2"
"55","145","","","4","","","","","5","","","","","","","","1","30","","5","","31","1","","","","","","","","","2","","","","","","1","","","","5","3","","","","","","","","","","30","","","1","5"
"176","146","","","","","","","","1","","","","","","","","","35","","","10","34","","","","","","","","","","","","","","","","","","","","6","4","7","","","","1","1","","","","42","","","",""
"177","147","","","","","","","","","","","","","","","","","4","","","3","10","","","","","","","","","","","","","","","","","","","","5","4","","","","","","","","","","52","","","",""
"40","148","","","6","","","","","1","","","","","","","","1","10","","2","3","9","","","","","","","","","","","","","","","","","","","","9","1","","","","","","","","","","44","","","1","1"
"178","149","","","","","","","","1","","","","","","","","","","","285","2","2","","","","","","","","","","","14","","","","","","","","","","","","","","","","","","","","","","","",""
"179","150","","","","","","","","61","","","","","","","","","2","","144","91","18","","","","","","","","","","","","","","","","","","","","","24","2","","","","","","","","","","","","",""
"180","151","","","","","","","","7","","","","","","","","","13","","","12","11","","","","","","","","","","","","","","","","","","","","1","2","2","","","","","","","","","","","","","36"
"181","152","","","","","","","1","","","","25","","","","","","53","","","2","16","","","","","","","","","","","","","","2","","","","","","","","","","","","1","","","","","","","","","4"
"17","153","","1","16","","","","2","1","","","","","","","","1","14","","7","49","56","","","","","","","","","","2","","","","","","3","","","","48","5","8","","1","","","","","","","19","","","4","3"
"96","154","","","1","","","","5","1","","","","","","","","","30","","","29","56","","1","1","","","","","","","4","","","","","","","","","","56","5","15","","","","1","","","","","3","","","2","5"
"62","155","","","3","","","3","1","24","","","","","","","","4","10","","3","9","9","","","","","","","","","","","","","","","","","","","","","","","","","","","","","","","38","","","1","9"
"182","156","","","","","","","1","","","","","","","","","","29","","13","13","2","","","","","","","","","","","2","","","","","","","","","","","41","","","","2","","","","13","1","","","",""
"97","157","","","1","","","","1","10","","","","","","","","","34","","4","6","","","","","","","","","","","","","","","","","","","","","1","2","3","","","","","","","","","2","","","",""
"183","158","","","","","","","","2","","","","","","","","","10","","1","1","","","","","","","","","","","8","","","","","","","","","","","","1","","","","1","","","","","6","","","",""
"98","159","","","1","","","","","1","","","","","","","","","13","","","6","2","","","","","","","","","","1","","","","","","","","","","","1","","","","","2","","","","","47","","","",""
"184","160","","1","","","","","","5","","","","","","","","","10","","1","3","","","","","","","","","","","","","","","","","","","","","","","","","","","","","","","","1","","","2","16"
"185","161","","","","","","","","","","","","","","","","","12","","9","10","3","","","","","","","","","","","","","","","5","","","","","2","","","","","","1","","","","","12","","","",""
"186","162","","","","","","","1","","","1","","","","","","7","13","","8","27","13","","","","","","","","","","","","","","","","","","","","1","1","6","","","","2","5","","","","60","","","",""
"187","163","","","","","","","","","","","","","","","","","149","","93","16","8","","","","","","","","","","1","","","","","1","","","","","1","","","","","","","","","","","7","","","",""
"188","164","","","","","","","","","","","","","","","","","31","","","29","1","","","","","","","","","10","","","","","","3","","","","","1","3","1","","","","","","","3","","","","","",""
"63","165","","","3","","","","","2","","","1","","","","","","19","","9","6","43","1","","","","","","","","","","","","","","","2","","","","3","4","7","","","","","","","","","94","","","4","87"
"8","166","","","33","","","","","23","","","","","","","","","8","","42","50","32","","","","","","","3","","","","","","","","","","","","","","4","2","","","","","","","","","30","","","4",""
"189","167","","","","","","3","","4","","","","","","","","12","8","","","3","5","","","","","","","","","","","","","","","","","","","","","1","","","","","","","","","","4","","","","1"
"190","168","","","","","","1","","1","","","","","","","","23","1","","","4","","","","","","","","","","","","","","","2","","","","","","","","","","","","","","","","","6","","","","1"
"99","169","","","1","","","","","5","","","","","","","","","66","","","55","62","","","","","","","","","","","","","","","","","","","","","","","","","","","","","","","6","","","",""
"22","170","","","13","","","","","7","","","","","","","","","19","","4","6","4","","","","","","","","","","1","","","","","","","","","","11","2","4","","2","","","1","","","","24","","","12","36"
"191","171","","","","","","","","","","","","","","","","","2","","","7","5","","","","","","","","","","","","","","","","","","","","","1","2","","","","","","","","","3","","","3","28"
"27","172","","","11","","","","","","","","","","","","","","20","","2","9","","","","","","","","","","","","","","","","","","","","","4","2","1","","","","","","","","","","","","","43"
"73","173","","","2","","","","","1","","","","","","","","","12","","","13","10","","","","","","","","","","1","","","","","","3","","","","3","4","5","","","","","","","","","9","","","3","16"
"192","174","","","","","","","","","","","","","","","","","11","","","10","14","","","","","","","","","","1","","","","","","","","","","","","27","","","","","","","","","27","","","",""
"193","175","","","","","","","","","","","","","","","","","21","","","13","1","","","","","","","","","","","","","","","","","","","","6","","8","","","","","","","","","2","","","","96"
"194","176","","","","","","","","6","","","","","","","","","7","","","6","2","","","","","","","","","","","","","","","","","","","","2","3","6","","","","","","","","","7","","","4","13"
"195","177","","","","","","","","2","","","","","","","","","6","","5","19","","","","","","","","","","","","","","","","","3","","","","5","2","1","","","","","1","","","","5","","","","2"
"74","178","","","2","","","","","2","","","","","","","","","2","","1","3","2","","","","","","","","","","","","","","","","6","","","","1","","","","","","","","","","","6","","","3","10"
"196","179","","","","","","","","","","","","","","","","","9","","","2","","","","","","","","","","","","","","","","","5","","","","14","3","13","","","","1","","","","","2","","","",""
"197","180","","","","","","","","","","","","","","","","","","","","","","","","","","1","","","1","","2","","","","","","","","","","5","","114","1","","","","2","","11","","","2","","",""
"198","181","","","","","","","","","","","","","","","6","","2","","","2","1","","","","","","","","","","1","","","","","","","","","","1","1","24","","","","2","","","17","","","5","","",""
"199","182","","","","","","","","","","","","","","","","","","","","","","","","","","","","","1","","3","","","","","","","","","","","","2","","","","","","","","","","","","",""
"200","183","","","","","","","","","","","","24","","","2","","","","","6","","","","","","3","","","","","10","","","","","","","","","","2","1","14","","","","","","","","","","","","",""
"201","184","","","","","","","","4","","","","","","","","","10","","","4","10","","","","","","","","","","","","","","","","2","","","","1","1","2","","","","","","","","","","","","","3"
"202","185","","","","","","","","1","","","39","","","","","4","50","","","","8","","","2","","","","","","","","","","","","","","","","","","","1","","","","","","","","","3","13","5","1","58"
"203","186","","","","","","10","","1","","","","","","","","9","","","","","1","","","","","","","","","","","","","","","","","","","2","","2","29","","2","1","","","6","","","9","","","",""
"204","187","","","","","","41","","1","","","","","","","","23","","","","","1","","","","","","","","","","","","","","","","","","","","","","2","","","","","","","","","1","","","","27"
"205","188","","","","","","","","6","","","","","","","","9","1","","","6","17","","","","","","","","","","","","","","","","","","","","","","1","","","","","1","","","","29","","","","19"
"206","189","","","","","","","2","3","","1","","","","","","6","14","","","5","9","","","","","","","","","","","","","","","","","","","","","","","","","","","","","","","1","","","","5"
"100","190","","","1","","","","","4","","","","","","","","6","","","","2","16","","","","","","","","","","","","","","","","","","","","","","","","","","","","","","","48","","","1","38"
"207","191","","","","","","","","2","","","","","","","","8","1","","","","15","","","","","","","","","","","","","","","","","","","","","1","","","","","","","","","","20","","","","12"
"208","192","","","","","","4","","1","","","","","","","","28","","","","","12","","","","","","","","","","","","","","","","","","","","","","","","","","","","","","","32","","","","4"
"209","193","","","","","","","","","","","","","","","","","20","","","11","21","","","","","","","","","","","","","","","","1","","","","1","2","","","3","","","","","","","12","1","","","25"
"210","194","","","","","","","","6","","","","","","","","","","","","6","7","","","","","","","","","","","","","","","","2","","","","9","","5","","","","","","","","","2","1","","","12"
"211","195","","","","","","","1","5","","1","","","","","","","","","","6","39","","","","","","","","","","","","","","","","1","","","","24","8","","","","","","1","","","","","12","","","8"
"75","196","","","2","","","","","","","","","","","","","","18","","","6","13","","","","","","","","","","","","","","","","","","","","8","2","4","","","","","","","","","14","","","4","36"
"101","197","","","1","","","","","2","","","2","","","","","","32","","1","6","5","1","","","","","","","","","","","","","","","","","","","5","","2","","1","","","","","","","9","","","","44"
"212","198","","16","","","","","","","","","","","","","","","1","","","7","20","","","","","1","","","","","2","","","","","","","","","","41","2","5","","1","1","","2","","","","30","","","2","6"
"213","199","","1","","","","","","2","","","","","","","","","3","","","16","12","","","","","","","","","","","","","","","","","","","","5","1","30","","","2","","7","","","","33","","","",""
"76","200","","11","2","","","","","3","","","","","","","","","7","","","5","55","","","","","","","","","","","","","","","","","","","","8","29","20","","","6","2","13","","","","47","","","",""
"64","201","","9","3","","","","","","","","","","","","","","19","","","3","7","","","","","","","","","","","","","","","","","","","","2","","2","","","5","","","","","","149","","","","3"
"214","202","","","","","","","","","","1","3","","","","","","12","","","7","9","","","","","","","","","","","","","","","","","","","","5","3","","","","","2","","","","","3","1","","4","62"
"215","203","","","","","","","","20","","2","1","","","","","","18","","","12","7","","","","","","","","","","","","","","","","","","","","","","","","","","","","","","","11","","","4","36"
"216","204","","","","","","","4","1","","1","","","","","","","26","","","11","29","","","","","","","","","","","","","","","","","","","","46","3","11","","","","","","","","","44","","","",""
"217","205","","3","","","","","","12","","","5","","","","","","25","","","5","20","","","","","","","","","","","","","","","","","","","","","","6","","","1","","","","","","1","","","2","123"
"218","206","","4","","","","2","1","3","","","17","","","","","","126","","","1","","","","","","","","","","","","","","83","19","","","","","","","","3","","1","1","","","","","","3","","2","","46"
"102","207","","","1","","","","","11","","1","","","","","","","32","","1","7","7","","","","","","","","","","","","","","","","","","","","","2","3","","","","","","","","","1","","","3","113"
"219","208","","3","","","","","","2","","","1","","","","","","31","","","","15","","","","","","","","","","","","","","","","","","","","","3","3","1","","","","","","","","3","","","3","117"
"220","209","","","","","","","","","","","","","","","","1","363","","","","","","","","","","","","","","","","","","","","","","","","","","","","","","","","","","","20","","","",""
"221","210","","","","","","","","5","","","","","","","","","214","","","3","","","","","","","","","","","","","","","","","","","","","","","","","","","","","","","","3","","","","1"
"103","211","","","1","","","","","86","","","","","","","","","16","","","52","42","","","","","","","","","","","","","","","","","","","","","2","2","","1","","1","","","","","30","","","",""
"222","212","","","","","","","","8","","","","","","","","62","510","","5","27","32","","","","","","","","","","","","","","","","","","","","10","3","11","","","","","","","","","53","","","",""
"223","213","","","","","","","","13","","","","","","","","20","356","","","29","22","","","","","","","","","","","","","","","","","","","","","","","","","","","","","","","67","","","",""
"224","214","","","","","","","","107","","1","","","","","","16","194","","42","80","20","","","","","","","","","","","","","","","","","","","","","2","6","","","","1","","","","","97","","","",""
"225","215","","","","","","","","115","","","","","","","","","46","","11","8","6","","","","","","","","","","","","","","","","","","","","","","","","","","","","9","","","110","","","",""
"226","216","","","","","","","9","19","","","","","","","","3","373","","3","7","14","","","","","","","","","1","","","","","","","","","","","","","2","","","","","","","","","141","","","",""
"28","217","","","11","","","","1","42","","","","","","","","13","11","","","21","1","","","","","1","","","","","","","","","","","","","","17","7","9","24","","1","","7","","","","","13","","","",""
"46","218","","","5","","","","","150","39","","","","","","","9","","","","","1","","","","","","","1","","","","","","","","","","","","","","24","9","","1","","4","","","","","4","","","",""
"41","219","","","6","","","","","1","","","","","","","","","3","","","32","1","","","","","","","","","","","","","","","","","","","1","","","13","","","","","","","","","10","","","",""
"227","220","","","","","","","","3","","","","","","","","28","5","","","4","4","","","","","","","","","","","","","","","","","","","12","","9","49","","","","10","","","","","","","","",""
"10","221","","","24","","","","","76","","","","","","","","6","2","","","43","6","","","","","","","2","","","","","","","","","","","","","","","1","","","","9","","","","","49","","","",""
"7","222","","","38","","","","3","131","","","","","","","","","2","","","4","","","","","","","","1","","","","","","","","","","","","3","","","","","","","5","","","","","12","","","",""
"228","223","","","","","","","","","","","","","","","","","","","","6","","","","","","","","","2","","3","","","","","","","","","","","","","","","","","","","1","","","","","",""
"229","224","","","","","","","","","","","","","","","","","52","","83","55","","","","","","","","","","","","","","","","","","","","","1","9","","","","","","","","","","","","","",""
"3","225","","","92","","","","","14","","","","","","","","1","3","","","95","7","","","","","","","","","","","","","","","","","","","","4","","10","","","","","","","","","25","","","13",""
"11","226","","","24","","","","","51","","","","","","","","","26","","19","34","21","","","","","","","","","","","","","","","","","","","","1","2","5","","","","","","","","","43","","","4",""
"77","227","","","2","","","","","2","","","","","","","","","9","","79","120","16","","","","","","","","","","","","","","","5","","","","","7","","","","","","","","","","","","","","",""
"5","228","","","47","","","","","5","","","","","","","","","21","1","211","48","35","","","","","","","","","","","","","","","","","","","","2","","","","","","","","","","","","","","",""
"230","229","","","","","","","","6","","","","","","","","","216","","","66","22","","","","","","","","","","","","","","","","","","","","6","","","","","","1","","","","","","","","",""
"56","230","","","4","","","","1","26","","","","","","","","3","4","","1","","4","","","","","","","","","1","","","","","","","","","","4","","1","3","","","","3","","","","","8","","","7",""
"231","231","","","","","","","","15","","","","","","","","","16","","127","48","5","","","","","","","","","","","","","","","","","","","","1","3","3","","","","","","","","","","","","",""
"232","232","","","","","","","","","","","","","","","","18","66","","","","1","","","","","","","","","","","","","","","","","","","","","","","","","","","","","","","1","","","","3"
"233","233","","","","","","","","22","","","","","","","","5","","","","1","12","","","","","","","","","","","","","","","","","","","2","","","1","","","","","","","","","79","","","11",""
