"ID","FieldID","SampleDate","Primary ID","Length in cm","Quantity"
"534","Fowl1","2014-05-16 00:00:00","Fathead minnow","4","11"
"535","Fowl1","2014-05-16 00:00:00","Fathead minnow","4.5","13"
"536","Fowl1","2014-05-16 00:00:00","Fathead minnow","5","24"
"537","Fowl1","2014-05-16 00:00:00","Fathead minnow","5.5","9"
"538","Fowl1","2014-05-16 00:00:00","Fathead minnow","6","4"
"539","Fowl1","2014-05-16 00:00:00","Fathead minnow","6.5","4"
"540","Fowl1","2014-05-16 00:00:00","Fathead minnow","7","1"
"541","Fowl1","2014-05-16 00:00:00","Fathead minnow","7.5","1"
"542","Fowl1","2014-05-16 00:00:00","Northern redbelly dace","3","1"
"543","Fowl1","2014-05-16 00:00:00","Northern redbelly dace","3.5","35"
"544","Fowl1","2014-05-16 00:00:00","Northern redbelly dace","4","84"
"545","Fowl1","2014-05-16 00:00:00","Northern redbelly dace","4.5","203"
"546","Fowl1","2014-05-16 00:00:00","Northern redbelly dace","5","106"
"547","Fowl1","2014-05-16 00:00:00","Northern redbelly dace","5.5","16"
"548","Fowl1","2014-05-16 00:00:00","Northern redbelly dace","6","1"
"549","Fowl1","2014-05-16 00:00:00","Blacknose dace","4","1"
"550","Fowl1","2014-05-16 00:00:00","Blacknose dace","5","1"
"551","Fowl1","2014-05-16 00:00:00","Blacknose dace","6","1"
"552","Fowl1","2014-05-16 00:00:00","Blacknose dace","6.5","2"
"553","Fowl1","2014-05-16 00:00:00","Blacknose dace","7.5","1"
"554","Fowl1","2014-05-16 00:00:00","Creek chub","3.5","1"
"555","Fowl1","2014-05-16 00:00:00","Creek chub","4","3"
"556","Fowl1","2014-05-16 00:00:00","Creek chub","4.5","2"
"557","Fowl1","2014-05-16 00:00:00","Creek chub","5","5"
"558","Fowl1","2014-05-16 00:00:00","Creek chub","5.5","1"
"559","Fowl1","2014-05-16 00:00:00","Creek chub","6","2"
"560","Fowl1","2014-05-16 00:00:00","White sucker","5.5","1"
"561","Fowl1","2014-05-16 00:00:00","White sucker","6.5","1"
"562","Fowl1","2014-05-16 00:00:00","Central mudminnow","5.5","1"
"563","Fowl1","2014-05-16 00:00:00","Central mudminnow","6","3"
"564","Fowl1","2014-05-16 00:00:00","Brook stickleback","4","3"
"565","Fowl1","2014-05-16 00:00:00","Brook stickleback","4.5","3"
"566","Fowl1","2014-05-16 00:00:00","Brook stickleback","5","4"
"567","Fowl1","2014-05-16 00:00:00","Brook stickleback","5.5","3"
"568","Fowl1","2014-05-16 00:00:00","Pumpkinseed","5","2"
"569","Fowl1","2014-05-16 00:00:00","Bluegill","4.5","1"
"570","Fowl1","2014-05-16 00:00:00","Johnny darter","3.5","2"
"571","Fowl1","2014-05-16 00:00:00","Johnny darter","4","4"
"572","Fowl1","2014-05-16 00:00:00","Johnny darter","4.5","3"
"573","Fowl1","2014-05-16 00:00:00","Creek chub","15","1"
"574","Fowl1","2014-05-16 00:00:00","Creek chub","17","1"
"575","Fowl1","2014-05-16 00:00:00","Creek chub","18","1"
"576","Fowl1","2013-05-10 00:00:00","Central stoneroller","4","5"
"577","Fowl1","2013-05-10 00:00:00","Central stoneroller","4.5","2"
"578","Fowl1","2013-05-10 00:00:00","Central stoneroller","5","1"
"579","Fowl1","2013-05-10 00:00:00","Central stoneroller","6","2"
"580","Fowl1","2013-05-10 00:00:00","Central stoneroller","6.5","1"
"581","Fowl1","2013-05-10 00:00:00","Central stoneroller","8","1"
"582","Fowl1","2013-05-10 00:00:00","Fathead minnow","3","1"
"583","Fowl1","2013-05-10 00:00:00","Fathead minnow","3.5","2"
"584","Fowl1","2013-05-10 00:00:00","Fathead minnow","4","5"
"585","Fowl1","2013-05-10 00:00:00","Fathead minnow","4.5","2"
"586","Fowl1","2013-05-10 00:00:00","Fathead minnow","5","7"
"587","Fowl1","2013-05-10 00:00:00","Fathead minnow","5.5","6"
"588","Fowl1","2013-05-10 00:00:00","Fathead minnow","6","11"
"589","Fowl1","2013-05-10 00:00:00","Fathead minnow","6.5","7"
"590","Fowl1","2013-05-10 00:00:00","Fathead minnow","7","2"
"591","Fowl1","2013-05-10 00:00:00","Northern redbelly dace","5","2"
"592","Fowl1","2013-05-10 00:00:00","Northern redbelly dace","5.5","1"
"593","Fowl1","2013-05-10 00:00:00","Blacknose dace","3","1"
"594","Fowl1","2013-05-10 00:00:00","Blacknose dace","3.5","2"
"595","Fowl1","2013-05-10 00:00:00","Blacknose dace","4","2"
"596","Fowl1","2013-05-10 00:00:00","Blacknose dace","4.5","1"
"597","Fowl1","2013-05-10 00:00:00","Blacknose dace","5.5","3"
"598","Fowl1","2013-05-10 00:00:00","Blacknose dace","6","2"
"599","Fowl1","2013-05-10 00:00:00","Blacknose dace","6.5","1"
"600","Fowl1","2013-05-10 00:00:00","Blacknose dace","7","2"
"601","Fowl1","2013-05-10 00:00:00","Creek chub","3","1"
"602","Fowl1","2013-05-10 00:00:00","Creek chub","3.5","4"
"603","Fowl1","2013-05-10 00:00:00","Creek chub","4","6"
"604","Fowl1","2013-05-10 00:00:00","Creek chub","4.5","6"
"605","Fowl1","2013-05-10 00:00:00","Creek chub","5","3"
"606","Fowl1","2013-05-10 00:00:00","Creek chub","5.5","4"
"607","Fowl1","2013-05-10 00:00:00","Creek chub","6","1"
"608","Fowl1","2013-05-10 00:00:00","Creek chub","6.5","1"
"609","Fowl1","2013-05-10 00:00:00","Creek chub","7","1"
"610","Fowl1","2013-05-10 00:00:00","Creek chub","10","1"
"611","Fowl1","2013-05-10 00:00:00","Central mudminnow","5.5","1"
"612","Fowl1","2013-05-10 00:00:00","Green sunfish","5.5","1"
"613","Fowl1","2013-05-10 00:00:00","Brook stickleback","5","1"
"614","Fowl1","2013-05-10 00:00:00","Bluegill","4.5","1"
"615","Fowl1","2013-05-10 00:00:00","Bluegill","5.5","1"
"616","Fowl1","2013-05-10 00:00:00","Johnny darter","3","1"
"617","Fowl1","2013-05-10 00:00:00","Johnny darter","3.5","2"
"618","Fowl1","2013-05-10 00:00:00","Johnny darter","4","5"
"619","Fowl1","2013-05-10 00:00:00","Johnny darter","4.5","3"
"620","Fowl1","2013-05-10 00:00:00","Johnny darter","5","2"
"621","Fowl1","2013-05-10 00:00:00","Johnny darter","6","1"
"622","Fowl1","2014-09-05 00:00:00","Central stoneroller","5.5","2"
"623","Fowl1","2014-09-05 00:00:00","Central stoneroller","6","4"
"624","Fowl1","2014-09-05 00:00:00","Central stoneroller","6.5","1"
"625","Fowl1","2014-09-05 00:00:00","Fathead minnow","4.5","1"
"626","Fowl1","2014-09-05 00:00:00","Fathead minnow","5","1"
"627","Fowl1","2014-09-05 00:00:00","Fathead minnow","5.5","2"
"628","Fowl1","2014-09-05 00:00:00","Fathead minnow","6","1"
"629","Fowl1","2014-09-05 00:00:00","Fathead minnow","6.5","4"
"630","Fowl1","2014-09-05 00:00:00","Fathead minnow","7","2"
"631","Fowl1","2014-09-05 00:00:00","Northern redbelly dace","3","2"
"632","Fowl1","2014-09-05 00:00:00","Northern redbelly dace","3.5","4"
"633","Fowl1","2014-09-05 00:00:00","Northern redbelly dace","4","15"
"634","Fowl1","2014-09-05 00:00:00","Northern redbelly dace","4.5","13"
"635","Fowl1","2014-09-05 00:00:00","Northern redbelly dace","5","4"
"636","Fowl1","2014-09-05 00:00:00","Blacknose dace","6","2"
"637","Fowl1","2014-09-05 00:00:00","Creek chub","5","1"
"638","Fowl1","2014-09-05 00:00:00","Creek chub","5.5","5"
"639","Fowl1","2014-09-05 00:00:00","Creek chub","6","6"
"640","Fowl1","2014-09-05 00:00:00","Creek chub","6.5","5"
"641","Fowl1","2014-09-05 00:00:00","Creek chub","7","4"
"642","Fowl1","2014-09-05 00:00:00","Creek chub","7.5","2"
"643","Fowl1","2014-09-05 00:00:00","Creek chub","8","2"
"644","Fowl1","2014-09-05 00:00:00","Creek chub","8.5","1"
"645","Fowl1","2014-09-05 00:00:00","Creek chub","9","5"
"646","Fowl1","2014-09-05 00:00:00","Creek chub","9.5","2"
"647","Fowl1","2014-09-05 00:00:00","Creek chub","10.5","2"
"648","Fowl1","2014-09-05 00:00:00","Creek chub","11","1"
"649","Fowl1","2014-09-05 00:00:00","Creek chub","14","1"
"650","Fowl1","2014-09-05 00:00:00","Creek chub","18","1"
"651","Fowl1","2014-09-05 00:00:00","White sucker","9.5","1"
"652","Fowl1","2014-09-05 00:00:00","Central mudminnow","6","4"
"653","Fowl1","2014-09-05 00:00:00","Central mudminnow","6.5","3"
"654","Fowl1","2014-09-05 00:00:00","Central mudminnow","7","5"
"655","Fowl1","2014-09-05 00:00:00","Central mudminnow","7.5","5"
"656","Fowl1","2014-09-05 00:00:00","Central mudminnow","8","4"
"657","Fowl1","2014-09-05 00:00:00","Central mudminnow","8.5","4"
"658","Fowl1","2014-09-05 00:00:00","Central mudminnow","9","4"
"659","Fowl1","2014-09-05 00:00:00","Central mudminnow","10","1"
"660","Fowl1","2014-09-05 00:00:00","Central mudminnow","10.5","1"
"661","Fowl1","2014-09-05 00:00:00","Brook silverside","3","2"
"662","Fowl1","2014-09-05 00:00:00","Brook silverside","3.5","2"
"663","Fowl1","2014-09-05 00:00:00","Green sunfish","4","1"
"664","Fowl1","2014-09-05 00:00:00","Green sunfish","4.5","2"
"665","Fowl1","2014-09-05 00:00:00","Green sunfish","5","1"
"666","Fowl1","2014-09-05 00:00:00","Green sunfish","5.5","2"
"667","Fowl1","2014-09-05 00:00:00","Green sunfish","6.5","2"
"668","Fowl1","2014-09-05 00:00:00","Green sunfish","7.5","4"
"669","Fowl1","2014-09-05 00:00:00","Bluegill","4.5","1"
"670","Fowl1","2014-09-05 00:00:00","Bluegill","5.5","1"
"671","Fowl1","2014-09-05 00:00:00","Largemouth bass","9.5","1"
"672","Fowl1","2014-09-05 00:00:00","Johnny darter","4.5","3"
"673","Fowl1","2014-09-05 00:00:00","Johnny darter","5","3"
"674","Fowl1","2014-09-05 00:00:00","Johnny darter","5.5","1"
"675","Fowl1","2014-09-05 00:00:00","Johnny darter","6","1"
"677","Fowl1","2014-09-05 00:00:00","Central mudminnow","3","1"
"678","Fowl1","2013-09-20 00:00:00","Fathead minnow","3.5","1"
"679","Fowl1","2013-09-20 00:00:00","Fathead minnow","4","3"
"680","Fowl1","2013-09-20 00:00:00","Fathead minnow","4.5","2"
"681","Fowl1","2013-09-20 00:00:00","Fathead minnow","5","4"
"682","Fowl1","2013-09-20 00:00:00","Fathead minnow","5.5","1"
"683","Fowl1","2013-09-20 00:00:00","Fathead minnow","6","2"
"684","Fowl1","2013-09-20 00:00:00","Northern redbelly dace","6.5","1"
"685","Fowl1","2013-09-20 00:00:00","Blacknose dace","5","1"
"686","Fowl1","2013-09-20 00:00:00","Blacknose dace","5.5","1"
"687","Fowl1","2013-09-20 00:00:00","Blacknose dace","6.5","1"
"688","Fowl1","2013-09-20 00:00:00","Creek chub","3","16"
"689","Fowl1","2013-09-20 00:00:00","Creek chub","4.5","1"
"690","Fowl1","2013-09-20 00:00:00","Creek chub","6","1"
"691","Fowl1","2013-09-20 00:00:00","Creek chub","6.5","1"
"692","Fowl1","2013-09-20 00:00:00","Creek chub","7","1"
"693","Fowl1","2013-09-20 00:00:00","Creek chub","7.5","2"
"694","Fowl1","2013-09-20 00:00:00","Creek chub","8","5"
"695","Fowl1","2013-09-20 00:00:00","Creek chub","8.5","1"
"696","Fowl1","2013-09-20 00:00:00","Creek chub","9","1"
"697","Fowl1","2013-09-20 00:00:00","Creek chub","9.5","1"
"698","Fowl1","2013-09-20 00:00:00","Creek chub","10","1"
"699","Fowl1","2013-09-20 00:00:00","Creek chub","10.5","1"
"700","Fowl1","2013-09-20 00:00:00","Creek chub","11","1"
"701","Fowl1","2013-09-20 00:00:00","Creek chub","12","1"
"702","Fowl1","2013-09-20 00:00:00","Creek chub","13","2"
"703","Fowl1","2013-09-20 00:00:00","Creek chub","18","1"
"704","Fowl1","2013-09-20 00:00:00","White sucker","5.5","2"
"705","Fowl1","2013-09-20 00:00:00","White sucker","7","1"
"706","Fowl1","2013-09-20 00:00:00","Brown bullhead","10","1"
"707","Fowl1","2013-09-20 00:00:00","Brown bullhead","10.5","1"
"708","Fowl1","2013-09-20 00:00:00","Brown bullhead","11","1"
"709","Fowl1","2013-09-20 00:00:00","Brown bullhead","12","1"
"710","Fowl1","2013-09-20 00:00:00","Brown bullhead","13.5","1"
"711","Fowl1","2013-09-20 00:00:00","Central mudminnow","5","1"
"712","Fowl1","2013-09-20 00:00:00","Central mudminnow","5.5","1"
"713","Fowl1","2013-09-20 00:00:00","Central mudminnow","6","7"
"714","Fowl1","2013-09-20 00:00:00","Central mudminnow","6.5","7"
"715","Fowl1","2013-09-20 00:00:00","Central mudminnow","7","4"
"716","Fowl1","2013-09-20 00:00:00","Central mudminnow","7.5","1"
"717","Fowl1","2013-09-20 00:00:00","Central mudminnow","8","1"
"718","Fowl1","2013-09-20 00:00:00","Central mudminnow","9.5","1"
"719","Fowl1","2013-09-20 00:00:00","Brook stickleback","4","1"
"720","Fowl1","2013-09-20 00:00:00","Green sunfish","6.5","1"
"721","Fowl1","2013-09-20 00:00:00","Green sunfish","10.5","2"
"722","Fowl1","2013-09-20 00:00:00","Bluegill","3","4"
"723","Fowl1","2013-09-20 00:00:00","Bluegill","3.5","3"
"724","Fowl1","2013-09-20 00:00:00","Bluegill","4","2"
"725","Fowl1","2013-09-20 00:00:00","Bluegill","4.5","1"
"726","Fowl1","2013-09-20 00:00:00","Bluegill","5","2"
"727","Fowl1","2013-09-20 00:00:00","Bluegill","5.5","1"
"728","Fowl1","2013-09-20 00:00:00","Bluegill","6","3"
"729","Fowl1","2013-09-20 00:00:00","Bluegill","7.5","1"
"730","Fowl1","2013-09-20 00:00:00","Johnny darter","3","1"
"731","Fowl1","2013-09-20 00:00:00","Johnny darter","3.5","1"
"732","Fowl1","2013-09-20 00:00:00","Johnny darter","4.5","1"
"733","Fowl1","2013-09-20 00:00:00","Johnny darter","5","1"
"734","Fowl1","2013-09-20 00:00:00","Johnny darter","5.5","5"
"735","Fowl1","2013-09-20 00:00:00","Johnny darter","6","2"
"736","Fowl1","2013-09-20 00:00:00","Johnny darter","6.5","1"
"738","Fowl2","2016-08-22 00:00:00","Gizzard shad","6","1"
"739","Fowl2","2016-08-22 00:00:00","Gizzard shad","6.5","1"
"740","Fowl2","2016-08-22 00:00:00","Gizzard shad","9","4"
"741","Fowl2","2016-08-22 00:00:00","Gizzard shad","9.5","3"
"742","Fowl2","2016-08-22 00:00:00","Gizzard shad","10","5"
"743","Fowl2","2016-08-22 00:00:00","Gizzard shad","11","1"
"744","Fowl2","2016-08-22 00:00:00","Gizzard shad","19","1"
"745","Fowl2","2016-08-22 00:00:00","Fathead minnow","6","1"
"746","Fowl2","2016-08-22 00:00:00","Creek chub","9","1"
"747","Fowl2","2016-08-22 00:00:00","Creek chub","10","1"
"748","Fowl2","2016-08-22 00:00:00","Creek chub","10.5","1"
"749","Fowl2","2016-08-22 00:00:00","Creek chub","11","2"
"750","Fowl2","2016-08-22 00:00:00","Creek chub","11.5","1"
"751","Fowl2","2016-08-22 00:00:00","Creek chub","19","1"
"752","Fowl2","2016-08-22 00:00:00","White sucker","5","2"
"753","Fowl2","2016-08-22 00:00:00","White sucker","6","2"
"754","Fowl2","2016-08-22 00:00:00","White sucker","6.5","1"
"755","Fowl2","2016-08-22 00:00:00","White sucker","7","2"
"756","Fowl2","2016-08-22 00:00:00","White sucker","9","1"
"757","Fowl2","2016-08-22 00:00:00","White sucker","10.5","1"
"758","Fowl2","2016-08-22 00:00:00","White sucker","11","2"
"759","Fowl2","2016-08-22 00:00:00","White sucker","11.5","1"
"760","Fowl2","2016-08-22 00:00:00","White sucker","12","3"
"761","Fowl2","2016-08-22 00:00:00","White sucker","12.5","1"
"762","Fowl2","2016-08-22 00:00:00","White sucker","13","1"
"763","Fowl2","2016-08-22 00:00:00","White sucker","14","1"
"764","Fowl2","2016-08-22 00:00:00","White sucker","14.5","2"
"765","Fowl2","2016-08-22 00:00:00","Yellow bullhead","20","1"
"766","Fowl2","2016-08-22 00:00:00","Central mudminnow","6","1"
"767","Fowl2","2016-08-22 00:00:00","Central mudminnow","7","1"
"768","Fowl2","2016-08-22 00:00:00","Green sunfish","5.5","3"
"769","Fowl2","2016-08-22 00:00:00","Green sunfish","6","4"
"770","Fowl2","2016-08-22 00:00:00","Green sunfish","6.5","4"
"771","Fowl2","2016-08-22 00:00:00","Green sunfish","7","13"
"772","Fowl2","2016-08-22 00:00:00","Green sunfish","7.5","2"
"773","Fowl2","2016-08-22 00:00:00","Green sunfish","8","3"
"774","Fowl2","2016-08-22 00:00:00","Green sunfish","8.5","3"
"775","Fowl2","2016-08-22 00:00:00","Green sunfish","9","5"
"776","Fowl2","2016-08-22 00:00:00","Green sunfish","9.5","1"
"777","Fowl2","2016-08-22 00:00:00","Green sunfish","10","2"
"778","Fowl2","2016-08-22 00:00:00","Green sunfish","13","1"
"779","Fowl2","2016-08-22 00:00:00","Pumpkinseed","7","1"
"780","Fowl2","2016-08-22 00:00:00","Pumpkinseed","9","1"
"781","Fowl2","2016-08-22 00:00:00","Bluegill","4","1"
"782","Fowl2","2016-08-22 00:00:00","Bluegill","5","1"
"783","Fowl2","2016-08-22 00:00:00","Bluegill","6.5","1"
"784","Fowl2","2016-08-22 00:00:00","Bluegill","9","1"
"785","Fowl2","2016-08-22 00:00:00","Bluegill","13.5","1"
"786","Fowl2","2016-08-22 00:00:00","Sunfish hybrid","16","1"
"787","Fowl2","2016-08-22 00:00:00","Smallmouth bass","5","1"
"788","Fowl2","2016-08-22 00:00:00","Black crappie","4","1"
"789","Fowl2","2016-08-22 00:00:00","Black crappie","5","1"
"790","Fowl2","2016-08-22 00:00:00","Johnny darter","3.5","2"
"791","Fowl2","2016-08-22 00:00:00","Johnny darter","4","7"
"792","Fowl2","2016-08-22 00:00:00","Johnny darter","4.5","6"
"793","Fowl2","2016-08-22 00:00:00","Johnny darter","5.5","3"
"794","Fowl2","2016-08-22 00:00:00","Johnny darter","6","1"
"795","Fowl2","2016-08-22 00:00:00","Johnny darter","6.5","9"
"796","Fowl2","2016-08-22 00:00:00","Johnny darter","7","2"
"797","Fowl2","2016-08-22 00:00:00","Blackside darter","7.5","1"
"798","Fowl2","2016-08-22 00:00:00","Blackside darter","8.5","1"
"799","Fowl2","2016-08-22 00:00:00","Round goby","5","1"
"800","Fowl2","2016-08-22 00:00:00","Round goby","6","1"
"801","Fowl2","2016-08-22 00:00:00","Round goby","9","1"
"802","Fowl2","2016-08-22 00:00:00","Round goby","10","2"
"803","Fowl2","2016-08-22 00:00:00","Round goby","10.5","1"
"804","Fowl2","2014-05-03 00:00:00","Fathead minnow","4.5","10"
"805","Fowl2","2014-05-03 00:00:00","Fathead minnow","5","14"
"806","Fowl2","2014-05-03 00:00:00","Fathead minnow","5.5","16"
"807","Fowl2","2014-05-03 00:00:00","Fathead minnow","6","17"
"808","Fowl2","2014-05-03 00:00:00","Fathead minnow","6.5","6"
"809","Fowl2","2014-05-03 00:00:00","Fathead minnow","7","4"
"810","Fowl2","2014-05-03 00:00:00","Creek chub","5.5","1"
"811","Fowl2","2014-05-03 00:00:00","Creek chub","6","2"
"812","Fowl2","2014-05-03 00:00:00","Creek chub","6.5","2"
"813","Fowl2","2014-05-03 00:00:00","Creek chub","7","2"
"814","Fowl2","2014-05-03 00:00:00","Creek chub","12","1"
"815","Fowl2","2014-05-03 00:00:00","White sucker","5","1"
"816","Fowl2","2014-05-03 00:00:00","White sucker","6.5","2"
"817","Fowl2","2014-05-03 00:00:00","White sucker","7","1"
"818","Fowl2","2014-05-03 00:00:00","Central mudminnow","4","1"
"819","Fowl2","2014-05-03 00:00:00","Central mudminnow","4.5","1"
"820","Fowl2","2014-05-03 00:00:00","Johnny darter","4","6"
"821","Fowl2","2014-05-03 00:00:00","Johnny darter","4.5","9"
"822","Fowl2","2014-05-03 00:00:00","Johnny darter","5","4"
"823","Fowl2","2014-05-03 00:00:00","Johnny darter","5.5","4"
"824","Fowl2","2014-05-03 00:00:00","Johnny darter","6","3"
"825","Fowl2","2013-05-10 00:00:00","Central stoneroller","12","1"
"826","Fowl2","2013-05-10 00:00:00","Common shiner","7.5","1"
"827","Fowl2","2013-05-10 00:00:00","Common shiner","8","1"
"828","Fowl2","2013-05-10 00:00:00","Common shiner","9","1"
"829","Fowl2","2013-05-10 00:00:00","Fathead minnow","3","5"
"1","Up2","2012-05-22 00:00:00","Central stoneroller","9","2"
"2","Up2","2012-05-22 00:00:00","Central stoneroller","10","4"
"3","Up2","2012-05-22 00:00:00","Central stoneroller","11.5","2"
"4","Up2","2012-05-22 00:00:00","Central stoneroller","13","1"
"5","Up2","2012-05-22 00:00:00","Central stoneroller","17","1"
"6","Up2","2012-05-22 00:00:00","Common shiner","3","1"
"7","Up2","2012-05-22 00:00:00","Common shiner","5","2"
"8","Up2","2012-05-22 00:00:00","Common shiner","5.5","4"
"9","Up2","2012-05-22 00:00:00","Common shiner","6","1"
"10","Up2","2012-05-22 00:00:00","Common shiner","6.5","5"
"11","Up2","2012-05-22 00:00:00","Common shiner","7","2"
"12","Up2","2012-05-22 00:00:00","Common shiner","7.5","1"
"13","Up2","2012-05-22 00:00:00","Common shiner","8","2"
"14","Up2","2012-05-22 00:00:00","Common shiner","9","9"
"15","Up2","2012-05-22 00:00:00","Common shiner","9.5","3"
"16","Up2","2012-05-22 00:00:00","Common shiner","10","7"
"17","Up2","2012-05-22 00:00:00","Common shiner","10.5","1"
"18","Up2","2012-05-22 00:00:00","Common shiner","12.5","1"
"19","Up2","2012-05-22 00:00:00","Fathead minnow","4.5","2"
"20","Up2","2012-05-22 00:00:00","Fathead minnow","5","1"
"21","Up2","2012-05-22 00:00:00","Fathead minnow","6","2"
"22","Up2","2012-05-22 00:00:00","Fathead minnow","6.5","2"
"23","Up2","2012-05-22 00:00:00","Blacknose dace","4","1"
"24","Up2","2012-05-22 00:00:00","Blacknose dace","4.5","1"
"25","Up2","2012-05-22 00:00:00","Blacknose dace","5","1"
"26","Up2","2012-05-22 00:00:00","Blacknose dace","5.5","3"
"27","Up2","2012-05-22 00:00:00","Blacknose dace","6.5","6"
"28","Up2","2012-05-22 00:00:00","Blacknose dace","7.5","3"
"29","Up2","2012-05-22 00:00:00","Blacknose dace","8","2"
"30","Up2","2012-05-22 00:00:00","Blacknose dace","8.5","1"
"31","Up2","2012-05-22 00:00:00","Blackside darter","10","1"
"32","Up2","2012-05-22 00:00:00","Creek chub","5","1"
"33","Up2","2012-05-22 00:00:00","Creek chub","5.5","5"
"34","Up2","2012-05-22 00:00:00","Creek chub","6","2"
"35","Up2","2012-05-22 00:00:00","Creek chub","6.5","8"
"36","Up2","2012-05-22 00:00:00","Creek chub","7","1"
"37","Up2","2012-05-22 00:00:00","Creek chub","7.5","1"
"38","Up2","2012-05-22 00:00:00","Creek chub","8","1"
"39","Up2","2012-05-22 00:00:00","Creek chub","10","1"
"40","Up2","2012-05-22 00:00:00","Creek chub","12","1"
"41","Up2","2012-05-22 00:00:00","Creek chub","12.5","1"
"42","Up2","2012-05-22 00:00:00","Creek chub","16","1"
"43","Up2","2012-05-22 00:00:00","White sucker","8.5","1"
"44","Up2","2012-05-22 00:00:00","White sucker","10.5","1"
"45","Up2","2012-05-22 00:00:00","White sucker","11","1"
"46","Up2","2012-05-22 00:00:00","White sucker","18","1"
"47","Up2","2012-05-22 00:00:00","White sucker","25","1"
"48","Up2","2012-05-22 00:00:00","Northern hog sucker","6.5","2"
"49","Up2","2012-05-22 00:00:00","Northern hog sucker","7","1"
"50","Up2","2012-05-22 00:00:00","Northern hog sucker","7.5","2"
"51","Up2","2012-05-22 00:00:00","Northern hog sucker","8","2"
"52","Up2","2012-05-22 00:00:00","Northern hog sucker","28","1"
"53","Up2","2012-05-22 00:00:00","Mottled sculpin","5.5","2"
"54","Up2","2012-05-22 00:00:00","Mottled sculpin","6","1"
"55","Up2","2012-05-22 00:00:00","Mottled sculpin","6.5","1"
"56","Up2","2012-05-22 00:00:00","Mottled sculpin","7.5","1"
"57","Up2","2012-05-22 00:00:00","Mottled sculpin","9","1"
"58","Up2","2012-05-22 00:00:00","Pumpkinseed","8","1"
"59","Up2","2012-05-22 00:00:00","Bluegill","4","1"
"60","Up2","2012-05-22 00:00:00","Bluegill","5","1"
"61","Up2","2012-05-22 00:00:00","Rainbow darter","3","1"
"62","Up2","2012-05-22 00:00:00","Rainbow darter","3.5","1"
"63","Up2","2012-05-22 00:00:00","Rainbow darter","4","12"
"64","Up2","2012-05-22 00:00:00","Rainbow darter","4.5","2"
"65","Up2","2012-05-22 00:00:00","Rainbow darter","5","3"
"66","Up2","2012-05-22 00:00:00","Rainbow darter","5.5","11"
"67","Up2","2012-05-22 00:00:00","Rainbow darter","6","4"
"68","Up2","2012-05-22 00:00:00","Rainbow darter","6.5","11"
"69","Up2","2012-05-22 00:00:00","Johnny darter","4.5","2"
"70","Up2","2012-05-22 00:00:00","Johnny darter","5.5","1"
"71","Up2","2012-05-22 00:00:00","Johnny darter","6","1"
"72","MR-4","2016-06-16 00:00:00","Common shiner","8.5","1"
"73","MR-4","2016-06-16 00:00:00","Spotfin shiner","4","1"
"74","MR-4","2016-06-16 00:00:00","Spotfin shiner","4.5","2"
"75","MR-4","2016-06-16 00:00:00","Spotfin shiner","5","5"
"76","MR-4","2016-06-16 00:00:00","Spotfin shiner","6","4"
"77","MR-4","2016-06-16 00:00:00","Spotfin shiner","6.5","3"
"78","MR-4","2016-06-16 00:00:00","Spotfin shiner","7","7"
"79","MR-4","2016-06-16 00:00:00","Spotfin shiner","7.5","4"
"80","MR-4","2016-06-16 00:00:00","Spotfin shiner","8","7"
"81","MR-4","2016-06-16 00:00:00","Spotfin shiner","8.5","2"
"82","MR-4","2016-06-16 00:00:00","Spotfin shiner","9","2"
"83","MR-4","2016-06-16 00:00:00","Spotfin shiner","9.5","1"
"84","MR-4","2016-06-16 00:00:00","Spotfin shiner","10","3"
"85","MR-4","2016-06-16 00:00:00","Bluntnose minnow","5","1"
"86","MR-4","2016-06-16 00:00:00","Bluntnose minnow","5.5","3"
"87","MR-4","2016-06-16 00:00:00","Bluntnose minnow","6","9"
"88","MR-4","2016-06-16 00:00:00","Bluntnose minnow","6.5","8"
"89","MR-4","2016-06-16 00:00:00","Bluntnose minnow","7.5","2"
"90","MR-4","2016-06-16 00:00:00","White sucker","4","1"
"91","MR-4","2016-06-16 00:00:00","Bluegill","5.5","2"
"92","MR-4","2016-06-16 00:00:00","Johnny darter","5.5","1"
"93","MR-4","2016-06-16 00:00:00","Round goby","4.5","1"
"94","MR-4","2016-06-16 00:00:00","Round goby","5","2"
"95","MR-4","2016-06-16 00:00:00","Round goby","5.5","4"
"96","MR-4","2016-06-16 00:00:00","Round goby","6","6"
"97","MR-4","2016-06-16 00:00:00","Round goby","6.5","5"
"98","MR-4","2016-06-16 00:00:00","Round goby","7","4"
"99","MR-4","2016-06-16 00:00:00","Round goby","7.5","3"
"100","MR-4","2016-06-16 00:00:00","Round goby","8.5","1"
"101","MR-4","2016-06-16 00:00:00","Round goby","9.5","1"
"110","MR-4","2014-09-26 00:00:00","Spotfin shiner","4","5"
"111","MR-4","2014-09-26 00:00:00","Spotfin shiner","4.5","5"
"112","MR-4","2014-09-26 00:00:00","Spotfin shiner","5","7"
"113","MR-4","2014-09-26 00:00:00","Spotfin shiner","5.5","1"
"114","MR-4","2014-09-26 00:00:00","Bluntnose minnow","4","1"
"115","MR-4","2014-09-26 00:00:00","Bluntnose minnow","4.5","7"
"116","MR-4","2014-09-26 00:00:00","Bluntnose minnow","5","25"
"117","MR-4","2014-09-26 00:00:00","Bluntnose minnow","5.5","16"
"118","MR-4","2014-09-26 00:00:00","Bluntnose minnow","6","8"
"119","MR-4","2014-09-26 00:00:00","White sucker","13.5","1"
"120","MR-4","2014-09-26 00:00:00","White sucker","14","2"
"121","MR-4","2014-09-26 00:00:00","White sucker","15","1"
"122","MR-4","2014-09-26 00:00:00","Rock bass","19","1"
"123","MR-4","2014-09-26 00:00:00","Largemouth bass","9.5","1"
"124","MR-4","2014-09-26 00:00:00","Largemouth bass","10.5","1"
"125","MR-4","2014-09-26 00:00:00","Johnny darter","4.5","1"
"126","MR-4","2014-09-26 00:00:00","Round goby","3","1"
"127","MR-4","2014-09-26 00:00:00","Round goby","3.5","2"
"128","MR-4","2014-09-26 00:00:00","Round goby","4","7"
"129","MR-4","2014-09-26 00:00:00","Round goby","4.5","6"
"130","MR-4","2014-09-26 00:00:00","Round goby","5","4"
"131","MR-4","2014-09-26 00:00:00","Round goby","5.5","2"
"132","MR-4","2014-09-26 00:00:00","Round goby","6","4"
"133","MR-4","2014-09-26 00:00:00","Round goby","6.5","1"
"134","MR-4","2014-09-26 00:00:00","Round goby","7.5","3"
"136","MR-4","2015-07-10 00:00:00","Spotfin shiner","6","6"
"137","MR-4","2015-07-10 00:00:00","Spotfin shiner","6.5","2"
"138","MR-4","2015-07-10 00:00:00","Spotfin shiner","7","1"
"139","MR-4","2015-07-10 00:00:00","Spotfin shiner","7.5","1"
"140","MR-4","2015-07-10 00:00:00","Spotfin shiner","8","3"
"141","MR-4","2015-07-10 00:00:00","Spotfin shiner","8.5","2"
"142","MR-4","2015-07-10 00:00:00","Common shiner","13","1"
"143","MR-4","2015-07-10 00:00:00","Bluntnose minnow","6","1"
"144","MR-4","2015-07-10 00:00:00","Bluntnose minnow","6.5","2"
"145","MR-4","2015-07-10 00:00:00","Bluntnose minnow","7","6"
"146","MR-4","2015-07-10 00:00:00","Bluntnose minnow","7.5","6"
"147","MR-4","2015-07-10 00:00:00","Bluntnose minnow","8","1"
"148","MR-4","2015-07-10 00:00:00","Bluntnose minnow","9.5","1"
"149","MR-4","2015-07-10 00:00:00","White sucker","17","1"
"150","MR-4","2015-07-10 00:00:00","White sucker","20","1"
"151","MR-4","2015-07-10 00:00:00","White sucker","21","2"
"152","MR-4","2015-07-10 00:00:00","Yellow bullhead","3","4"
"153","MR-4","2015-07-10 00:00:00","Bluegill","15","1"
"154","MR-4","2015-07-10 00:00:00","Johnny darter","3.5","1"
"155","MR-4","2015-07-10 00:00:00","Round goby","3","38"
"156","MR-4","2015-07-10 00:00:00","Round goby","3.5","8"
"157","MR-4","2015-07-10 00:00:00","Round goby","5.5","2"
"158","MR-4","2015-07-10 00:00:00","Round goby","6","6"
"159","MR-4","2015-07-10 00:00:00","Round goby","6.5","6"
"160","MR-4","2015-07-10 00:00:00","Round goby","7","13"
"161","MR-4","2015-07-10 00:00:00","Round goby","7.5","1"
"162","MR-4","2015-07-10 00:00:00","Round goby","8","1"
"163","MR-8","2016-06-17 00:00:00","Common shiner","11","2"
"164","MR-8","2016-06-17 00:00:00","Common shiner","11.5","1"
"165","MR-8","2016-06-17 00:00:00","Common shiner","12","2"
"166","MR-8","2016-06-17 00:00:00","Common shiner","13.5","1"
"167","MR-8","2016-06-17 00:00:00","Fathead minnow","4","1"
"168","MR-8","2016-06-17 00:00:00","Bluntnose minnow","4.5","3"
"169","MR-8","2016-06-17 00:00:00","Bluntnose minnow","6","3"
"170","MR-8","2016-06-17 00:00:00","Bluntnose minnow","7","1"
"171","MR-8","2016-06-17 00:00:00","Bluntnose minnow","8","2"
"172","MR-8","2016-06-17 00:00:00","Creek chub","10","2"
"173","MR-8","2016-06-17 00:00:00","Creek chub","19","3"
"174","MR-8","2016-06-17 00:00:00","Creek chub","20","1"
"175","MR-8","2016-06-17 00:00:00","White sucker","3","8"
"176","MR-8","2016-06-17 00:00:00","White sucker","3.5","3"
"177","MR-8","2016-06-17 00:00:00","White sucker","4","1"
"178","MR-8","2016-06-17 00:00:00","White sucker","10","1"
"179","MR-8","2016-06-17 00:00:00","White sucker","11","1"
"180","MR-8","2016-06-17 00:00:00","White sucker","11.5","1"
"181","MR-8","2016-06-17 00:00:00","White sucker","12","1"
"182","MR-8","2016-06-17 00:00:00","White sucker","19","1"
"183","MR-8","2016-06-17 00:00:00","Bluegill","8.5","1"
"184","MR-8","2016-06-17 00:00:00","Black crappie","9.5","1"
"185","MR-8","2016-06-17 00:00:00","Johnny darter","3","20"
"186","MR-8","2016-06-17 00:00:00","Johnny darter","5","2"
"187","MR-8","2016-06-17 00:00:00","Johnny darter","5.5","4"
"188","MR-8","2016-06-17 00:00:00","Johnny darter","6","3"
"189","MR-8","2016-06-17 00:00:00","Round goby","5","1"
"190","MR-8","2016-06-17 00:00:00","Round goby","5.5","4"
"191","MR-8","2016-06-17 00:00:00","Round goby","6","7"
"192","MR-8","2016-06-17 00:00:00","Round goby","6.5","2"
"193","MR-8","2016-06-17 00:00:00","Round goby","7","2"
"194","MR-8","2016-06-17 00:00:00","Round goby","7.5","1"
"195","MR-8","2016-06-17 00:00:00","Round goby","8.5","1"
"196","MR-8","2016-06-17 00:00:00","Round goby","9","1"
"197","MR-8","2015-10-16 00:00:00","Spotfin shiner","4","2"
"198","MR-8","2015-10-16 00:00:00","Spotfin shiner","4.5","1"
"199","MR-8","2015-10-16 00:00:00","Common shiner","5","1"
"200","MR-8","2015-10-16 00:00:00","Common shiner","7","1"
"201","MR-8","2015-10-16 00:00:00","Common shiner","10.5","1"
"202","MR-8","2015-10-16 00:00:00","Common shiner","11","1"
"203","MR-8","2015-10-16 00:00:00","Bluntnose minnow","4","4"
"204","MR-8","2015-10-16 00:00:00","Bluntnose minnow","4.5","5"
"205","MR-8","2015-10-16 00:00:00","Bluntnose minnow","5","1"
"206","MR-8","2015-10-16 00:00:00","Bluntnose minnow","5.5","1"
"207","MR-8","2015-10-16 00:00:00","Bluntnose minnow","7.5","1"
"208","MR-8","2015-10-16 00:00:00","Fathead minnow","4","2"
"209","MR-8","2015-10-16 00:00:00","Fathead minnow","4.5","2"
"210","MR-8","2015-10-16 00:00:00","Fathead minnow","5","2"
"211","MR-8","2015-10-16 00:00:00","Fathead minnow","5.5","1"
"212","MR-8","2015-10-16 00:00:00","Fathead minnow","6","1"
"213","MR-8","2015-10-16 00:00:00","Creek chub","6","2"
"214","MR-8","2015-10-16 00:00:00","Creek chub","7","1"
"215","MR-8","2015-10-16 00:00:00","White sucker","5.5","1"
"216","MR-8","2015-10-16 00:00:00","White sucker","6.5","1"
"217","MR-8","2015-10-16 00:00:00","White sucker","7.5","1"
"218","MR-8","2015-10-16 00:00:00","White sucker","12","2"
"219","MR-8","2015-10-16 00:00:00","Johnny darter","5","1"
"220","MR-8","2015-10-16 00:00:00","Johnny darter","5.5","2"
"221","MR-8","2015-10-16 00:00:00","Johnny darter","6","1"
"222","MR-8","2015-10-16 00:00:00","Round goby","4","1"
"223","MR-8","2015-10-16 00:00:00","Pumpkinseed","14","1"
"224","MR-9","2016-06-17 00:00:00","Common carp","9","1"
"225","MR-9","2016-06-17 00:00:00","Common carp","12","1"
"226","MR-9","2016-06-17 00:00:00","Common shiner","10","1"
"227","MR-9","2016-06-17 00:00:00","Common shiner","10.5","1"
"228","MR-9","2016-06-17 00:00:00","Common shiner","11","1"
"229","MR-9","2016-06-17 00:00:00","Golden shiner","12","1"
"230","MR-9","2016-06-17 00:00:00","Fathead minnow","4.5","1"
"231","MR-9","2016-06-17 00:00:00","Fathead minnow","5","1"
"232","MR-9","2016-06-17 00:00:00","Fathead minnow","5.5","3"
"233","MR-9","2016-06-17 00:00:00","Fathead minnow","6","7"
"234","MR-9","2016-06-17 00:00:00","Fathead minnow","6.5","2"
"235","MR-9","2016-06-17 00:00:00","Bluntnose minnow","4","1"
"236","MR-9","2016-06-17 00:00:00","Bluntnose minnow","4.5","1"
"237","MR-9","2016-06-17 00:00:00","Bluntnose minnow","5","2"
"238","MR-9","2016-06-17 00:00:00","Bluntnose minnow","5.5","1"
"239","MR-9","2016-06-17 00:00:00","Bluntnose minnow","6","1"
"240","MR-9","2016-06-17 00:00:00","Creek chub","10","2"
"241","MR-9","2016-06-17 00:00:00","Creek chub","15","2"
"242","MR-9","2016-06-17 00:00:00","Creek chub","19","1"
"243","MR-9","2016-06-17 00:00:00","White sucker","3","2"
"244","MR-9","2016-06-17 00:00:00","White sucker","3.5","3"
"245","MR-9","2016-06-17 00:00:00","White sucker","4","1"
"246","MR-9","2016-06-17 00:00:00","White sucker","4.5","1"
"247","MR-9","2016-06-17 00:00:00","White sucker","12","1"
"248","MR-9","2016-06-17 00:00:00","White sucker","12.5","1"
"249","MR-9","2016-06-17 00:00:00","Johnny darter","4.5","1"
"250","MR-9","2016-06-17 00:00:00","Round goby","5.5","1"
"251","MR-9","2016-06-17 00:00:00","Round goby","6","2"
"252","MR-9","2016-06-17 00:00:00","Round goby","6.5","1"
"253","MR-9","2016-06-17 00:00:00","Round goby","7","1"
"254","MR-9","2015-10-16 00:00:00","Spotfin shiner","5","1"
"255","MR-9","2015-10-16 00:00:00","Common shiner","5.5","1"
"256","MR-9","2015-10-16 00:00:00","Bluntnose minnow","4","1"
"257","MR-9","2015-10-16 00:00:00","Bluntnose minnow","4.5","14"
"258","MR-9","2015-10-16 00:00:00","Bluntnose minnow","5","8"
"259","MR-9","2015-10-16 00:00:00","Fathead minnow","5","1"
"260","MR-9","2015-10-16 00:00:00","White sucker","5.5","1"
"261","MR-9","2015-10-16 00:00:00","White sucker","7","1"
"262","MR-9","2015-10-16 00:00:00","White sucker","7.5","1"
"263","MR-9","2015-10-16 00:00:00","White sucker","13","1"
"264","MR-9","2015-10-16 00:00:00","Brook silverside","4","2"
"265","MR-9","2015-10-16 00:00:00","Johnny darter","5","4"
"266","MR-9","2015-10-16 00:00:00","Johnny darter","5.5","2"
"267","MR-9","2015-10-16 00:00:00","Round goby","5","1"
"268","MR-11","2016-06-17 00:00:00","Common shiner","8","1"
"269","MR-11","2016-06-17 00:00:00","Common shiner","13","1"
"270","MR-11","2016-06-17 00:00:00","Bluntnose minnow","7","2"
"271","MR-11","2016-06-17 00:00:00","White sucker","3","3"
"272","MR-11","2016-06-17 00:00:00","White sucker","3.5","7"
"273","MR-11","2016-06-17 00:00:00","White sucker","4","9"
"274","MR-11","2016-06-17 00:00:00","White sucker","4.5","3"
"275","MR-11","2016-06-17 00:00:00","Rock bass","12","1"
"276","MR-11","2016-06-17 00:00:00","Bluegill","6","1"
"277","MR-11","2016-06-17 00:00:00","Bluegill","9.5","1"
"278","MR-11","2016-06-17 00:00:00","Bluegill","10.5","1"
"279","MR-11","2016-06-17 00:00:00","Bluegill","12","1"
"280","MR-11","2016-06-17 00:00:00","Northern pike","12","1"
"281","MR-11","2016-06-17 00:00:00","Johnny darter","3","30"
"282","MR-11","2016-06-17 00:00:00","Johnny darter","4.5","1"
"283","MR-11","2016-06-17 00:00:00","Johnny darter","5","5"
"284","MR-11","2016-06-17 00:00:00","Johnny darter","5.5","3"
"285","MR-11","2016-06-17 00:00:00","Johnny darter","6","3"
"286","MR-11","2016-06-17 00:00:00","Johnny darter","6.5","1"
"287","MR-11","2016-06-17 00:00:00","Round goby","5","13"
"288","MR-11","2016-06-17 00:00:00","Round goby","5.5","11"
"289","MR-11","2016-06-17 00:00:00","Round goby","6","19"
"290","MR-11","2016-06-17 00:00:00","Round goby","6.5","20"
"291","MR-11","2016-06-17 00:00:00","Round goby","7","2"
"292","MR-11","2016-06-17 00:00:00","Round goby","7.5","7"
"293","MR-11","2016-06-17 00:00:00","Round goby","8","2"
"294","MR-11","2016-06-17 00:00:00","Round goby","8.5","4"
"295","MR-11","2015-06-10 00:00:00","Spotfin shiner","6.5","1"
"296","MR-11","2015-06-10 00:00:00","Bluntnose minnow","6.5","1"
"297","MR-11","2015-06-10 00:00:00","White sucker","4.5","1"
"298","MR-11","2015-06-10 00:00:00","White sucker","5","1"
"299","MR-11","2015-06-10 00:00:00","Johnny darter","3","24"
"300","MR-11","2015-06-10 00:00:00","Johnny darter","3.5","15"
"301","MR-11","2015-06-10 00:00:00","Johnny darter","4","4"
"302","MR-11","2015-06-10 00:00:00","Johnny darter","5.5","1"
"303","MR-11","2015-06-10 00:00:00","Johnny darter","6","2"
"304","MR-11","2015-06-10 00:00:00","Johnny darter","6.5","1"
"305","MR-11","2015-06-10 00:00:00","Blackside darter","3.5","4"
"306","MR-11","2015-06-10 00:00:00","Blackside darter","4","2"
"307","MR-11","2015-06-10 00:00:00","Blackside darter","7.5","1"
"308","MR-11","2015-06-10 00:00:00","Blackside darter","8.5","2"
"309","MR-11","2015-06-10 00:00:00","Round goby","3","5"
"310","MR-11","2015-06-10 00:00:00","Round goby","3.5","1"
"311","MR-11","2014-09-26 00:00:00","Spotfin shiner","3","2"
"312","MR-11","2014-09-26 00:00:00","Spotfin shiner","3.5","5"
"313","MR-11","2014-09-26 00:00:00","Spotfin shiner","4","4"
"314","MR-11","2014-09-26 00:00:00","Spotfin shiner","8","1"
"315","MR-11","2014-09-26 00:00:00","Bluntnose minnow","3","1"
"316","MR-11","2014-09-26 00:00:00","Bluntnose minnow","3.5","1"
"317","MR-11","2014-09-26 00:00:00","Bluntnose minnow","4","1"
"318","MR-11","2014-09-26 00:00:00","Bluntnose minnow","6","1"
"319","MR-11","2014-09-26 00:00:00","Bluegill","6","1"
"320","MR-11","2014-09-26 00:00:00","Johnny darter","4","1"
"321","MR-11","2014-09-26 00:00:00","Johnny darter","4.5","12"
"322","MR-11","2014-09-26 00:00:00","Johnny darter","5","3"
"323","MR-11","2014-09-26 00:00:00","Johnny darter","5.5","1"
"324","MR-11","2014-09-26 00:00:00","Round goby","4.5","1"
"325","MR-12","2016-06-24 00:00:00","Central stoneroller","8.5","1"
"326","MR-12","2016-06-24 00:00:00","Common shiner","7.5","1"
"327","MR-12","2016-06-24 00:00:00","Common shiner","9","1"
"328","MR-12","2016-06-24 00:00:00","Common shiner","10.5","1"
"329","MR-12","2016-06-24 00:00:00","Common shiner","11","1"
"330","MR-12","2016-06-24 00:00:00","Bluntnose minnow","5","2"
"331","MR-12","2016-06-24 00:00:00","Bluntnose minnow","5.5","3"
"332","MR-12","2016-06-24 00:00:00","Bluntnose minnow","6","1"
"333","MR-12","2016-06-24 00:00:00","Creek chub","9.5","1"
"334","MR-12","2016-06-24 00:00:00","Creek chub","13","1"
"335","MR-12","2016-06-24 00:00:00","White sucker","3.5","3"
"336","MR-12","2016-06-24 00:00:00","White sucker","4","6"
"337","MR-12","2016-06-24 00:00:00","White sucker","4.5","1"
"338","MR-12","2016-06-24 00:00:00","White sucker","9","2"
"339","MR-12","2016-06-24 00:00:00","White sucker","9.5","1"
"340","MR-12","2016-06-24 00:00:00","White sucker","10","1"
"341","MR-12","2016-06-24 00:00:00","White sucker","10.5","1"
"342","MR-12","2016-06-24 00:00:00","White sucker","15","1"
"343","MR-12","2016-06-24 00:00:00","Johnny darter","3","25"
"344","MR-12","2016-06-24 00:00:00","Johnny darter","4.5","3"
"345","MR-12","2016-06-24 00:00:00","Johnny darter","5","6"
"346","MR-12","2016-06-24 00:00:00","Johnny darter","5.5","10"
"347","MR-12","2016-06-24 00:00:00","Johnny darter","6","4"
"348","MR-12","2016-06-24 00:00:00","Blackside darter","3.5","1"
"349","MR-12","2016-06-24 00:00:00","Round goby","4.5","2"
"350","MR-12","2016-06-24 00:00:00","Round goby","5","5"
"351","MR-12","2016-06-24 00:00:00","Round goby","5.5","10"
"352","MR-12","2016-06-24 00:00:00","Round goby","6","8"
"353","MR-12","2016-06-24 00:00:00","Round goby","6.5","5"
"354","MR-12","2016-06-24 00:00:00","Round goby","7","6"
"355","MR-12","2016-06-24 00:00:00","Round goby","7.5","2"
"356","MR-12","2015-08-25 00:00:00","Central stoneroller","4.5","1"
"357","MR-12","2015-08-25 00:00:00","Central stoneroller","5.5","1"
"358","MR-12","2015-08-25 00:00:00","Central stoneroller","7","1"
"359","MR-12","2015-08-25 00:00:00","Common carp","8","1"
"360","MR-12","2015-08-25 00:00:00","Spotfin shiner","3.5","1"
"361","MR-12","2015-08-25 00:00:00","Spotfin shiner","4.5","1"
"362","MR-12","2015-08-25 00:00:00","Spotfin shiner","6","1"
"363","MR-12","2015-08-25 00:00:00","Common shiner","6","1"
"364","MR-12","2015-08-25 00:00:00","Common shiner","6.5","1"
"365","MR-12","2015-08-25 00:00:00","Common shiner","8.5","1"
"366","MR-12","2015-08-25 00:00:00","Common shiner","9","2"
"367","MR-12","2015-08-25 00:00:00","Common shiner","9.5","6"
"368","MR-12","2015-08-25 00:00:00","Common shiner","10","2"
"369","MR-12","2015-08-25 00:00:00","Common shiner","10.5","5"
"370","MR-12","2015-08-25 00:00:00","Common shiner","11","3"
"371","MR-12","2015-08-25 00:00:00","Common shiner","11.5","1"
"372","MR-12","2015-08-25 00:00:00","Common shiner","12","1"
"373","MR-12","2015-08-25 00:00:00","Common shiner","15","1"
"374","MR-12","2015-08-25 00:00:00","Bluntnose minnow","4.5","1"
"375","MR-12","2015-08-25 00:00:00","Bluntnose minnow","5","3"
"376","MR-12","2015-08-25 00:00:00","Fathead minnow","3.5","1"
"377","MR-12","2015-08-25 00:00:00","Fathead minnow","4","6"
"378","MR-12","2015-08-25 00:00:00","Fathead minnow","4.5","1"
"379","MR-12","2015-08-25 00:00:00","Fathead minnow","5","1"
"380","MR-12","2015-08-25 00:00:00","Fathead minnow","5.5","1"
"381","MR-12","2015-08-25 00:00:00","Blacknose dace","3.5","1"
"382","MR-12","2015-08-25 00:00:00","Blacknose dace","4","1"
"383","MR-12","2015-08-25 00:00:00","Blacknose dace","5","1"
"384","MR-12","2015-08-25 00:00:00","Creek chub","6","2"
"385","MR-12","2015-08-25 00:00:00","Creek chub","7","1"
"386","MR-12","2015-08-25 00:00:00","Creek chub","10","3"
"387","MR-12","2015-08-25 00:00:00","Creek chub","14.5","1"
"388","MR-12","2015-08-25 00:00:00","Creek chub","15","1"
"389","MR-12","2015-08-25 00:00:00","Creek chub","13.5","1"
"390","MR-12","2015-08-25 00:00:00","White sucker","5","1"
"391","MR-12","2015-08-25 00:00:00","White sucker","5.5","1"
"392","MR-12","2015-08-25 00:00:00","White sucker","6","3"
"393","MR-12","2015-08-25 00:00:00","White sucker","6.5","2"
"394","MR-12","2015-08-25 00:00:00","White sucker","13","1"
"395","MR-12","2015-08-25 00:00:00","White sucker","8","1"
"396","MR-12","2015-08-25 00:00:00","Johnny darter","3.5","2"
"397","MR-12","2015-08-25 00:00:00","Johnny darter","4","13"
"398","MR-12","2015-08-25 00:00:00","Johnny darter","4.5","9"
"399","MR-12","2015-08-25 00:00:00","Johnny darter","5","7"
"400","MR-12","2015-08-25 00:00:00","Johnny darter","5.5","1"
"401","MR-12","2015-08-25 00:00:00","Johnny darter","6","5"
"402","MR-12","2015-08-25 00:00:00","Johnny darter","7","1"
"403","MR-12","2015-08-25 00:00:00","Blackside darter","6.5","1"
"404","MR-12","2015-08-25 00:00:00","Round goby","3","3"
"405","MR-12","2015-08-25 00:00:00","Round goby","3.5","2"
"406","MR-12","2015-08-25 00:00:00","Round goby","4","3"
"407","MR-12","2015-08-25 00:00:00","Round goby","5.5","1"
"408","MR-13","2016-06-24 00:00:00","Common shiner","10.5","1"
"409","MR-13","2016-06-24 00:00:00","Common shiner","13.5","1"
"410","MR-13","2016-06-24 00:00:00","Bluntnose minnow","3","1"
"411","MR-13","2016-06-24 00:00:00","Bluntnose minnow","3.5","1"
"412","MR-13","2016-06-24 00:00:00","Bluntnose minnow","5.5","2"
"413","MR-13","2016-06-24 00:00:00","Bluntnose minnow","6","2"
"414","MR-13","2016-06-24 00:00:00","Bluntnose minnow","6.5","1"
"415","MR-13","2016-06-24 00:00:00","Bluntnose minnow","7","1"
"416","MR-13","2016-06-24 00:00:00","Fathead minnow","6","1"
"417","MR-13","2016-06-24 00:00:00","White sucker","3","1"
"418","MR-13","2016-06-24 00:00:00","White sucker","3.5","7"
"419","MR-13","2016-06-24 00:00:00","White sucker","4","7"
"420","MR-13","2016-06-24 00:00:00","Pumpkinseed","7","1"
"421","MR-13","2016-06-24 00:00:00","Johnny darter","3","15"
"422","MR-13","2016-06-24 00:00:00","Johnny darter","5","3"
"423","MR-13","2016-06-24 00:00:00","Johnny darter","5.5","2"
"424","MR-13","2016-06-24 00:00:00","Round goby","5.5","3"
"425","MR-13","2016-06-24 00:00:00","Round goby","6","3"
"426","MR-13","2016-06-24 00:00:00","Round goby","6.5","1"
"427","MR-13","2016-06-24 00:00:00","Round goby","7","2"
"428","MR-13","2016-06-24 00:00:00","Round goby","7.5","2"
"429","MR-13","2016-06-24 00:00:00","Round goby","8","1"
"430","MR-13","2014-09-26 00:00:00","Central stoneroller","5.5","1"
"431","MR-13","2014-09-26 00:00:00","Central stoneroller","9","1"
"432","MR-13","2014-09-26 00:00:00","Common shiner","4","1"
"433","MR-13","2014-09-26 00:00:00","Common shiner","5.5","1"
"434","MR-13","2014-09-26 00:00:00","Common shiner","7","1"
"435","MR-13","2014-09-26 00:00:00","Common shiner","8","2"
"436","MR-13","2014-09-26 00:00:00","Common shiner","8.5","1"
"437","MR-13","2014-09-26 00:00:00","Common shiner","9","1"
"438","MR-13","2014-09-26 00:00:00","Common shiner","9.5","1"
"439","MR-13","2014-09-26 00:00:00","Common shiner","10.5","3"
"440","MR-13","2014-09-26 00:00:00","Bluntnose minnow","4","1"
"441","MR-13","2014-09-26 00:00:00","Bluntnose minnow","4.5","2"
"442","MR-13","2014-09-26 00:00:00","Bluntnose minnow","5","3"
"443","MR-13","2014-09-26 00:00:00","Bluntnose minnow","6","1"
"444","MR-13","2014-09-26 00:00:00","Bluntnose minnow","7","2"
"445","MR-13","2014-09-26 00:00:00","Bluntnose minnow","9","3"
"446","MR-13","2014-09-26 00:00:00","Bluntnose minnow","9.5","1"
"447","MR-13","2014-09-26 00:00:00","Fathead minnow","4","1"
"448","MR-13","2014-09-26 00:00:00","Creek chub","4","1"
"449","MR-13","2014-09-26 00:00:00","Creek chub","4.5","1"
"450","MR-13","2014-09-26 00:00:00","Creek chub","6","1"
"451","MR-13","2014-09-26 00:00:00","Creek chub","6.5","1"
"452","MR-13","2014-09-26 00:00:00","Creek chub","9","2"
"453","MR-13","2014-09-26 00:00:00","Creek chub","9.5","3"
"454","MR-13","2014-09-26 00:00:00","Creek chub","10","4"
"455","MR-13","2014-09-26 00:00:00","Creek chub","11.5","1"
"456","MR-13","2014-09-26 00:00:00","Johnny darter","4","1"
"457","MR-13","2014-09-26 00:00:00","Johnny darter","4.5","1"
"458","MR-13","2014-09-26 00:00:00","Johnny darter","5","2"
"459","MR-13","2014-09-26 00:00:00","Johnny darter","6","4"
"460","MR-17","2015-07-11 00:00:00","Fathead minnow","3","12"
"461","MR-17","2015-07-11 00:00:00","Fathead minnow","3.5","16"
"462","MR-17","2015-07-11 00:00:00","Fathead minnow","4","11"
"463","MR-17","2015-07-11 00:00:00","White sucker","3","1"
"464","MR-17","2015-07-11 00:00:00","White sucker","3.5","4"
"465","MR-17","2015-07-11 00:00:00","White sucker","4","8"
"466","MR-17","2015-07-11 00:00:00","White sucker","4.5","7"
"467","MR-17","2015-07-11 00:00:00","White sucker","5","3"
"468","MR-17","2015-07-11 00:00:00","White sucker","5.5","2"
"469","MR-17","2015-07-11 00:00:00","White sucker","6","2"
"470","MR-17","2015-07-11 00:00:00","White sucker","20","2"
"471","MR-17","2015-07-11 00:00:00","Rainbow trout","25","2"
"472","MR-17","2015-07-11 00:00:00","Rock bass","18","1"
"473","MR-17","2015-07-11 00:00:00","Bluegill","14.5","1"
"474","MR-17","2015-07-11 00:00:00","Sunfish hybrid","13","1"
"475","MR-17","2015-07-11 00:00:00","Smallmouth bass","5.5","1"
"476","MR-17","2015-07-11 00:00:00","Largemouth bass","3.5","2"
"477","MR-17","2015-07-11 00:00:00","Largemouth bass","5","1"
"478","MR-17","2015-07-11 00:00:00","Rainbow darter","3","7"
"479","MR-17","2015-07-11 00:00:00","Rainbow darter","3.5","2"
"480","MR-17","2015-07-11 00:00:00","Rainbow darter","5.5","1"
"481","MR-17","2015-07-11 00:00:00","Rainbow darter","6.5","1"
"482","MR-17","2015-07-11 00:00:00","Johnny darter","3","27"
"483","MR-17","2015-07-11 00:00:00","Johnny darter","3.5","15"
"484","MR-17","2015-07-11 00:00:00","Johnny darter","4","8"
"485","MR-17","2015-07-11 00:00:00","Johnny darter","6.5","1"
"486","MR-17","2016-06-16 00:00:00","Common shiner","5.5","1"
"487","MR-17","2016-06-16 00:00:00","Spotfin shiner","5","3"
"488","MR-17","2016-06-16 00:00:00","Spotfin shiner","5.5","1"
"489","MR-17","2016-06-16 00:00:00","Spotfin shiner","6","1"
"490","MR-17","2016-06-16 00:00:00","Spotfin shiner","7","1"
"491","MR-17","2016-06-16 00:00:00","Spotfin shiner","7.5","1"
"492","MR-17","2016-06-16 00:00:00","Spotfin shiner","8","2"
"493","MR-17","2016-06-16 00:00:00","Spotfin shiner","10","1"
"494","MR-17","2016-06-16 00:00:00","Bluntnose minnow","4.5","1"
"495","MR-17","2016-06-16 00:00:00","Bluntnose minnow","5.5","2"
"496","MR-17","2016-06-16 00:00:00","Bluntnose minnow","6","1"
"497","MR-17","2016-06-16 00:00:00","Bluntnose minnow","6.5","2"
"498","MR-17","2016-06-16 00:00:00","Bluntnose minnow","7","1"
"499","MR-17","2016-06-16 00:00:00","Bluntnose minnow","7.5","1"
"500","MR-17","2016-06-16 00:00:00","Bluntnose minnow","8.5","1"
"501","MR-17","2016-06-16 00:00:00","White sucker","10","1"
"502","MR-17","2016-06-16 00:00:00","Rock bass","14.5","1"
"503","MR-17","2016-06-16 00:00:00","Rock bass","17","1"
"504","MR-17","2016-06-16 00:00:00","Pumpkinseed","8","1"
"505","MR-17","2016-06-16 00:00:00","Pumpkinseed","9","1"
"506","MR-17","2016-06-16 00:00:00","Bluegill","4","1"
"507","MR-17","2016-06-16 00:00:00","Bluegill","4.5","2"
"508","MR-17","2016-06-16 00:00:00","Bluegill","5","4"
"509","MR-17","2016-06-16 00:00:00","Bluegill","5.5","9"
"510","MR-17","2016-06-16 00:00:00","Bluegill","6","5"
"511","MR-17","2016-06-16 00:00:00","Bluegill","6.5","3"
"512","MR-17","2016-06-16 00:00:00","Bluegill","7","4"
"513","MR-17","2016-06-16 00:00:00","Bluegill","8","1"
"514","MR-17","2016-06-16 00:00:00","Sunfish hybrid","7","1"
"515","MR-17","2016-06-16 00:00:00","Sunfish hybrid","9","1"
"516","MR-17","2016-06-16 00:00:00","Smallmouth bass","3","1"
"517","MR-17","2016-06-16 00:00:00","Rainbow darter","3","3"
"518","MR-17","2016-06-16 00:00:00","Rainbow darter","5","2"
"519","MR-17","2016-06-16 00:00:00","Rainbow darter","6","1"
"520","MR-17","2016-06-16 00:00:00","Johnny darter","3","4"
"521","MR-17","2016-06-16 00:00:00","Johnny darter","5","1"
"522","MR-17","2016-06-16 00:00:00","Johnny darter","5.5","3"
"523","MR-17","2016-06-16 00:00:00","Johnny darter","6","1"
"524","Fowl1","2014-05-16 00:00:00","Central stoneroller","4.5","1"
"525","Fowl1","2014-05-16 00:00:00","Central stoneroller","5","2"
"526","Fowl1","2014-05-16 00:00:00","Central stoneroller","5.5","1"
"527","Fowl1","2014-05-16 00:00:00","Central stoneroller","6","4"
"528","Fowl1","2014-05-16 00:00:00","Central stoneroller","6.5","1"
"531","Fowl1","2014-05-16 00:00:00","Central stoneroller","7","1"
"532","Fowl1","2014-05-16 00:00:00","Central stoneroller","7.5","1"
"533","Fowl1","2014-05-16 00:00:00","Central stoneroller","8","2"
"830","Fowl2","2013-05-10 00:00:00","Fathead minnow","3.5","31"
"831","Fowl2","2013-05-10 00:00:00","Fathead minnow","4","80"
"832","Fowl2","2013-05-10 00:00:00","Fathead minnow","4.5","107"
"833","Fowl2","2013-05-10 00:00:00","Fathead minnow","5","147"
"834","Fowl2","2013-05-10 00:00:00","Fathead minnow","5.5","61"
"835","Fowl2","2013-05-10 00:00:00","Fathead minnow","6","23"
"836","Fowl2","2013-05-10 00:00:00","Fathead minnow","6.5","7"
"837","Fowl2","2013-05-10 00:00:00","Fathead minnow","7","1"
"838","Fowl2","2013-05-10 00:00:00","Fathead minnow","7.5","3"
"839","Fowl2","2013-05-10 00:00:00","Fathead minnow","8","1"
"840","Fowl2","2013-05-10 00:00:00","Creek chub","7.5","1"
"841","Fowl2","2013-05-10 00:00:00","Creek chub","8","1"
"842","Fowl2","2013-05-10 00:00:00","Creek chub","10","1"
"843","Fowl2","2013-05-10 00:00:00","Green sunfish","7.5","1"
"844","Fowl2","2013-05-10 00:00:00","Green sunfish","12.5","1"
"845","Fowl2","2013-05-10 00:00:00","Pumpkinseed","7","1"
"846","Fowl2","2013-05-10 00:00:00","Pumpkinseed","8","1"
"847","Fowl2","2013-05-10 00:00:00","Johnny darter","4","1"
"848","Fowl2","2013-05-10 00:00:00","Johnny darter","4.5","4"
"849","Fowl2","2013-05-10 00:00:00","Johnny darter","5","4"
"850","Fowl2","2013-05-10 00:00:00","Johnny darter","5.5","2"
"851","Fowl2","2013-05-10 00:00:00","Johnny darter","6","1"
"852","Fowl2","2013-05-10 00:00:00","Johnny darter","6.5","3"
"853","Fowl2","2013-05-10 00:00:00","Johnny darter","7","2"
"854","Fowl2","2014-08-22 00:00:00","Gizzard shad","10","1"
"855","Fowl2","2014-08-22 00:00:00","Gizzard shad","10.5","1"
"856","Fowl2","2014-08-22 00:00:00","Central stoneroller","10","1"
"857","Fowl2","2014-08-22 00:00:00","Fathead minnow","6","1"
"858","Fowl2","2014-08-22 00:00:00","Fathead minnow","6.5","1"
"859","Fowl2","2014-08-22 00:00:00","Common shiner","9","1"
"860","Fowl2","2014-08-22 00:00:00","Creek chub","8","1"
"861","Fowl2","2014-08-22 00:00:00","Creek chub","8.5","1"
"862","Fowl2","2014-08-22 00:00:00","Creek chub","9","3"
"863","Fowl2","2014-08-22 00:00:00","Creek chub","10","2"
"864","Fowl2","2014-08-22 00:00:00","Creek chub","11","1"
"865","Fowl2","2014-08-22 00:00:00","Creek chub","12","1"
"866","Fowl2","2014-08-22 00:00:00","White sucker","4","1"
"867","Fowl2","2014-08-22 00:00:00","White sucker","4.5","1"
"868","Fowl2","2014-08-22 00:00:00","White sucker","5.5","4"
"869","Fowl2","2014-08-22 00:00:00","White sucker","6","2"
"870","Fowl2","2014-08-22 00:00:00","White sucker","6.5","1"
"871","Fowl2","2014-08-22 00:00:00","White sucker","10","1"
"872","Fowl2","2014-08-22 00:00:00","White sucker","10.5","2"
"873","Fowl2","2014-08-22 00:00:00","White sucker","11","1"
"874","Fowl2","2014-08-22 00:00:00","Central mudminnow","6","2"
"875","Fowl2","2014-08-22 00:00:00","Green sunfish","6","2"
"876","Fowl2","2014-08-22 00:00:00","Green sunfish","5","1"
"877","Fowl2","2014-08-22 00:00:00","Pumpkinseed","7.5","1"
"878","Fowl2","2014-08-22 00:00:00","Pumpkinseed","10","1"
"879","Fowl2","2014-08-22 00:00:00","Pumpkinseed","12","1"
"880","Fowl2","2014-08-22 00:00:00","Largemouth bass","4.5","1"
"881","Fowl2","2014-08-22 00:00:00","Largemouth bass","5.5","1"
"882","Fowl2","2014-08-22 00:00:00","Largemouth bass","6","1"
"883","Fowl2","2014-08-22 00:00:00","Black crappie","11.5","1"
"884","Fowl2","2014-08-22 00:00:00","Black crappie","12","1"
"885","Fowl2","2014-08-22 00:00:00","Johnny darter","3","3"
"886","Fowl2","2014-08-22 00:00:00","Johnny darter","3.5","6"
"887","Fowl2","2014-08-22 00:00:00","Johnny darter","4","3"
"888","Fowl2","2014-08-22 00:00:00","Johnny darter","4.5","1"
"889","Fowl2","2014-08-22 00:00:00","Johnny darter","5","3"
"890","Fowl2","2014-08-22 00:00:00","Johnny darter","5.5","9"
"891","Fowl2","2014-08-22 00:00:00","Johnny darter","6","9"
"892","Fowl2","2014-08-22 00:00:00","Johnny darter","6.5","2"
"893","Fowl2","2014-08-22 00:00:00","Blackside darter","8.5","2"
"894","Fowl2","2014-08-22 00:00:00","Blackside darter","9","1"
"895","Fowl2","2013-09-27 00:00:00","Common shiner","5","2"
"896","Fowl2","2013-09-27 00:00:00","Common shiner","5.5","1"
"897","Fowl2","2013-09-27 00:00:00","Common shiner","6","2"
"898","Fowl2","2013-09-27 00:00:00","Fathead minnow","5","2"
"899","Fowl2","2013-09-27 00:00:00","Fathead minnow","5.5","3"
"900","Fowl2","2013-09-27 00:00:00","Fathead minnow","6","8"
"901","Fowl2","2013-09-27 00:00:00","Fathead minnow","6.5","1"
"902","Fowl2","2013-09-27 00:00:00","Creek chub","5.5","4"
"903","Fowl2","2013-09-27 00:00:00","Creek chub","6","4"
"904","Fowl2","2013-09-27 00:00:00","Creek chub","6.5","1"
"905","Fowl2","2013-09-27 00:00:00","Creek chub","7","3"
"906","Fowl2","2013-09-27 00:00:00","Creek chub","8","1"
"907","Fowl2","2013-09-27 00:00:00","White sucker","5","1"
"908","Fowl2","2013-09-27 00:00:00","White sucker","5.5","1"
"909","Fowl2","2013-09-27 00:00:00","Johnny darter","3.5","4"
"910","Fowl2","2013-09-27 00:00:00","Johnny darter","4","3"
"911","Fowl2","2013-09-27 00:00:00","Johnny darter","4.5","2"
"912","Fowl2","2013-09-27 00:00:00","Johnny darter","5","2"
"913","Fowl2","2013-09-27 00:00:00","Johnny darter","5.5","1"
"914","Fowl2","2013-09-27 00:00:00","Johnny darter","6","1"
"915","Fowl2","2013-09-27 00:00:00","Johnny darter","6.5","3"
"916","Fowl2","2013-09-27 00:00:00","White sucker","13","1"
"917","Fowl3","2014-05-16 00:00:00","Central stoneroller","4","1"
"918","Fowl3","2014-05-16 00:00:00","Central stoneroller","4.5","3"
"919","Fowl3","2014-05-16 00:00:00","Central stoneroller","5","3"
"920","Fowl3","2014-05-16 00:00:00","Central stoneroller","5.5","6"
"921","Fowl3","2014-05-16 00:00:00","Central stoneroller","6","6"
"922","Fowl3","2014-05-16 00:00:00","Central stoneroller","6.5","2"
"923","Fowl3","2014-05-16 00:00:00","Central stoneroller","7","2"
"924","Fowl3","2014-05-16 00:00:00","Central stoneroller","7.5","2"
"925","Fowl3","2014-05-16 00:00:00","Fathead minnow","3.5","2"
"926","Fowl3","2014-05-16 00:00:00","Fathead minnow","4","5"
"927","Fowl3","2014-05-16 00:00:00","Fathead minnow","4.5","6"
"928","Fowl3","2014-05-16 00:00:00","Fathead minnow","5","20"
"929","Fowl3","2014-05-16 00:00:00","Fathead minnow","5.5","5"
"930","Fowl3","2014-05-16 00:00:00","Fathead minnow","6","3"
"931","Fowl3","2014-05-16 00:00:00","Northern redbelly dace","4","21"
"932","Fowl3","2014-05-16 00:00:00","Northern redbelly dace","4.5","12"
"933","Fowl3","2014-05-16 00:00:00","Northern redbelly dace","5","4"
"934","Fowl3","2014-05-16 00:00:00","Creek chub","3","1"
"935","Fowl3","2014-05-16 00:00:00","Creek chub","4","1"
"936","Fowl3","2014-05-16 00:00:00","Creek chub","4.5","1"
"937","Fowl3","2014-05-16 00:00:00","Creek chub","5","6"
"938","Fowl3","2014-05-16 00:00:00","Creek chub","5.5","2"
"939","Fowl3","2014-05-16 00:00:00","Creek chub","6","2"
"940","Fowl3","2014-05-16 00:00:00","Creek chub","7","1"
"941","Fowl3","2014-05-16 00:00:00","Creek chub","9.5","1"
"942","Fowl3","2014-05-16 00:00:00","Creek chub","12","3"
"943","Fowl3","2014-05-16 00:00:00","Creek chub","14","1"
"944","Fowl3","2014-05-16 00:00:00","White sucker","15","1"
"945","Fowl3","2014-05-16 00:00:00","Central mudminnow","5.5","2"
"946","Fowl3","2014-05-16 00:00:00","Central mudminnow","6.5","1"
"947","Fowl3","2014-05-16 00:00:00","Brook stickleback","4.5","2"
"948","Fowl3","2014-05-16 00:00:00","Brook stickleback","5","2"
"949","Fowl3","2014-05-16 00:00:00","Pumpkinseed","3","1"
"950","Fowl3","2014-05-16 00:00:00","Pumpkinseed","4.5","1"
"951","Fowl3","2014-05-16 00:00:00","Johnny darter","4","7"
"952","Fowl3","2014-05-16 00:00:00","Pumpkinseed","4.5","6"
"953","Fowl3","2014-05-16 00:00:00","Pumpkinseed","5","1"
"954","Fowl3","2014-05-16 00:00:00","Pumpkinseed","5.5","1"
"955","Fowl3","2014-05-16 00:00:00","Pumpkinseed","6","2"
"956","Fowl3","2013-06-01 00:00:00","Fathead minnow","4","1"
"957","Fowl3","2013-06-01 00:00:00","Fathead minnow","4.5","1"
"958","Fowl3","2013-06-01 00:00:00","Fathead minnow","5","1"
"959","Fowl3","2013-06-01 00:00:00","Fathead minnow","5.5","1"
"960","Fowl3","2013-06-01 00:00:00","Fathead minnow","6","1"
"961","Fowl3","2013-06-01 00:00:00","Fathead minnow","7","1"
"962","Fowl3","2013-06-01 00:00:00","Blacknose dace","4.5","1"
"963","Fowl3","2013-06-01 00:00:00","Creek chub","6.5","1"
"964","Fowl3","2013-06-01 00:00:00","Creek chub","7","1"
"965","Fowl3","2013-06-01 00:00:00","Creek chub","8","2"
"966","Fowl3","2013-06-01 00:00:00","Creek chub","8.5","1"
"967","Fowl3","2013-06-01 00:00:00","Central mudminnow","5.5","1"
"968","Fowl3","2013-06-01 00:00:00","Central mudminnow","6","1"
"969","Fowl3","2013-06-01 00:00:00","Central mudminnow","7.5","1"
"970","Fowl3","2013-06-01 00:00:00","Brook stickleback","3","10"
"971","Fowl3","2013-06-01 00:00:00","Johnny darter","5","1"
"972","Fowl3","2013-06-01 00:00:00","Johnny darter","5.5","1"
"973","Fowl3","2014-09-05 00:00:00","Central stoneroller","10","3"
"974","Fowl3","2014-09-05 00:00:00","Fathead minnow","3","3"
"975","Fowl3","2014-09-05 00:00:00","Fathead minnow","3.5","4"
"976","Fowl3","2014-09-05 00:00:00","Fathead minnow","4","5"
"977","Fowl3","2014-09-05 00:00:00","Fathead minnow","5","2"
"978","Fowl3","2014-09-05 00:00:00","Fathead minnow","5.5","1"
"979","Fowl3","2014-09-05 00:00:00","Fathead minnow","6.5","1"
"980","Fowl3","2014-09-05 00:00:00","Fathead minnow","8","1"
"981","Fowl3","2014-09-05 00:00:00","Northern redbelly dace","4.5","1"
"982","Fowl3","2014-09-05 00:00:00","Northern redbelly dace","5","1"
"983","Fowl3","2014-09-05 00:00:00","Northern redbelly dace","5.5","2"
"984","Fowl3","2014-09-05 00:00:00","Northern redbelly dace","6","2"
"985","Fowl3","2014-09-05 00:00:00","Creek chub","3","1"
"986","Fowl3","2014-09-05 00:00:00","Creek chub","3.5","2"
"987","Fowl3","2014-09-05 00:00:00","Creek chub","6","2"
"988","Fowl3","2014-09-05 00:00:00","Creek chub","7.5","1"
"989","Fowl3","2014-09-05 00:00:00","Creek chub","8","2"
"990","Fowl3","2014-09-05 00:00:00","Creek chub","9","1"
"991","Fowl3","2014-09-05 00:00:00","Creek chub","10","2"
"992","Fowl3","2014-09-05 00:00:00","Creek chub","11","2"
"993","Fowl3","2014-09-05 00:00:00","Creek chub","12","1"
"994","Fowl3","2014-09-05 00:00:00","Creek chub","13","1"
"995","Fowl3","2014-09-05 00:00:00","Creek chub","14","2"
"996","Fowl3","2014-09-05 00:00:00","White sucker","6.5","1"
"997","Fowl3","2014-09-05 00:00:00","White sucker","9","2"
"998","Fowl3","2014-09-05 00:00:00","White sucker","9.5","1"
"999","Fowl3","2014-09-05 00:00:00","White sucker","10","1"
"1000","Fowl3","2014-09-05 00:00:00","White sucker","12","2"
"1001","Fowl3","2014-09-05 00:00:00","Central mudminnow","3","22"
"1002","Fowl3","2014-09-05 00:00:00","Central mudminnow","3.5","13"
"1003","Fowl3","2014-09-05 00:00:00","Central mudminnow","4","7"
"1004","Fowl3","2014-09-05 00:00:00","Central mudminnow","4.5","5"
"1005","Fowl3","2014-09-05 00:00:00","Central mudminnow","5.5","2"
"1006","Fowl3","2014-09-05 00:00:00","Central mudminnow","6","2"
"1007","Fowl3","2014-09-05 00:00:00","Central mudminnow","6.5","1"
"1008","Fowl3","2014-09-05 00:00:00","Central mudminnow","7.5","2"
"1009","Fowl3","2014-09-05 00:00:00","Central mudminnow","8","1"
"1010","Fowl3","2014-09-05 00:00:00","Central mudminnow","9","3"
"1011","Fowl3","2014-09-05 00:00:00","Central mudminnow","9.5","1"
"1012","Fowl3","2014-09-05 00:00:00","Central mudminnow","10","1"
"1013","Fowl3","2014-09-05 00:00:00","Brook stickleback","3","70"
"1014","Fowl3","2014-09-05 00:00:00","Brook stickleback","3.5","8"
"1015","Fowl3","2014-09-05 00:00:00","Brook stickleback","4","2"
"1016","Fowl3","2014-09-05 00:00:00","Brook stickleback","5","1"
"1017","Fowl3","2014-09-05 00:00:00","Brook stickleback","5.5","11"
"1018","Fowl3","2014-09-05 00:00:00","Bluegill","3","1"
"1019","Fowl3","2014-09-05 00:00:00","Johnny darter","3","20"
"1020","Fowl3","2014-09-05 00:00:00","Johnny darter","3.5","9"
"1021","Fowl3","2014-09-05 00:00:00","Johnny darter","4","1"
"1022","Fowl3","2014-09-05 00:00:00","Johnny darter","4.5","11"
"1023","Fowl3","2014-09-05 00:00:00","Johnny darter","5","6"
"1024","Fowl3","2014-09-05 00:00:00","Johnny darter","5.5","2"
"1025","Fowl3","2014-09-05 00:00:00","Johnny darter","6","1"
"1026","Fowl3","2014-09-05 00:00:00","Johnny darter","6.5","1"
"1027","Fowl3","2013-09-20 00:00:00","Central stoneroller","5","4"
"1028","Fowl3","2013-09-20 00:00:00","Central stoneroller","5.5","6"
"1029","Fowl3","2013-09-20 00:00:00","Central stoneroller","6","10"
"1030","Fowl3","2013-09-20 00:00:00","Central stoneroller","6.5","6"
"1031","Fowl3","2013-09-20 00:00:00","Central stoneroller","7","3"
"1032","Fowl3","2013-09-20 00:00:00","Central stoneroller","8","2"
"1033","Fowl3","2013-09-20 00:00:00","Central stoneroller","8.5","1"
"1034","Fowl3","2013-09-20 00:00:00","Central stoneroller","10","3"
"1035","Fowl3","2013-09-20 00:00:00","Central stoneroller","10.5","2"
"1036","Fowl3","2013-09-20 00:00:00","Central stoneroller","12","1"
"1037","Fowl3","2013-09-20 00:00:00","Central stoneroller","13","2"
"1038","Fowl3","2013-09-20 00:00:00","Fathead minnow","4.5","1"
"1039","Fowl3","2013-09-20 00:00:00","Fathead minnow","5","2"
"1040","Fowl3","2013-09-20 00:00:00","Fathead minnow","5.5","2"
"1041","Fowl3","2013-09-20 00:00:00","Fathead minnow","6","2"
"1042","Fowl3","2013-09-20 00:00:00","Creek chub","6.5","1"
"1043","Fowl3","2013-09-20 00:00:00","Creek chub","8","1"
"1044","Fowl3","2013-09-20 00:00:00","Creek chub","9","1"
"1045","Fowl3","2013-09-20 00:00:00","Creek chub","9.5","1"
"1046","Fowl3","2013-09-20 00:00:00","Creek chub","10","1"
"1047","Fowl3","2013-09-20 00:00:00","Creek chub","10.5","1"
"1048","Fowl3","2013-09-20 00:00:00","Creek chub","11.5","1"
"1049","Fowl3","2013-09-20 00:00:00","Creek chub","12.5","1"
"1050","Fowl3","2013-09-20 00:00:00","Creek chub","13","1"
"1051","Fowl3","2013-09-20 00:00:00","Creek chub","14","1"
"1052","Fowl3","2013-09-20 00:00:00","Creek chub","14.5","1"
"1053","Fowl3","2013-09-20 00:00:00","White sucker","5.5","1"
"1054","Fowl3","2013-09-20 00:00:00","White sucker","6","9"
"1055","Fowl3","2013-09-20 00:00:00","White sucker","6.5","4"
"1056","Fowl3","2013-09-20 00:00:00","White sucker","7","2"
"1057","Fowl3","2013-09-20 00:00:00","White sucker","12","1"
"1058","Fowl3","2013-09-20 00:00:00","White sucker","13.5","1"
"1059","Fowl3","2013-09-20 00:00:00","Central mudminnow","3","1"
"1060","Fowl3","2013-09-20 00:00:00","Central mudminnow","3.5","3"
"1061","Fowl3","2013-09-20 00:00:00","Central mudminnow","4","10"
"1062","Fowl3","2013-09-20 00:00:00","Central mudminnow","5","6"
"1063","Fowl3","2013-09-20 00:00:00","Central mudminnow","6.5","4"
"1064","Fowl3","2013-09-20 00:00:00","Central mudminnow","7","2"
"1065","Fowl3","2013-09-20 00:00:00","Central mudminnow","7.5","1"
"1066","Fowl3","2013-09-20 00:00:00","Central mudminnow","9.5","2"
"1067","Fowl3","2013-09-20 00:00:00","Central mudminnow","11.5","1"
"1068","Fowl3","2013-09-20 00:00:00","Brook stickleback","3","1"
"1069","Fowl3","2013-09-20 00:00:00","Brook stickleback","3.5","1"
"1070","Fowl3","2013-09-20 00:00:00","Brook stickleback","4","10"
"1071","Fowl3","2013-09-20 00:00:00","Brook stickleback","4.5","4"
"1072","Fowl3","2013-09-20 00:00:00","Brook stickleback","5","1"
"1073","Fowl3","2013-09-20 00:00:00","Green sunfish","4","2"
"1074","Fowl3","2013-09-20 00:00:00","Green sunfish","5","1"
"1075","Fowl3","2013-09-20 00:00:00","Green sunfish","7","2"
"1076","Fowl3","2013-09-20 00:00:00","Green sunfish","7.5","2"
"1077","Fowl3","2013-09-20 00:00:00","Pumpkinseed","9.5","1"
"1078","Fowl3","2013-09-20 00:00:00","Bluegill","3.5","4"
"1079","Fowl3","2013-09-20 00:00:00","Bluegill","4","3"
"1080","Fowl3","2013-09-20 00:00:00","Bluegill","4.5","1"
"1081","Fowl3","2013-09-20 00:00:00","Bluegill","5","1"
"1082","Fowl3","2013-09-20 00:00:00","Johnny darter","3","6"
"1083","Fowl3","2013-09-20 00:00:00","Johnny darter","4","7"
"1084","Fowl3","2013-09-20 00:00:00","Johnny darter","4.5","7"
"1085","Fowl3","2013-09-20 00:00:00","Johnny darter","5","4"
"1086","Fowl3","2013-09-20 00:00:00","Johnny darter","5.5","2"
"1087","Fowl3","2013-09-20 00:00:00","Johnny darter","6","3"
"1088","Fowl3","2013-09-20 00:00:00","Johnny darter","6.5","7"
"1089","Fowl3","2013-09-20 00:00:00","Johnny darter","7","3"
"1090","Fowl3","2013-09-20 00:00:00","Johnny darter","7.5","1"
"1091","Fowl5","2016-08-22 00:00:00","Gizzard shad","5.5","1"
"1092","Fowl5","2016-08-22 00:00:00","Common shiner","4.5","1"
"1093","Fowl5","2016-08-22 00:00:00","Common shiner","11","1"
"1094","Fowl5","2016-08-22 00:00:00","Fathead minnow","4","1"
"1095","Fowl5","2016-08-22 00:00:00","Fathead minnow","5.5","1"
"1096","Fowl5","2016-08-22 00:00:00","Fathead minnow","6","1"
"1097","Fowl5","2016-08-22 00:00:00","Creek chub","7.5","1"
"1098","Fowl5","2016-08-22 00:00:00","Creek chub","8","1"
"1099","Fowl5","2016-08-22 00:00:00","Creek chub","9.5","2"
"1100","Fowl5","2016-08-22 00:00:00","Creek chub","10","1"
"1101","Fowl5","2016-08-22 00:00:00","Creek chub","10.5","1"
"1102","Fowl5","2016-08-22 00:00:00","Creek chub","11","2"
"1103","Fowl5","2016-08-22 00:00:00","Creek chub","11.5","1"
"1104","Fowl5","2016-08-22 00:00:00","Creek chub","12","3"
"1105","Fowl5","2016-08-22 00:00:00","Creek chub","12.5","2"
"1106","Fowl5","2016-08-22 00:00:00","Creek chub","14","1"
"1107","Fowl5","2016-08-22 00:00:00","Creek chub","15","1"
"1108","Fowl5","2016-08-22 00:00:00","White sucker","5","1"
"1109","Fowl5","2016-08-22 00:00:00","White sucker","5.5","2"
"1110","Fowl5","2016-08-22 00:00:00","White sucker","6","2"
"1111","Fowl5","2016-08-22 00:00:00","White sucker","7.5","1"
"1112","Fowl5","2016-08-22 00:00:00","White sucker","10","2"
"1113","Fowl5","2016-08-22 00:00:00","White sucker","10.5","1"
"1114","Fowl5","2016-08-22 00:00:00","White sucker","11","1"
"1115","Fowl5","2016-08-22 00:00:00","White sucker","12","2"
"1116","Fowl5","2016-08-22 00:00:00","Green sunfish","7","2"
"1117","Fowl5","2016-08-22 00:00:00","Green sunfish","7.5","1"
"1118","Fowl5","2016-08-22 00:00:00","Green sunfish","10","1"
"1119","Fowl5","2016-08-22 00:00:00","Green sunfish","12","1"
"1120","Fowl5","2016-08-22 00:00:00","Pumpkinseed","12.5","1"
"1121","Fowl5","2016-08-22 00:00:00","Bluegill","3","2"
"1122","Fowl5","2016-08-22 00:00:00","Bluegill","3.5","1"
"1123","Fowl5","2016-08-22 00:00:00","Bluegill","4","9"
"1124","Fowl5","2016-08-22 00:00:00","Bluegill","4.5","5"
"1125","Fowl5","2016-08-22 00:00:00","Bluegill","5","6"
"1126","Fowl5","2016-08-22 00:00:00","Bluegill","5.5","2"
"1127","Fowl5","2016-08-22 00:00:00","Bluegill","6","3"
"1128","Fowl5","2016-08-22 00:00:00","Bluegill","7","1"
"1129","Fowl5","2016-08-22 00:00:00","Bluegill","9","1"
"1130","Fowl5","2016-08-22 00:00:00","Smallmouth bass","5","1"
"1131","Fowl5","2016-08-22 00:00:00","Smallmouth bass","8.5","1"
"1132","Fowl5","2016-08-22 00:00:00","Black crappie","4.5","1"
"1133","Fowl5","2016-08-22 00:00:00","Black crappie","5","3"
"1134","Fowl5","2016-08-22 00:00:00","Black crappie","6","2"
"1135","Fowl5","2016-08-22 00:00:00","Black crappie","6.5","1"
"1136","Fowl5","2016-08-22 00:00:00","Johnny darter","4","7"
"1137","Fowl5","2016-08-22 00:00:00","Johnny darter","4.5","11"
"1138","Fowl5","2016-08-22 00:00:00","Johnny darter","5","7"
"1139","Fowl5","2016-08-22 00:00:00","Johnny darter","5.5","3"
"1140","Fowl5","2016-08-22 00:00:00","Johnny darter","6","4"
"1141","Fowl5","2016-08-22 00:00:00","Johnny darter","7","1"
