"ID","SampleID","FishName","Length","Quantity"
"3","153","162","","1"
"4","201","162","","9"
"5","200","162","","11"
"6","56","162","","5"
"7","100","162","","2"
"8","1","162","","50"
"9","24","162","","8"
"10","54","162","","2"
"11","58","162","","3"
"12","101","162","","8"
"13","102","162","","1"
"14","160","162","","1"
"15","198","162","","16"
"16","199","162","","1"
"17","205","162","","3"
"18","206","162","","4"
"19","208","162","","3"
"20","24","159","","1"
"21","103","163","","96"
"22","225","163","","92"
"23","70","163","","60"
"24","228","163","","47"
"25","65","163","","40"
"26","222","163","","38"
"27","166","163","","33"
"28","79","163","","25"
"29","221","163","","24"
"30","226","163","","24"
"31","34","163","","21"
"32","14","163","","20"
"33","108","163","","19"
"34","8","163","","18"
"35","13","163","","16"
"36","153","163","","16"
"37","59","163","","14"
"38","74","163","","14"
"39","15","163","","13"
"40","78","163","","13"
"41","170","163","","13"
"42","2","163","","12"
"43","28","163","","12"
"44","11","163","","11"
"45","61","163","","11"
"46","172","163","","11"
"47","217","163","","11"
"48","12","163","","10"
"49","128","163","","10"
"50","16","163","","9"
"51","31","163","","9"
"52","9","163","","8"
"53","90","163","","8"
"54","71","163","","7"
"55","107","163","","7"
"56","26","163","","6"
"57","27","163","","6"
"58","141","163","","6"
"59","148","163","","6"
"60","219","163","","6"
"61","19","163","","5"
"62","25","163","","5"
"63","84","163","","5"
"64","133","163","","5"
"65","218","163","","5"
"66","5","163","","4"
"67","7","163","","4"
"68","52","163","","4"
"69","77","163","","4"
"70","97","163","","4"
"71","98","163","","4"
"72","121","163","","4"
"73","130","163","","4"
"74","145","163","","4"
"75","230","163","","4"
"76","32","163","","3"
"77","47","163","","3"
"78","66","163","","3"
"79","82","163","","3"
"80","106","163","","3"
"81","155","163","","3"
"82","165","163","","3"
"83","201","163","","3"
"84","3","163","","2"
"85","6","163","","2"
"86","10","163","","2"
"87","20","163","","2"
"88","37","163","","2"
"89","88","163","","2"
"90","99","163","","2"
"91","118","163","","2"
"92","173","163","","2"
"93","178","163","","2"
"94","196","163","","2"
"95","200","163","","2"
"96","227","163","","2"
"97","18","163","","1"
"98","29","163","","1"
"99","30","163","","1"
"100","33","163","","1"
"101","35","163","","1"
"102","42","163","","1"
"103","51","163","","1"
"104","56","163","","1"
"105","72","163","","1"
"106","81","163","","1"
"107","83","163","","1"
"108","94","163","","1"
"109","95","163","","1"
"110","100","163","","1"
"111","110","163","","1"
"112","112","163","","1"
"113","123","163","","1"
"114","131","163","","1"
"115","154","163","","1"
"116","157","163","","1"
"117","159","163","","1"
"118","169","163","","1"
"119","190","163","","1"
"120","197","163","","1"
"121","207","163","","1"
"122","211","163","","1"
"123","105","163","","0"
"124","71","164","","1"
"125","24","164","","68"
"126","122","164","","1"
"127","8","165","","1"
"128","15","165","","8"
"129","11","165","","5"
"130","5","165","","3"
"131","155","166","","3"
"132","43","166","","8"
"133","91","166","","2"
"134","117","166","","12"
"135","119","166","","18"
"136","134","166","","1"
"137","136","166","","15"
"138","139","166","","7"
"139","167","166","","3"
"140","168","166","","1"
"141","186","166","","10"
"142","187","166","","41"
"143","192","166","","4"
"144","206","166","","2"
"145","222","167","","3"
"146","34","167","","2"
"147","153","167","","2"
"148","217","167","","1"
"149","71","167","","4"
"150","230","167","","1"
"151","155","167","","1"
"152","37","167","","1"
"153","99","167","","1"
"154","35","167","","2"
"155","56","167","","1"
"156","154","167","","5"
"157","157","167","","1"
"158","24","167","","45"
"159","129","167","","1"
"160","135","167","","1"
"161","152","167","","1"
"162","156","167","","1"
"163","162","167","","1"
"164","189","167","","2"
"165","195","167","","1"
"166","204","167","","4"
"167","206","167","","1"
"168","216","167","","9"
"169","144","168","","3"
"170","103","168","","46"
"171","225","168","","14"
"172","70","168","","72"
"173","228","168","","5"
"174","222","168","","131"
"175","166","168","","23"
"176","221","168","","76"
"177","226","168","","51"
"178","34","168","","186"
"179","108","168","","39"
"180","8","168","","41"
"181","153","168","","1"
"182","59","168","","19"
"183","74","168","","52"
"184","170","168","","7"
"185","2","168","","3"
"186","11","168","","62"
"187","61","168","","99"
"188","217","168","","42"
"189","12","168","","39"
"190","128","168","","9"
"191","90","168","","3"
"192","71","168","","12"
"193","27","168","","1"
"194","141","168","","4"
"195","148","168","","1"
"196","219","168","","1"
"197","25","168","","32"
"198","84","168","","55"
"199","133","168","","56"
"200","218","168","","150"
"201","5","168","","150"
"202","7","168","","263"
"203","52","168","","14"
"204","97","168","","12"
"205","98","168","","2"
"206","121","168","","1"
"207","130","168","","9"
"208","145","168","","5"
"209","230","168","","26"
"210","32","168","","14"
"211","47","168","","10"
"212","66","168","","29"
"213","155","168","","24"
"214","165","168","","2"
"215","3","168","","94"
"216","6","168","","194"
"217","10","168","","22"
"218","37","168","","8"
"219","88","168","","2"
"220","99","168","","5"
"221","118","168","","11"
"222","173","168","","1"
"223","178","168","","2"
"224","200","168","","3"
"225","227","168","","2"
"226","29","168","","3"
"227","30","168","","6"
"228","35","168","","14"
"229","42","168","","1"
"230","51","168","","5"
"231","56","168","","33"
"232","72","168","","3"
"233","94","168","","6"
"234","95","168","","8"
"235","100","168","","1"
"236","112","168","","55"
"237","123","168","","15"
"238","131","168","","2"
"239","154","168","","1"
"240","157","168","","10"
"241","159","168","","1"
"242","169","168","","5"
"243","190","168","","4"
"244","197","168","","2"
"245","207","168","","11"
"246","211","168","","86"
"247","105","168","","4"
"248","22","168","","2"
"249","36","168","","4"
"250","40","168","","16"
"251","41","168","","2"
"252","43","168","","10"
"253","46","168","","2"
"254","48","168","","5"
"255","49","168","","5"
"256","50","168","","21"
"257","53","168","","17"
"258","54","168","","35"
"259","55","168","","31"
"260","57","168","","17"
"261","58","168","","1"
"262","68","168","","6"
"263","69","168","","5"
"264","76","168","","2"
"265","85","168","","5"
"266","86","168","","6"
"267","87","168","","2"
"268","89","168","","13"
"269","93","168","","8"
"270","96","168","","8"
"271","101","168","","8"
"272","102","168","","4"
"273","113","168","","10"
"274","114","168","","7"
"275","115","168","","3"
"276","122","168","","14"
"277","124","168","","1"
"278","125","168","","3"
"279","126","168","","4"
"280","127","168","","3"
"281","129","168","","1"
"282","132","168","","2"
"283","135","168","","3"
"284","136","168","","1"
"285","137","168","","1"
"286","139","168","","15"
"287","140","168","","3"
"288","143","168","","9"
"289","146","168","","1"
"290","149","168","","1"
"291","150","168","","61"
"292","151","168","","7"
"293","158","168","","2"
"294","160","168","","5"
"295","167","168","","4"
"296","168","168","","1"
"297","176","168","","6"
"298","177","168","","2"
"299","184","168","","4"
"300","185","168","","1"
"301","186","168","","1"
"302","187","168","","1"
"303","188","168","","6"
"304","189","168","","3"
"305","191","168","","2"
"306","192","168","","1"
"307","194","168","","6"
"308","195","168","","5"
"309","199","168","","2"
"310","203","168","","20"
"311","204","168","","1"
"312","205","168","","12"
"313","206","168","","3"
"314","208","168","","2"
"315","210","168","","5"
"316","212","168","","8"
"317","213","168","","13"
"318","214","168","","107"
"319","215","168","","115"
"320","216","168","","19"
"321","220","168","","3"
"322","229","168","","6"
"323","231","168","","15"
"324","233","168","","22"
"325","218","169","","39"
"326","8","170","","1"
"327","2","170","","1"
"328","16","170","","2"
"329","6","170","","2"
"330","30","170","","3"
"331","207","170","","1"
"332","24","170","","2"
"333","43","170","","1"
"334","89","170","","1"
"335","116","170","","1"
"336","162","170","","1"
"337","189","170","","1"
"338","195","170","","1"
"339","202","170","","1"
"340","203","170","","2"
"341","204","170","","1"
"342","214","170","","1"
"343","165","171","","1"
"344","30","171","","1"
"345","42","171","","10"
"346","197","171","","2"
"347","105","171","","2"
"348","1","171","","150"
"349","43","171","","76"
"350","58","171","","43"
"351","89","171","","38"
"352","91","171","","14"
"353","115","171","","12"
"354","116","171","","34"
"355","122","171","","281"
"356","152","171","","25"
"357","185","171","","39"
"358","202","171","","3"
"359","203","171","","1"
"360","205","171","","5"
"361","206","171","","17"
"362","208","171","","1"
"363","183","172","","24"
"364","89","173","","1"
"365","122","173","","1"
"368","122","174","","3"
"369","25","175","","1"
"370","181","175","","6"
"371","183","175","","2"
"372","225","176","","1"
"373","221","176","","6"
"374","14","176","","1"
"375","8","176","","35"
"376","13","176","","19"
"377","153","176","","1"
"378","15","176","","22"
"379","217","176","","13"
"380","16","176","","12"
"381","71","176","","21"
"382","27","176","","1"
"383","148","176","","1"
"384","25","176","","1"
"385","133","176","","2"
"386","218","176","","9"
"387","5","176","","3"
"388","7","176","","3"
"389","145","176","","1"
"390","230","176","","3"
"391","155","176","","4"
"392","3","176","","17"
"393","6","176","","11"
"394","20","176","","21"
"395","118","176","","13"
"396","18","176","","30"
"397","30","176","","3"
"398","190","176","","6"
"399","1","176","","4"
"400","22","176","","2"
"401","24","176","","87"
"402","43","176","","1"
"403","44","176","","1"
"404","89","176","","1"
"405","116","176","","1"
"406","117","176","","4"
"407","119","176","","57"
"408","120","176","","15"
"409","122","176","","8"
"410","132","176","","2"
"411","134","176","","1"
"412","136","176","","17"
"413","139","176","","8"
"414","162","176","","7"
"415","167","176","","12"
"416","168","176","","23"
"417","185","176","","4"
"418","186","176","","9"
"419","187","176","","23"
"420","188","176","","9"
"421","189","176","","6"
"422","191","176","","8"
"423","192","176","","28"
"424","209","176","","1"
"425","212","176","","62"
"426","213","176","","20"
"427","214","176","","16"
"428","216","176","","3"
"429","220","176","","28"
"430","232","176","","18"
"431","233","176","","5"
"432","144","177","","27"
"433","225","177","","3"
"434","70","177","","1"
"435","228","177","","21"
"436","65","177","","7"
"437","222","177","","2"
"438","166","177","","8"
"439","79","177","","41"
"440","221","177","","2"
"441","226","177","","26"
"442","34","177","","40"
"443","14","177","","18"
"444","8","177","","22"
"445","13","177","","91"
"446","153","177","","14"
"447","15","177","","84"
"448","78","177","","67"
"449","170","177","","19"
"450","2","177","","21"
"451","28","177","","43"
"452","11","177","","18"
"453","172","177","","20"
"454","217","177","","11"
"455","12","177","","7"
"456","128","177","","21"
"457","16","177","","13"
"458","9","177","","4"
"459","71","177","","40"
"460","107","177","","11"
"461","26","177","","1"
"462","27","177","","2"
"463","141","177","","105"
"464","148","177","","10"
"465","219","177","","3"
"466","19","177","","52"
"467","25","177","","83"
"468","84","177","","32"
"469","5","177","","11"
"470","7","177","","6"
"471","121","177","","15"
"472","130","177","","26"
"473","145","177","","30"
"474","230","177","","4"
"475","66","177","","17"
"476","82","177","","9"
"477","106","177","","17"
"478","155","177","","10"
"479","165","177","","19"
"480","201","177","","19"
"481","3","177","","47"
"482","6","177","","28"
"483","10","177","","10"
"484","20","177","","296"
"485","118","177","","1"
"486","173","177","","12"
"487","178","177","","2"
"488","196","177","","18"
"489","200","177","","7"
"490","227","177","","9"
"491","18","177","","19"
"492","29","177","","466"
"493","30","177","","1"
"494","33","177","","50"
"495","35","177","","34"
"496","42","177","","10"
"497","81","177","","54"
"498","83","177","","11"
"499","100","177","","2"
"500","110","177","","9"
"501","112","177","","11"
"502","123","177","","26"
"503","131","177","","2"
"504","154","177","","30"
"505","157","177","","34"
"506","159","177","","13"
"507","169","177","","66"
"508","197","177","","32"
"509","207","177","","32"
"510","211","177","","16"
"511","105","177","","2"
"512","1","177","","7"
"513","4","177","","41"
"514","17","177","","1"
"515","21","177","","4"
"516","22","177","","6"
"517","38","177","","6"
"518","43","177","","76"
"519","44","177","","5"
"520","45","177","","1"
"521","46","177","","29"
"522","54","177","","16"
"523","58","177","","43"
"524","62","177","","5"
"525","63","177","","9"
"526","64","177","","13"
"527","67","177","","41"
"528","69","177","","14"
"529","75","177","","67"
"530","80","177","","7"
"531","85","177","","9"
"532","89","177","","38"
"533","91","177","","14"
"534","102","177","","5"
"535","109","177","","12"
"536","111","177","","3"
"537","113","177","","13"
"538","115","177","","12"
"539","116","177","","34"
"540","122","177","","15"
"541","124","177","","7"
"542","125","177","","20"
"543","126","177","","14"
"544","127","177","","20"
"545","129","177","","9"
"546","135","177","","9"
"547","138","177","","39"
"548","139","177","","90"
"549","140","177","","43"
"550","142","177","","51"
"551","143","177","","21"
"552","146","177","","35"
"553","147","177","","4"
"554","150","177","","2"
"555","151","177","","13"
"556","152","177","","53"
"557","156","177","","29"
"558","158","177","","10"
"559","160","177","","10"
"560","161","177","","12"
"561","162","177","","13"
"562","163","177","","149"
"563","164","177","","31"
"564","167","177","","8"
"565","168","177","","1"
"566","171","177","","2"
"567","174","177","","11"
"568","175","177","","21"
"569","176","177","","7"
"570","177","177","","6"
"571","179","177","","9"
"572","181","177","","2"
"573","184","177","","10"
"574","185","177","","50"
"575","188","177","","1"
"576","189","177","","14"
"577","191","177","","1"
"578","193","177","","20"
"579","198","177","","1"
"580","199","177","","3"
"581","202","177","","12"
"582","203","177","","18"
"583","204","177","","26"
"584","205","177","","25"
"585","206","177","","126"
"586","208","177","","31"
"587","209","177","","363"
"588","210","177","","214"
"589","212","177","","510"
"590","213","177","","356"
"591","214","177","","194"
"592","215","177","","46"
"593","216","177","","373"
"594","220","177","","5"
"595","224","177","","52"
"596","229","177","","216"
"597","231","177","","16"
"598","232","177","","66"
"599","228","178","","1"
"600","79","178","","37"
"601","13","178","","81"
"602","78","178","","446"
"603","28","178","","3"
"604","107","178","","38"
"605","19","178","","1"
"606","106","178","","6"
"607","64","178","","1"
"608","103","179","","1"
"609","70","179","","29"
"610","228","179","","211"
"611","166","179","","42"
"612","226","179","","19"
"613","34","179","","6"
"614","108","179","","6"
"615","13","179","","3"
"616","153","179","","7"
"617","74","179","","3"
"618","78","179","","6"
"619","170","179","","4"
"620","2","179","","49"
"621","28","179","","14"
"622","11","179","","8"
"623","61","179","","3"
"624","172","179","","2"
"625","12","179","","19"
"626","128","179","","14"
"627","16","179","","1"
"628","31","179","","1"
"629","9","179","","13"
"630","90","179","","2"
"631","71","179","","7"
"632","107","179","","2"
"633","141","179","","2"
"634","148","179","","2"
"635","19","179","","50"
"636","25","179","","68"
"637","84","179","","3"
"638","5","179","","15"
"639","7","179","","20"
"640","52","179","","10"
"641","77","179","","15"
"642","98","179","","6"
"643","121","179","","2"
"644","130","179","","12"
"645","145","179","","5"
"646","230","179","","1"
"647","32","179","","2"
"648","47","179","","1"
"649","66","179","","1"
"650","82","179","","17"
"651","155","179","","3"
"652","165","179","","9"
"653","3","179","","67"
"654","6","179","","63"
"655","10","179","","14"
"656","20","179","","44"
"657","37","179","","2"
"658","178","179","","1"
"659","227","179","","79"
"660","30","179","","7"
"661","33","179","","13"
"662","35","179","","2"
"663","51","179","","10"
"664","81","179","","28"
"665","83","179","","12"
"666","110","179","","12"
"667","112","179","","3"
"668","123","179","","1"
"669","131","179","","2"
"670","157","179","","4"
"671","197","179","","1"
"672","207","179","","1"
"673","17","179","","4"
"674","21","179","","2"
"675","22","179","","1"
"676","23","179","","2"
"677","38","179","","1"
"678","44","179","","8"
"679","45","179","","4"
"680","46","179","","2"
"681","48","179","","4"
"682","62","179","","7"
"683","63","179","","27"
"684","64","179","","3"
"685","67","179","","7"
"686","68","179","","11"
"687","73","179","","2"
"688","80","179","","17"
"689","87","179","","2"
"690","92","179","","1"
"691","109","179","","20"
"692","111","179","","10"
"693","113","179","","19"
"694","127","179","","1"
"695","149","179","","285"
"696","150","179","","144"
"697","156","179","","13"
"698","158","179","","1"
"699","160","179","","1"
"700","161","179","","9"
"701","162","179","","8"
"702","163","179","","93"
"703","177","179","","5"
"704","212","179","","5"
"705","214","179","","42"
"706","215","179","","11"
"707","216","179","","3"
"708","224","179","","83"
"709","231","179","","127"
"710","144","180","","6"
"711","103","180","","177"
"712","225","180","","95"
"713","70","180","","57"
"714","228","180","","48"
"715","65","180","","11"
"716","222","180","","4"
"717","166","180","","50"
"718","79","180","","19"
"719","221","180","","43"
"720","226","180","","34"
"721","34","180","","53"
"722","14","180","","27"
"723","108","180","","62"
"724","8","180","","23"
"725","13","180","","47"
"726","153","180","","49"
"727","59","180","","32"
"728","74","180","","49"
"729","15","180","","30"
"730","78","180","","17"
"731","170","180","","6"
"732","2","180","","55"
"733","28","180","","28"
"734","11","180","","49"
"735","61","180","","82"
"736","172","180","","9"
"737","217","180","","21"
"738","12","180","","23"
"739","128","180","","9"
"740","31","180","","13"
"741","9","180","","14"
"742","90","180","","4"
"743","71","180","","47"
"744","107","180","","38"
"745","26","180","","7"
"746","141","180","","6"
"747","148","180","","3"
"748","219","180","","32"
"749","19","180","","7"
"750","25","180","","52"
"751","84","180","","15"
"752","133","180","","11"
"753","5","180","","49"
"754","7","180","","42"
"755","52","180","","13"
"756","77","180","","5"
"757","97","180","","3"
"758","98","180","","18"
"759","121","180","","9"
"760","130","180","","11"
"761","32","180","","3"
"762","47","180","","25"
"763","66","180","","9"
"764","82","180","","32"
"765","106","180","","17"
"766","155","180","","9"
"767","165","180","","6"
"768","201","180","","3"
"769","3","180","","34"
"770","6","180","","47"
"771","10","180","","17"
"772","20","180","","1"
"773","37","180","","25"
"774","88","180","","21"
"775","99","180","","3"
"776","118","180","","14"
"777","173","180","","13"
"778","178","180","","3"
"779","196","180","","6"
"780","200","180","","5"
"781","227","180","","120"
"782","18","180","","9"
"783","29","180","","3"
"784","30","180","","8"
"785","33","180","","95"
"786","35","180","","22"
"787","42","180","","2"
"788","51","180","","7"
"789","56","180","","2"
"790","72","180","","5"
"791","81","180","","7"
"792","83","180","","5"
"793","94","180","","3"
"794","95","180","","5"
"795","100","180","","9"
"796","110","180","","11"
"797","112","180","","11"
"798","123","180","","5"
"799","131","180","","14"
"800","154","180","","29"
"801","157","180","","6"
"802","159","180","","6"
"803","169","180","","55"
"804","190","180","","2"
"805","197","180","","6"
"806","207","180","","7"
"807","211","180","","52"
"808","105","180","","1"
"809","21","180","","1"
"810","22","180","","9"
"811","36","180","","4"
"812","38","180","","5"
"813","39","180","","2"
"814","40","180","","33"
"815","41","180","","3"
"816","44","180","","2"
"817","46","180","","5"
"818","48","180","","13"
"819","49","180","","4"
"820","50","180","","21"
"821","53","180","","5"
"822","54","180","","15"
"823","55","180","","5"
"824","57","180","","13"
"825","58","180","","1"
"826","60","180","","7"
"827","62","180","","60"
"828","63","180","","10"
"829","64","180","","37"
"830","67","180","","19"
"831","68","180","","26"
"832","69","180","","13"
"833","73","180","","5"
"834","75","180","","8"
"835","80","180","","9"
"836","85","180","","22"
"837","86","180","","13"
"838","87","180","","4"
"839","89","180","","5"
"840","92","180","","4"
"841","93","180","","5"
"842","96","180","","2"
"843","101","180","","3"
"844","102","180","","5"
"845","104","180","","15"
"846","109","180","","43"
"847","111","180","","7"
"848","113","180","","12"
"849","114","180","","17"
"850","124","180","","14"
"851","125","180","","14"
"852","126","180","","13"
"853","127","180","","11"
"854","129","180","","3"
"855","135","180","","1"
"856","140","180","","2"
"857","142","180","","5"
"858","143","180","","10"
"859","146","180","","10"
"860","147","180","","3"
"861","149","180","","2"
"862","150","180","","91"
"863","151","180","","12"
"864","152","180","","2"
"865","156","180","","13"
"866","158","180","","1"
"867","160","180","","3"
"868","161","180","","10"
"869","162","180","","27"
"870","163","180","","16"
"871","164","180","","29"
"872","167","180","","3"
"873","168","180","","4"
"874","171","180","","7"
"875","174","180","","10"
"876","175","180","","13"
"877","176","180","","6"
"878","177","180","","19"
"879","179","180","","2"
"880","181","180","","2"
"881","183","180","","6"
"882","184","180","","4"
"883","188","180","","6"
"884","189","180","","5"
"885","193","180","","11"
"886","194","180","","6"
"887","195","180","","6"
"888","198","180","","7"
"889","199","180","","16"
"890","202","180","","7"
"891","203","180","","12"
"892","204","180","","11"
"893","205","180","","5"
"894","206","180","","1"
"895","210","180","","3"
"896","212","180","","27"
"897","213","180","","29"
"898","214","180","","80"
"899","215","180","","8"
"900","216","180","","7"
"901","220","180","","4"
"902","223","180","","6"
"903","224","180","","55"
"904","229","180","","66"
"905","231","180","","48"
"906","233","180","","1"
"907","144","181","","3"
"908","103","181","","44"
"909","225","181","","7"
"910","70","181","","68"
"911","228","181","","35"
"912","65","181","","18"
"913","166","181","","32"
"914","79","181","","1"
"915","221","181","","6"
"916","226","181","","21"
"917","34","181","","56"
"918","14","181","","5"
"919","108","181","","27"
"920","13","181","","3"
"921","153","181","","56"
"922","59","181","","11"
"923","74","181","","7"
"924","15","181","","18"
"925","78","181","","2"
"926","170","181","","4"
"927","2","181","","7"
"928","11","181","","3"
"929","61","181","","20"
"930","217","181","","1"
"931","12","181","","5"
"932","128","181","","16"
"933","16","181","","4"
"934","90","181","","9"
"935","71","181","","79"
"936","107","181","","1"
"937","26","181","","2"
"938","27","181","","1"
"939","141","181","","38"
"940","148","181","","9"
"941","219","181","","1"
"942","19","181","","1"
"943","25","181","","3"
"944","84","181","","6"
"945","133","181","","27"
"946","218","181","","1"
"947","5","181","","9"
"948","7","181","","9"
"949","52","181","","31"
"950","77","181","","2"
"951","97","181","","10"
"952","98","181","","21"
"953","121","181","","3"
"954","130","181","","8"
"955","145","181","","31"
"956","230","181","","4"
"957","32","181","","1"
"958","47","181","","6"
"959","66","181","","4"
"960","82","181","","3"
"961","106","181","","7"
"962","155","181","","9"
"963","165","181","","43"
"964","201","181","","7"
"965","3","181","","10"
"966","20","181","","2"
"967","37","181","","11"
"968","88","181","","8"
"969","99","181","","10"
"970","173","181","","10"
"971","178","181","","2"
"972","196","181","","13"
"973","200","181","","55"
"974","227","181","","16"
"975","30","181","","4"
"976","35","181","","7"
"977","42","181","","2"
"978","51","181","","10"
"979","56","181","","4"
"980","72","181","","3"
"981","81","181","","1"
"982","94","181","","12"
"983","95","181","","18"
"984","100","181","","13"
"985","110","181","","1"
"986","123","181","","13"
"987","131","181","","12"
"988","154","181","","56"
"989","159","181","","2"
"990","169","181","","62"
"991","190","181","","16"
"992","197","181","","5"
"993","207","181","","7"
"994","211","181","","42"
"995","105","181","","8"
"996","21","181","","2"
"997","22","181","","5"
"998","36","181","","11"
"999","40","181","","2"
"1000","41","181","","9"
"1001","46","181","","2"
"1002","48","181","","12"
"1003","49","181","","13"
"1004","50","181","","6"
"1005","53","181","","10"
"1006","54","181","","29"
"1007","57","181","","3"
"1008","60","181","","1"
"1009","62","181","","5"
"1010","63","181","","1"
"1011","64","181","","3"
"1012","67","181","","10"
"1013","68","181","","6"
"1014","69","181","","3"
"1015","75","181","","4"
"1016","85","181","","15"
"1017","86","181","","4"
"1018","89","181","","2"
"1019","92","181","","18"
"1020","93","181","","5"
"1021","96","181","","28"
"1022","101","181","","1"
"1023","102","181","","46"
"1024","113","181","","2"
"1025","114","181","","1"
"1026","115","181","","3"
"1027","119","181","","4"
"1028","122","181","","2"
"1029","124","181","","6"
"1030","125","181","","7"
"1031","126","181","","16"
"1032","127","181","","4"
"1033","129","181","","9"
"1034","132","181","","22"
"1035","134","181","","2"
"1036","135","181","","4"
"1037","136","181","","4"
"1038","137","181","","3"
"1039","138","181","","29"
"1040","139","181","","5"
"1041","140","181","","18"
"1042","142","181","","48"
"1043","143","181","","17"
"1044","146","181","","34"
"1045","147","181","","10"
"1046","149","181","","2"
"1047","150","181","","18"
"1048","151","181","","11"
"1049","152","181","","16"
"1050","156","181","","2"
"1051","161","181","","3"
"1052","162","181","","13"
"1053","163","181","","8"
"1054","164","181","","1"
"1055","167","181","","5"
"1056","171","181","","5"
"1057","174","181","","14"
"1058","175","181","","1"
"1059","176","181","","2"
"1060","181","181","","1"
"1061","184","181","","10"
"1062","185","181","","8"
"1063","186","181","","1"
"1064","187","181","","1"
"1065","188","181","","17"
"1066","189","181","","9"
"1067","191","181","","15"
"1068","192","181","","12"
"1069","193","181","","21"
"1070","194","181","","7"
"1071","195","181","","39"
"1072","198","181","","20"
"1073","199","181","","12"
"1074","202","181","","9"
"1075","203","181","","7"
"1076","204","181","","29"
"1077","205","181","","20"
"1078","208","181","","15"
"1079","212","181","","32"
"1080","213","181","","22"
"1081","214","181","","20"
"1082","215","181","","6"
"1083","216","181","","14"
"1084","220","181","","4"
"1085","229","181","","22"
"1086","231","181","","5"
"1087","232","181","","1"
"1088","233","181","","12"
"1089","70","182","","38"
"1090","11","182","","6"
"1091","12","182","","8"
"1092","128","182","","1"
"1093","90","182","","2"
"1094","52","182","","7"
"1095","98","182","","2"
"1096","130","182","","1"
"1097","145","182","","1"
"1098","165","182","","1"
"1099","197","182","","1"
"1101","154","183","","1"
"1102","154","184","","1"
"1103","185","184","","2"
"1104","8","185","","1"
"1105","24","185","","2"
"1106","70","186","","1"
"1107","217","186","","1"
"1108","136","186","","4"
"1109","180","186","","1"
"1110","183","186","","3"
"1111","198","186","","1"
"1112","13","187","","1"
"1113","16","187","","1"
"1114","35","187","","3"
"1115","64","187","","5"
"1116","222","188","","1"
"1117","166","188","","3"
"1118","221","188","","2"
"1119","218","188","","1"
"1120","180","189","","1"
"1121","182","189","","1"
"1122","223","189","","2"
"1123","52","190","","1"
"1124","230","190","","1"
"1125","24","190","","1"
"1126","48","190","","1"
"1127","132","190","","1"
"1128","139","190","","1"
"1129","164","190","","10"
"1130","216","190","","1"
"1131","144","191","","1"
"1132","103","191","","5"
"1133","65","191","","30"
"1134","79","191","","3"
"1135","14","191","","8"
"1136","8","191","","1"
"1137","13","191","","5"
"1138","153","191","","2"
"1139","59","191","","2"
"1140","15","191","","5"
"1141","78","191","","4"
"1142","170","191","","1"
"1143","28","191","","1"
"1144","16","191","","6"
"1145","31","191","","1"
"1146","107","191","","32"
"1147","98","191","","1"
"1148","130","191","","4"
"1149","145","191","","2"
"1150","106","191","","60"
"1151","3","191","","1"
"1152","173","191","","1"
"1153","18","191","","4"
"1154","72","191","","2"
"1155","100","191","","2"
"1156","110","191","","2"
"1157","154","191","","4"
"1158","159","191","","1"
"1159","17","191","","7"
"1160","38","191","","3"
"1161","60","191","","7"
"1162","64","191","","23"
"1163","73","191","","2"
"1164","75","191","","2"
"1165","104","191","","18"
"1166","109","191","","1"
"1167","140","191","","5"
"1168","142","191","","1"
"1169","158","191","","8"
"1170","163","191","","1"
"1171","174","191","","1"
"1172","180","191","","2"
"1173","181","191","","1"
"1174","182","191","","3"
"1175","183","191","","10"
"1176","198","191","","2"
"1177","223","191","","3"
"1178","70","192","","18"
"1179","34","192","","1"
"1180","14","192","","13"
"1181","8","192","","2"
"1182","13","192","","9"
"1183","15","192","","10"
"1184","11","192","","1"
"1185","12","192","","6"
"1186","16","192","","9"
"1187","19","192","","29"
"1188","25","192","","4"
"1189","133","192","","4"
"1190","5","192","","2"
"1191","82","192","","4"
"1192","10","192","","6"
"1193","20","192","","4"
"1194","18","192","","46"
"1195","33","192","","3"
"1196","81","192","","3"
"1197","83","192","","12"
"1198","110","192","","21"
"1199","17","192","","10"
"1200","21","192","","31"
"1201","22","192","","35"
"1202","23","192","","23"
"1203","44","192","","5"
"1204","46","192","","1"
"1205","62","192","","3"
"1206","63","192","","33"
"1207","67","192","","8"
"1208","68","192","","22"
"1209","80","192","","16"
"1210","109","192","","16"
"1211","111","192","","7"
"1212","113","192","","12"
"1213","149","192","","14"
"1214","156","192","","2"
"1215","3","193","","3"
"1216","58","194","","4"
"1217","115","194","","11"
"1218","206","194","","83"
"1219","1","195","","50"
"1220","58","195","","46"
"1221","116","195","","79"
"1222","152","195","","2"
"1223","168","195","","2"
"1224","206","195","","19"
"1225","65","196","","17"
"1226","79","196","","4"
"1227","14","196","","3"
"1228","8","196","","1"
"1229","74","196","","1"
"1230","78","196","","13"
"1231","28","196","","1"
"1232","16","196","","2"
"1233","107","196","","4"
"1234","130","196","","1"
"1235","106","196","","92"
"1236","227","196","","5"
"1237","18","196","","1"
"1238","72","196","","1"
"1239","38","196","","10"
"1240","39","196","","1"
"1241","64","196","","1"
"1242","104","196","","2"
"1243","127","196","","1"
"1244","161","196","","5"
"1245","163","196","","1"
"1246","164","196","","3"
"1247","153","197","","3"
"1248","128","197","","5"
"1249","133","197","","1"
"1250","52","197","","1"
"1251","145","197","","1"
"1252","165","197","","2"
"1253","37","197","","1"
"1254","173","197","","3"
"1255","178","197","","6"
"1256","131","197","","1"
"1257","101","197","","1"
"1258","138","197","","2"
"1259","139","197","","1"
"1260","177","197","","3"
"1261","179","197","","5"
"1262","184","197","","2"
"1263","193","197","","1"
"1264","194","197","","2"
"1265","195","197","","1"
"1266","15","198","","4"
"1267","16","198","","2"
"1268","18","198","","3"
"1269","21","198","","13"
"1270","22","198","","6"
"1271","108","199","","1"
"1272","222","200","","3"
"1273","217","200","","17"
"1274","219","200","","1"
"1275","133","200","","7"
"1276","121","200","","1"
"1277","230","200","","4"
"1278","37","200","","1"
"1279","56","200","","1"
"1280","24","200","","10"
"1281","50","200","","1"
"1282","53","200","","1"
"1283","57","200","","1"
"1284","116","200","","6"
"1285","119","200","","1"
"1286","132","200","","1"
"1287","138","200","","1"
"1288","186","200","","2"
"1289","220","200","","12"
"1290","233","200","","2"
"1291","144","201","","5"
"1292","103","201","","38"
"1293","225","201","","4"
"1294","70","201","","3"
"1295","228","201","","2"
"1296","65","201","","7"
"1297","226","201","","1"
"1298","34","201","","6"
"1299","108","201","","4"
"1300","13","201","","1"
"1301","153","201","","48"
"1302","59","201","","25"
"1303","170","201","","11"
"1304","28","201","","1"
"1305","61","201","","2"
"1306","172","201","","4"
"1307","217","201","","7"
"1308","128","201","","3"
"1309","31","201","","1"
"1310","90","201","","1"
"1311","107","201","","12"
"1312","148","201","","9"
"1313","25","201","","1"
"1314","84","201","","3"
"1315","52","201","","2"
"1316","97","201","","1"
"1317","98","201","","1"
"1318","130","201","","3"
"1319","145","201","","5"
"1320","47","201","","3"
"1321","66","201","","3"
"1322","165","201","","3"
"1323","201","201","","2"
"1324","37","201","","9"
"1325","99","201","","1"
"1326","173","201","","3"
"1327","178","201","","1"
"1328","196","201","","8"
"1329","200","201","","8"
"1330","227","201","","7"
"1331","29","201","","2"
"1332","30","201","","2"
"1333","35","201","","14"
"1334","51","201","","2"
"1335","56","201","","1"
"1336","72","201","","3"
"1337","100","201","","3"
"1338","112","201","","8"
"1339","123","201","","2"
"1340","131","201","","3"
"1341","154","201","","56"
"1342","157","201","","1"
"1343","197","201","","5"
"1344","105","201","","1"
"1345","21","201","","10"
"1346","22","201","","2"
"1347","23","201","","1"
"1348","24","201","","2"
"1349","36","201","","4"
"1350","39","201","","1"
"1351","41","201","","5"
"1352","44","201","","1"
"1353","46","201","","4"
"1354","48","201","","3"
"1355","49","201","","13"
"1356","50","201","","4"
"1357","53","201","","1"
"1358","54","201","","6"
"1359","55","201","","1"
"1360","58","201","","2"
"1361","60","201","","4"
"1362","64","201","","3"
"1363","85","201","","2"
"1364","93","201","","2"
"1365","96","201","","2"
"1366","101","201","","6"
"1367","102","201","","5"
"1368","124","201","","1"
"1369","125","201","","2"
"1370","139","201","","1"
"1371","142","201","","12"
"1372","143","201","","10"
"1373","146","201","","6"
"1374","147","201","","5"
"1375","151","201","","1"
"1376","161","201","","2"
"1377","162","201","","1"
"1378","163","201","","1"
"1379","164","201","","1"
"1380","175","201","","6"
"1381","176","201","","2"
"1382","177","201","","5"
"1383","179","201","","14"
"1384","180","201","","5"
"1385","181","201","","1"
"1386","183","201","","2"
"1387","184","201","","1"
"1388","193","201","","1"
"1389","194","201","","9"
"1390","195","201","","24"
"1391","198","201","","41"
"1392","199","201","","5"
"1393","202","201","","5"
"1394","204","201","","46"
"1395","212","201","","10"
"1396","224","201","","1"
"1397","229","201","","6"
"1398","231","201","","1"
"1399","144","202","","3"
"1400","103","202","","6"
"1401","65","202","","1"
"1402","166","202","","4"
"1403","79","202","","2"
"1404","226","202","","2"
"1405","34","202","","3"
"1406","14","202","","5"
"1407","13","202","","6"
"1408","153","202","","5"
"1409","59","202","","7"
"1410","15","202","","2"
"1411","78","202","","2"
"1412","170","202","","2"
"1413","11","202","","8"
"1414","61","202","","3"
"1415","172","202","","2"
"1416","217","202","","9"
"1417","12","202","","1"
"1418","128","202","","2"
"1419","71","202","","3"
"1420","26","202","","2"
"1421","148","202","","1"
"1422","19","202","","1"
"1423","218","202","","24"
"1424","5","202","","1"
"1425","7","202","","2"
"1426","52","202","","10"
"1427","77","202","","2"
"1428","97","202","","2"
"1429","145","202","","3"
"1430","230","202","","1"
"1431","47","202","","1"
"1432","82","202","","1"
"1433","165","202","","4"
"1434","3","202","","1"
"1435","10","202","","1"
"1436","37","202","","6"
"1437","88","202","","1"
"1438","99","202","","1"
"1439","173","202","","4"
"1440","196","202","","2"
"1441","200","202","","29"
"1442","29","202","","2"
"1443","30","202","","1"
"1444","33","202","","3"
"1445","56","202","","1"
"1446","94","202","","1"
"1447","95","202","","1"
"1448","100","202","","3"
"1449","131","202","","1"
"1450","154","202","","5"
"1451","157","202","","2"
"1452","159","202","","1"
"1453","207","202","","2"
"1454","211","202","","2"
"1455","21","202","","1"
"1456","24","202","","27"
"1457","36","202","","3"
"1458","41","202","","10"
"1459","43","202","","3"
"1460","46","202","","2"
"1461","48","202","","3"
"1462","49","202","","16"
"1463","50","202","","1"
"1464","53","202","","3"
"1465","54","202","","10"
"1466","62","202","","1"
"1467","76","202","","1"
"1468","80","202","","5"
"1469","86","202","","4"
"1470","87","202","","1"
"1471","91","202","","1"
"1472","102","202","","1"
"1473","115","202","","1"
"1474","120","202","","1"
"1475","124","202","","3"
"1476","125","202","","2"
"1477","129","202","","4"
"1478","142","202","","4"
"1479","146","202","","4"
"1480","147","202","","4"
"1481","150","202","","24"
"1482","151","202","","2"
"1483","162","202","","1"
"1484","164","202","","3"
"1485","167","202","","1"
"1486","171","202","","1"
"1487","176","202","","3"
"1488","177","202","","2"
"1489","179","202","","3"
"1490","181","202","","1"
"1491","183","202","","1"
"1492","184","202","","1"
"1493","186","202","","2"
"1494","191","202","","1"
"1495","193","202","","2"
"1496","195","202","","8"
"1497","198","202","","2"
"1498","199","202","","1"
"1499","202","202","","3"
"1500","204","202","","3"
"1501","208","202","","3"
"1502","212","202","","3"
"1503","214","202","","2"
"1504","220","202","","9"
"1505","224","202","","9"
"1506","231","202","","3"
"1507","103","203","","3"
"1508","225","203","","10"
"1509","70","203","","1"
"1510","65","203","","9"
"1511","166","203","","2"
"1512","221","203","","1"
"1513","226","203","","5"
"1514","34","203","","19"
"1515","14","203","","14"
"1516","108","203","","2"
"1517","8","203","","1"
"1518","13","203","","21"
"1519","153","203","","8"
"1520","59","203","","18"
"1521","15","203","","3"
"1522","78","203","","1"
"1523","170","203","","4"
"1524","2","203","","5"
"1525","28","203","","2"
"1526","172","203","","1"
"1527","217","203","","24"
"1528","12","203","","2"
"1529","128","203","","14"
"1530","16","203","","18"
"1531","31","203","","5"
"1532","9","203","","1"
"1533","90","203","","3"
"1534","107","203","","2"
"1535","26","203","","6"
"1536","141","203","","2"
"1537","219","203","","13"
"1538","19","203","","2"
"1539","84","203","","2"
"1540","133","203","","2"
"1541","218","203","","9"
"1542","5","203","","2"
"1543","7","203","","12"
"1544","52","203","","4"
"1545","77","203","","1"
"1546","98","203","","1"
"1547","121","203","","2"
"1548","130","203","","5"
"1549","230","203","","3"
"1550","32","203","","7"
"1551","47","203","","0"
"1552","82","203","","2"
"1553","106","203","","1"
"1554","165","203","","7"
"1555","201","203","","2"
"1556","3","203","","5"
"1557","10","203","","1"
"1558","20","203","","6"
"1559","37","203","","4"
"1560","88","203","","1"
"1561","99","203","","1"
"1562","173","203","","5"
"1563","196","203","","4"
"1564","200","203","","20"
"1565","18","203","","4"
"1566","30","203","","3"
"1567","33","203","","9"
"1568","35","203","","19"
"1569","42","203","","1"
"1570","51","203","","1"
"1571","56","203","","3"
"1572","94","203","","1"
"1573","110","203","","4"
"1574","112","203","","1"
"1575","123","203","","1"
"1576","131","203","","4"
"1577","154","203","","15"
"1578","157","203","","3"
"1579","197","203","","2"
"1580","207","203","","3"
"1581","211","203","","2"
"1582","105","203","","1"
"1583","1","203","","1"
"1584","21","203","","7"
"1585","22","203","","1"
"1586","24","203","","20"
"1587","36","203","","19"
"1588","41","203","","1"
"1589","43","203","","4"
"1590","46","203","","4"
"1591","48","203","","3"
"1592","49","203","","12"
"1593","50","203","","7"
"1594","53","203","","2"
"1595","54","203","","4"
"1596","60","203","","4"
"1597","62","203","","3"
"1598","64","203","","17"
"1599","67","203","","1"
"1600","68","203","","2"
"1601","73","203","","1"
"1602","85","203","","12"
"1603","86","203","","3"
"1604","91","203","","1"
"1605","92","203","","1"
"1606","93","203","","1"
"1607","96","203","","3"
"1608","101","203","","4"
"1609","102","203","","4"
"1610","104","203","","6"
"1611","109","203","","1"
"1612","113","203","","6"
"1613","116","203","","2"
"1614","117","203","","1"
"1615","120","203","","32"
"1616","124","203","","9"
"1617","125","203","","14"
"1618","126","203","","3"
"1619","127","203","","7"
"1620","129","203","","1"
"1621","132","203","","4"
"1622","135","203","","1"
"1623","136","203","","1"
"1624","137","203","","1"
"1625","138","203","","1"
"1626","140","203","","10"
"1627","142","203","","9"
"1628","143","203","","3"
"1629","146","203","","7"
"1630","150","203","","2"
"1631","151","203","","2"
"1632","156","203","","41"
"1633","158","203","","1"
"1634","162","203","","6"
"1635","164","203","","1"
"1636","171","203","","2"
"1637","174","203","","27"
"1638","175","203","","8"
"1639","176","203","","6"
"1640","177","203","","1"
"1641","179","203","","13"
"1642","180","203","","114"
"1643","181","203","","24"
"1644","182","203","","2"
"1645","183","203","","14"
"1646","184","203","","2"
"1647","185","203","","1"
"1648","186","203","","29"
"1649","187","203","","2"
"1650","188","203","","1"
"1651","194","203","","5"
"1652","198","203","","5"
"1653","199","203","","30"
"1654","204","203","","11"
"1655","205","203","","6"
"1656","206","203","","3"
"1657","208","203","","3"
"1658","212","203","","11"
"1659","214","203","","6"
"1660","216","203","","2"
"1661","220","203","","49"
"1662","231","203","","3"
"1663","233","203","","1"
"1664","35","204","","3"
"1665","24","204","","3"
"1666","49","204","","1"
"1667","180","204","","1"
"1668","208","204","","1"
"1669","103","205","","1"
"1670","108","205","","2"
"1671","13","205","","2"
"1672","153","205","","1"
"1673","170","205","","2"
"1674","217","205","","1"
"1675","9","205","","3"
"1676","71","205","","1"
"1677","218","205","","1"
"1678","98","205","","1"
"1679","130","205","","1"
"1680","131","205","","2"
"1681","197","205","","1"
"1682","211","205","","1"
"1683","76","205","","1"
"1684","85","205","","1"
"1685","96","205","","1"
"1686","120","205","","1"
"1687","129","205","","1"
"1688","138","205","","1"
"1689","186","205","","2"
"1690","193","205","","3"
"1691","198","205","","1"
"1692","206","205","","1"
"1693","59","206","","11"
"1694","27","206","","2"
"1695","133","206","","2"
"1696","201","206","","5"
"1697","200","206","","6"
"1698","1","206","","15"
"1699","24","206","","1"
"1700","58","206","","1"
"1701","60","206","","3"
"1702","115","206","","1"
"1703","116","206","","3"
"1704","138","206","","1"
"1705","139","206","","9"
"1706","186","206","","1"
"1707","198","206","","1"
"1708","199","206","","2"
"1709","205","206","","1"
"1710","206","206","","1"
"1711","144","207","","2"
"1712","103","207","","6"
"1713","222","207","","5"
"1714","221","207","","9"
"1715","14","207","","3"
"1716","108","207","","13"
"1717","59","207","","6"
"1718","61","207","","9"
"1719","217","207","","7"
"1720","31","207","","0"
"1721","90","207","","1"
"1722","107","207","","1"
"1723","218","207","","4"
"1724","52","207","","1"
"1725","230","207","","3"
"1726","66","207","","1"
"1727","88","207","","2"
"1728","99","207","","2"
"1729","200","207","","2"
"1730","42","207","","2"
"1731","56","207","","1"
"1732","95","207","","2"
"1733","100","207","","3"
"1734","110","207","","2"
"1735","154","207","","1"
"1736","159","207","","2"
"1737","211","207","","1"
"1738","105","207","","1"
"1739","24","207","","38"
"1740","43","207","","3"
"1741","44","207","","2"
"1742","50","207","","1"
"1743","60","207","","12"
"1744","68","207","","1"
"1745","89","207","","6"
"1746","91","207","","1"
"1747","93","207","","3"
"1748","111","207","","1"
"1749","113","207","","2"
"1750","119","207","","2"
"1751","120","207","","1"
"1752","135","207","","1"
"1753","138","207","","3"
"1754","139","207","","6"
"1755","142","207","","1"
"1756","143","207","","1"
"1757","146","207","","1"
"1758","152","207","","1"
"1759","156","207","","2"
"1760","158","207","","1"
"1761","161","207","","1"
"1762","162","207","","2"
"1763","179","207","","1"
"1764","181","207","","2"
"1765","202","207","","2"
"1766","214","207","","1"
"1767","220","207","","10"
"1768","229","207","","1"
"1769","70","208","","2"
"1770","170","208","","1"
"1771","31","208","","1"
"1772","52","208","","0"
"1773","82","208","","4"
"1774","37","208","","0"
"1775","200","208","","13"
"1776","30","208","","1"
"1777","33","208","","1"
"1778","51","208","","0"
"1779","81","208","","1"
"1780","100","208","","2"
"1781","22","208","","2"
"1782","46","208","","3"
"1783","54","208","","1"
"1784","55","208","","0"
"1785","80","208","","1"
"1786","89","208","","1"
"1787","102","208","","3"
"1788","113","208","","1"
"1789","116","208","","1"
"1790","129","208","","1"
"1791","139","208","","1"
"1792","146","208","","1"
"1793","162","208","","5"
"1794","177","208","","1"
"1795","180","208","","2"
"1796","188","208","","1"
"1797","195","208","","1"
"1798","198","208","","2"
"1799","199","208","","7"
"1800","70","209","","1"
"1801","14","209","","6"
"1802","13","209","","90"
"1803","15","209","","7"
"1804","11","209","","11"
"1805","12","209","","45"
"1806","16","209","","4"
"1807","133","209","","50"
"1808","5","209","","1"
"1809","6","209","","1"
"1810","10","209","","4"
"1811","18","209","","12"
"1812","21","209","","3"
"1813","22","209","","17"
"1814","23","209","","12"
"1815","138","209","","11"
"1816","139","209","","15"
"1817","186","209","","6"
"1818","215","209","","9"
"1819","164","210","","3"
"1820","180","210","","11"
"1821","181","210","","17"
"1822","223","210","","1"
"1823","156","211","","13"
"1824","214","212","","97"
"1825","144","212","","11"
"1826","103","212","","8"
"1827","225","212","","25"
"1828","70","212","","3"
"1829","65","212","","40"
"1830","222","212","","12"
"1831","166","212","","30"
"1832","79","212","","17"
"1833","221","212","","49"
"1834","226","212","","43"
"1835","34","212","","56"
"1836","14","212","","30"
"1837","108","212","","39"
"1838","8","212","","12"
"1839","13","212","","23"
"1840","153","212","","19"
"1841","59","212","","10"
"1842","74","212","","11"
"1843","15","212","","44"
"1844","78","212","","9"
"1845","170","212","","24"
"1846","2","212","","26"
"1847","28","212","","14"
"1848","11","212","","19"
"1849","61","212","","62"
"1850","217","212","","13"
"1851","12","212","","4"
"1852","128","212","","37"
"1853","16","212","","12"
"1854","90","212","","16"
"1855","71","212","","8"
"1856","107","212","","8"
"1857","26","212","","19"
"1858","27","212","","1"
"1859","141","212","","1"
"1860","148","212","","44"
"1861","219","212","","10"
"1862","25","212","","10"
"1863","84","212","","40"
"1864","133","212","","1"
"1865","218","212","","4"
"1866","5","212","","45"
"1867","7","212","","18"
"1868","52","212","","112"
"1869","77","212","","4"
"1870","97","212","","25"
"1871","98","212","","7"
"1872","121","212","","1"
"1873","130","212","","17"
"1874","145","212","","30"
"1875","230","212","","8"
"1876","32","212","","1"
"1877","47","212","","34"
"1878","66","212","","46"
"1879","82","212","","38"
"1880","106","212","","51"
"1881","155","212","","38"
"1882","165","212","","94"
"1883","201","212","","149"
"1884","3","212","","63"
"1885","6","212","","68"
"1886","10","212","","1"
"1887","37","212","","25"
"1888","99","212","","15"
"1889","118","212","","8"
"1890","173","212","","9"
"1891","178","212","","6"
"1892","196","212","","14"
"1893","200","212","","47"
"1894","18","212","","13"
"1895","29","212","","17"
"1896","30","212","","2"
"1897","33","212","","30"
"1898","35","212","","51"
"1899","42","212","","1"
"1900","51","212","","57"
"1901","56","212","","21"
"1902","72","212","","29"
"1903","81","212","","18"
"1904","83","212","","42"
"1905","94","212","","4"
"1906","95","212","","3"
"1907","100","212","","36"
"1908","110","212","","25"
"1909","112","212","","17"
"1910","123","212","","2"
"1911","131","212","","12"
"1912","154","212","","3"
"1913","157","212","","2"
"1914","159","212","","47"
"1915","169","212","","6"
"1916","190","212","","48"
"1917","197","212","","9"
"1918","207","212","","1"
"1919","211","212","","30"
"1920","105","212","","2"
"1921","1","212","","1"
"1922","17","212","","2"
"1923","21","212","","1"
"1924","36","212","","4"
"1925","38","212","","2"
"1926","39","212","","6"
"1927","41","212","","11"
"1928","43","212","","2"
"1929","44","212","","11"
"1930","45","212","","32"
"1931","46","212","","18"
"1932","48","212","","13"
"1933","49","212","","5"
"1934","50","212","","24"
"1935","53","212","","53"
"1936","54","212","","71"
"1937","55","212","","5"
"1938","58","212","","4"
"1939","62","212","","39"
"1940","63","212","","23"
"1941","64","212","","12"
"1942","67","212","","56"
"1943","68","212","","64"
"1944","69","212","","16"
"1945","73","212","","8"
"1946","75","212","","26"
"1947","76","212","","3"
"1948","80","212","","39"
"1949","85","212","","60"
"1950","86","212","","4"
"1951","87","212","","1"
"1952","89","212","","1"
"1953","91","212","","1"
"1954","92","212","","7"
"1955","93","212","","17"
"1956","96","212","","21"
"1957","101","212","","3"
"1958","102","212","","138"
"1959","104","212","","17"
"1960","109","212","","31"
"1961","111","212","","28"
"1962","113","212","","18"
"1963","114","212","","4"
"1964","115","212","","8"
"1965","117","212","","17"
"1966","119","212","","1"
"1967","122","212","","1"
"1968","124","212","","25"
"1969","125","212","","25"
"1970","126","212","","25"
"1971","127","212","","1"
"1972","129","212","","3"
"1973","132","212","","43"
"1974","134","212","","47"
"1975","135","212","","2"
"1976","136","212","","1"
"1977","137","212","","8"
"1978","138","212","","51"
"1979","139","212","","6"
"1980","140","212","","4"
"1981","142","212","","42"
"1982","143","212","","38"
"1983","146","212","","42"
"1984","147","212","","52"
"1985","156","212","","1"
"1986","158","212","","6"
"1987","160","212","","1"
"1988","161","212","","12"
"1989","162","212","","60"
"1990","163","212","","7"
"1991","167","212","","4"
"1992","168","212","","6"
"1993","171","212","","3"
"1994","174","212","","27"
"1995","175","212","","2"
"1996","176","212","","7"
"1997","177","212","","5"
"1998","179","212","","2"
"1999","185","212","","3"
"2000","186","212","","9"
"2001","187","212","","1"
"2002","188","212","","29"
"2003","189","212","","1"
"2004","191","212","","20"
"2005","192","212","","32"
"2006","193","212","","12"
"2007","194","212","","2"
"2008","198","212","","30"
"2009","199","212","","33"
"2010","202","212","","3"
"2011","203","212","","11"
"2012","204","212","","44"
"2013","205","212","","1"
"2014","206","212","","3"
"2015","208","212","","3"
"2016","209","212","","20"
"2017","210","212","","3"
"2018","212","212","","53"
"2019","213","212","","67"
"2020","215","212","","110"
"2021","216","212","","141"
"2022","232","212","","1"
"2023","233","212","","79"
"2024","128","226","","1"
"2025","123","226","","2"
"2026","24","226","","3"
"2027","116","226","","1"
"2028","122","226","","2"
"2029","125","226","","1"
"2030","180","226","","2"
"2031","181","226","","5"
"2032","185","226","","13"
"2033","193","226","","1"
"2034","194","226","","1"
"2035","195","226","","12"
"2036","202","226","","1"
"2037","27","213","","2"
"2038","88","213","","2"
"2039","123","213","","1"
"2040","40","213","","2"
"2041","43","213","","2"
"2042","58","213","","1"
"2043","89","213","","1"
"2044","122","213","","1"
"2045","185","213","","5"
"2046","206","213","","2"
"2047","144","214","","1"
"2048","225","214","","13"
"2049","166","214","","4"
"2050","226","214","","4"
"2051","153","214","","4"
"2052","170","214","","12"
"2053","128","214","","4"
"2054","90","214","","2"
"2055","26","214","","2"
"2056","27","214","","3"
"2057","148","214","","1"
"2058","52","214","","9"
"2059","77","214","","4"
"2060","97","214","","1"
"2061","121","214","","1"
"2062","130","214","","8"
"2063","145","214","","1"
"2064","230","214","","7"
"2065","47","214","","10"
"2066","155","214","","1"
"2067","165","214","","4"
"2068","37","214","","2"
"2069","88","214","","1"
"2070","173","214","","3"
"2071","178","214","","3"
"2072","196","214","","4"
"2073","35","214","","2"
"2074","51","214","","6"
"2075","56","214","","3"
"2076","94","214","","2"
"2077","95","214","","1"
"2078","100","214","","3"
"2079","123","214","","1"
"2080","131","214","","1"
"2081","154","214","","2"
"2082","190","214","","1"
"2083","207","214","","3"
"2084","36","214","","2"
"2085","41","214","","1"
"2086","48","214","","4"
"2087","49","214","","5"
"2088","50","214","","7"
"2089","53","214","","3"
"2090","58","214","","1"
"2091","86","214","","1"
"2092","87","214","","1"
"2093","91","214","","1"
"2094","92","214","","3"
"2095","93","214","","1"
"2096","96","214","","2"
"2097","102","214","","5"
"2098","114","214","","3"
"2099","115","214","","2"
"2100","116","214","","1"
"2101","122","214","","1"
"2102","124","214","","1"
"2103","125","214","","14"
"2104","129","214","","5"
"2105","134","214","","9"
"2106","142","214","","12"
"2107","143","214","","14"
"2108","160","214","","2"
"2109","171","214","","3"
"2110","176","214","","4"
"2111","185","214","","1"
"2112","198","214","","2"
"2113","202","214","","4"
"2114","203","214","","4"
"2115","205","214","","2"
"2116","208","214","","3"
"2117","233","214","","11"
"2118","144","215","","2"
"2119","153","215","","3"
"2120","170","215","","36"
"2122","172","215","","43"
"2124","128","215","","1"
"2125","27","215","","18"
"2126","141","215","","26"
"2127","148","215","","1"
"2130","52","215","","2"
"2131","97","215","","3"
"2132","121","215","","5"
"2133","130","215","","6"
"2134","145","215","","5"
"2135","47","215","","5"
"2136","155","215","","9"
"2137","165","215","","87"
"2138","201","215","","3"
"2140","88","215","","74"
"2141","173","215","","16"
"2142","178","215","","10"
"2143","196","215","","36"
"2144","42","215","","46"
"2145","56","215","","29"
"2146","94","215","","6"
"2147","95","215","","17"
"2148","123","215","","28"
"2149","154","215","","5"
"2150","190","215","","38"
"2151","197","215","","44"
"2152","207","215","","113"
"2154","105","215","","28"
"2155","1","215","","30"
"2156","40","215","","102"
"2157","41","215","","9"
"2158","43","215","","152"
"2159","48","215","","33"
"2160","49","215","","1"
"2161","50","215","","2"
"2162","57","215","","54"
"2163","58","215","","70"
"2164","87","215","","17"
"2165","89","215","","18"
"2166","91","215","","110"
"2167","92","215","","45"
"2168","93","215","","18"
"2169","96","215","","1"
"2170","114","215","","9"
"2171","115","215","","32"
"2172","116","215","","422"
"2173","117","215","","1"
"2174","119","215","","30"
"2175","122","215","","23"
"2176","125","215","","1"
"2177","127","215","","73"
"2178","129","215","","2"
"2179","132","215","","78"
"2180","134","215","","6"
"2181","136","215","","75"
"2182","140","215","","41"
"2183","142","215","","11"
"2184","143","215","","12"
"2185","151","215","","36"
"2186","152","215","","4"
"2187","160","215","","16"
"2188","167","215","","1"
"2189","168","215","","1"
"2190","171","215","","28"
"2191","175","215","","96"
"2192","176","215","","13"
"2193","177","215","","2"
"2194","184","215","","3"
"2195","185","215","","58"
"2196","187","215","","27"
"2197","188","215","","19"
"2198","189","215","","5"
"2199","191","215","","12"
"2200","192","215","","4"
"2201","193","215","","25"
"2202","194","215","","12"
"2203","195","215","","8"
"2204","198","215","","6"
"2205","202","215","","62"
"2206","203","215","","36"
"2207","205","215","","123"
"2208","206","215","","46"
"2209","208","215","","117"
"2210","210","215","","1"
"2216","232","215","","3"
"2219","234","185","","1"
"2220","234","179","","14"
