"PrimaryID","FishName","Length in cm","Quantity","SampleID"
"90","212","","16","90"
"90","214","","2","90"
"91","166","","2","91"
"91","171","","14","91"
"91","177","","14","91"
"91","202","","1","91"
"91","203","","1","91"
"91","207","","1","91"
"91","212","","1","91"
"91","214","","1","91"
"91","215","","110","91"
"92","179","","1","92"
"92","180","","4","92"
"92","181","","18","92"
"92","203","","1","92"
"92","212","","7","92"
"92","214","","3","92"
"92","215","","45","92"
"93","168","","8","93"
"93","180","","5","93"
"93","181","","5","93"
"93","201","","2","93"
"93","203","","1","93"
"93","207","","3","93"
"93","212","","17","93"
"93","214","","1","93"
"93","215","","18","93"
"94","163","","1","94"
"94","168","","6","94"
"94","180","","3","94"
"94","181","","12","94"
"94","202","","1","94"
"94","203","","1","94"
"94","212","","4","94"
"94","214","","2","94"
"94","215","","6","94"
"95","163","","1","95"
"95","168","","8","95"
"95","180","","5","95"
"95","181","","18","95"
"95","202","","1","95"
"95","207","","2","95"
"95","212","","3","95"
"95","214","","1","95"
"95","215","","17","95"
"96","168","","8","96"
"96","180","","2","96"
"96","181","","28","96"
"96","201","","2","96"
"96","203","","3","96"
"96","205","","1","96"
"96","212","","21","96"
"96","214","","2","96"
"96","215","","1","96"
"97","163","","4","97"
"97","168","","12","97"
"97","180","","3","97"
"97","181","","10","97"
"97","201","","1","97"
"97","202","","2","97"
"97","212","","25","97"
"97","214","","1","97"
"97","215","","3","97"
"98","163","","4","98"
"98","168","","2","98"
"98","179","","6","98"
"98","180","","18","98"
"98","181","","21","98"
"98","182","","2","98"
"98","191","","1","98"
"98","201","","1","98"
"98","203","","1","98"
"98","205","","1","98"
"98","212","","7","98"
"99","163","","2","99"
"99","167","","1","99"
"99","168","","5","99"
"99","180","","3","99"
"99","181","","10","99"
"99","201","","1","99"
"99","202","","1","99"
"99","203","","1","99"
"99","207","","2","99"
"99","212","","15","99"
"100","162","","2","100"
"100","163","","1","100"
"100","168","","1","100"
"100","177","","2","100"
"100","180","","9","100"
"100","181","","13","100"
"100","191","","2","100"
"100","201","","3","100"
"100","202","","3","100"
"100","207","","3","100"
"100","208","","2","100"
"100","212","","36","100"
"100","214","","3","100"
"101","162","","8","101"
"101","168","","8","101"
"101","180","","3","101"
"101","181","","1","101"
"101","197","","1","101"
"101","201","","6","101"
"101","203","","4","101"
"101","212","","3","101"
"102","162","","1","102"
"102","168","","4","102"
"102","177","","5","102"
"102","180","","5","102"
"102","181","","46","102"
"102","201","","5","102"
"102","202","","1","102"
"102","203","","4","102"
"102","208","","3","102"
"102","212","","138","102"
"102","214","","5","102"
"103","163","","96","103"
"103","168","","46","103"
"103","179","","1","103"
"103","180","","177","103"
"103","181","","44","103"
"103","191","","5","103"
"103","201","","38","103"
"103","202","","6","103"
"103","203","","3","103"
"103","205","","1","103"
"103","207","","6","103"
"103","212","","8","103"
"104","180","","15","104"
"104","191","","18","104"
"104","196","","2","104"
"104","203","","6","104"
"104","212","","17","104"
"105","163","","0","105"
"105","168","","4","105"
"105","171","","2","105"
"105","177","","2","105"
"105","180","","1","105"
"105","181","","8","105"
"105","201","","1","105"
"105","203","","1","105"
"105","207","","1","105"
"105","212","","2","105"
"105","215","","28","105"
"106","163","","3","106"
"106","177","","17","106"
"106","178","","6","106"
"106","180","","17","106"
"106","181","","7","106"
"106","191","","60","106"
"106","196","","92","106"
"106","203","","1","106"
"106","212","","51","106"
"107","163","","7","107"
"107","177","","11","107"
"107","178","","38","107"
"107","179","","2","107"
"107","180","","38","107"
"107","181","","1","107"
"107","191","","32","107"
"107","196","","4","107"
"107","201","","12","107"
"107","203","","2","107"
"107","207","","1","107"
"107","212","","8","107"
"108","163","","19","108"
"108","168","","39","108"
"108","179","","6","108"
"108","180","","62","108"
"108","181","","27","108"
"108","199","","1","108"
"108","201","","4","108"
"108","203","","2","108"
"108","205","","2","108"
"108","207","","13","108"
"108","212","","39","108"
"109","177","","12","109"
"109","179","","20","109"
"109","180","","43","109"
"109","191","","1","109"
"109","192","","16","109"
"109","203","","1","109"
"109","212","","31","109"
"110","163","","1","110"
"110","177","","9","110"
"110","179","","12","110"
"110","180","","11","110"
"110","181","","1","110"
"110","191","","2","110"
"110","192","","21","110"
"110","203","","4","110"
"110","207","","2","110"
"110","212","","25","110"
"111","177","","3","111"
"111","179","","10","111"
"111","180","","7","111"
"111","192","","7","111"
"111","207","","1","111"
"111","212","","28","111"
"112","163","","1","112"
"112","168","","55","112"
"112","177","","11","112"
"112","179","","3","112"
"112","180","","11","112"
"112","201","","8","112"
"112","203","","1","112"
"112","212","","17","112"
"113","168","","10","113"
"113","177","","13","113"
"113","179","","19","113"
"113","180","","12","113"
"113","181","","2","113"
"113","192","","12","113"
"113","203","","6","113"
"113","207","","2","113"
"113","208","","1","113"
"113","212","","18","113"
"114","168","","7","114"
"114","180","","17","114"
"114","181","","1","114"
"114","212","","4","114"
"114","214","","3","114"
"114","215","","9","114"
"115","168","","3","115"
"115","171","","12","115"
"115","177","","12","115"
"115","181","","3","115"
"115","194","","11","115"
"115","202","","1","115"
"115","206","","1","115"
"115","212","","8","115"
"115","214","","2","115"
"115","215","","32","115"
"116","170","","1","116"
"116","171","","34","116"
"116","176","","1","116"
"116","177","","34","116"
"116","195","","79","116"
"116","200","","6","116"
"116","203","","2","116"
"116","206","","3","116"
"116","208","","1","116"
"116","226","","1","116"
"116","214","","1","116"
"116","215","","422","116"
"117","166","","12","117"
"117","176","","4","117"
"117","203","","1","117"
"117","212","","17","117"
"117","215","","1","117"
"118","163","","2","118"
"118","168","","11","118"
"118","176","","13","118"
"118","177","","1","118"
"118","180","","14","118"
"118","212","","8","118"
"119","166","","18","119"
"119","176","","57","119"
"119","181","","4","119"
"119","200","","1","119"
"119","207","","2","119"
"119","212","","1","119"
"119","215","","30","119"
"120","176","","15","120"
"120","202","","1","120"
"120","203","","32","120"
"120","205","","1","120"
"120","207","","1","120"
"121","163","","4","121"
"121","168","","1","121"
"121","177","","15","121"
"121","179","","2","121"
"121","180","","9","121"
"121","181","","3","121"
"121","200","","1","121"
"121","203","","2","121"
"121","212","","1","121"
"121","214","","1","121"
"121","215","","5","121"
"122","164","","1","122"
"122","168","","14","122"
"122","171","","281","122"
"122","173","","1","122"
"122","174","","3","122"
"122","176","","8","122"
"122","177","","15","122"
"122","181","","2","122"
"122","212","","1","122"
"122","226","","2","122"
"122","213","","1","122"
"122","214","","1","122"
"122","215","","23","122"
"123","163","","1","123"
"123","168","","15","123"
"123","177","","26","123"
"123","179","","1","123"
"123","180","","5","123"
"123","181","","13","123"
"123","201","","2","123"
"123","203","","1","123"
"123","212","","2","123"
"123","226","","2","123"
"123","213","","1","123"
"123","214","","1","123"
"123","215","","28","123"
"124","168","","1","124"
"124","177","","7","124"
"124","180","","14","124"
"124","181","","6","124"
"124","201","","1","124"
"124","202","","3","124"
"124","203","","9","124"
"124","212","","25","124"
"124","214","","1","124"
"125","168","","3","125"
"125","177","","20","125"
"125","180","","14","125"
"125","181","","7","125"
"125","201","","2","125"
"125","202","","2","125"
"125","203","","14","125"
"125","212","","25","125"
"125","226","","1","125"
"125","214","","14","125"
"125","215","","1","125"
"126","168","","4","126"
"126","177","","14","126"
"126","180","","13","126"
"126","181","","16","126"
"126","203","","3","126"
"126","212","","25","126"
"127","168","","3","127"
"127","177","","20","127"
"127","179","","1","127"
"127","180","","11","127"
"127","181","","4","127"
"127","196","","1","127"
"127","203","","7","127"
"127","212","","1","127"
"127","215","","73","127"
"128","163","","10","128"
"128","168","","9","128"
"128","177","","21","128"
"128","179","","14","128"
"128","180","","9","128"
"128","181","","16","128"
"128","182","","1","128"
"128","197","","5","128"
"128","201","","3","128"
"128","202","","2","128"
"128","203","","14","128"
"128","212","","37","128"
"128","226","","1","128"
"128","214","","4","128"
"128","215","","1","128"
"129","167","","1","129"
"129","168","","1","129"
"129","177","","9","129"
"129","180","","3","129"
"129","181","","9","129"
"129","202","","4","129"
"129","203","","1","129"
"129","205","","1","129"
"129","208","","1","129"
"129","212","","3","129"
"129","214","","5","129"
"129","215","","2","129"
"130","163","","4","130"
"130","168","","9","130"
"130","177","","26","130"
"130","179","","12","130"
"130","180","","11","130"
"130","181","","8","130"
"130","182","","1","130"
"130","191","","4","130"
"130","196","","1","130"
"130","201","","3","130"
"130","203","","5","130"
"130","205","","1","130"
"130","212","","17","130"
"130","214","","8","130"
"130","215","","6","130"
"131","163","","1","131"
"131","168","","2","131"
"131","177","","2","131"
"131","179","","2","131"
"131","180","","14","131"
"131","181","","12","131"
"131","197","","1","131"
"131","201","","3","131"
"131","202","","1","131"
"131","203","","4","131"
"131","205","","2","131"
"131","212","","12","131"
"131","214","","1","131"
"132","168","","2","132"
"132","176","","2","132"
"132","181","","22","132"
"132","190","","1","132"
"132","200","","1","132"
"132","203","","4","132"
"132","212","","43","132"
"132","215","","78","132"
"133","163","","5","133"
"133","168","","56","133"
"133","176","","2","133"
"133","180","","11","133"
"133","181","","27","133"
"133","192","","4","133"
"133","197","","1","133"
"133","200","","7","133"
"133","203","","2","133"
"133","206","","2","133"
"133","209","","50","133"
"133","212","","1","133"
"134","166","","1","134"
"134","176","","1","134"
"134","181","","2","134"
"134","212","","47","134"
"134","214","","9","134"
"134","215","","6","134"
"135","167","","1","135"
"135","168","","3","135"
"135","177","","9","135"
"135","180","","1","135"
"135","181","","4","135"
"135","203","","1","135"
"135","207","","1","135"
"135","212","","2","135"
"136","166","","15","136"
"136","168","","1","136"
"136","176","","17","136"
"136","181","","4","136"
"136","186","","4","136"
"136","203","","1","136"
"136","212","","1","136"
"136","215","","75","136"
"137","168","","1","137"
"137","181","","3","137"
"137","203","","1","137"
"137","212","","8","137"
"138","177","","39","138"
"138","181","","29","138"
"138","197","","2","138"
"138","200","","1","138"
"138","203","","1","138"
"138","205","","1","138"
"138","206","","1","138"
"138","207","","3","138"
"138","209","","11","138"
"138","212","","51","138"
"139","166","","7","139"
"139","168","","15","139"
"139","176","","8","139"
"139","177","","90","139"
"139","181","","5","139"
"139","190","","1","139"
"139","197","","1","139"
"139","201","","1","139"
"139","206","","9","139"
"139","207","","6","139"
"139","208","","1","139"
"139","209","","15","139"
"139","212","","6","139"
"140","168","","3","140"
"140","177","","43","140"
"140","180","","2","140"
"140","181","","18","140"
"140","191","","5","140"
"140","203","","10","140"
"140","212","","4","140"
"140","215","","41","140"
"141","163","","6","141"
"141","168","","4","141"
"141","177","","105","141"
"141","179","","2","141"
"141","180","","6","141"
"141","181","","38","141"
"141","203","","2","141"
"141","212","","1","141"
"141","215","","26","141"
"142","177","","51","142"
"142","180","","5","142"
"142","181","","48","142"
"142","191","","1","142"
"142","201","","12","142"
"142","202","","4","142"
"142","203","","9","142"
"142","207","","1","142"
"142","212","","42","142"
"142","214","","12","142"
"142","215","","11","142"
"143","168","","9","143"
"143","177","","21","143"
"143","180","","10","143"
"143","181","","17","143"
"143","201","","10","143"
"143","203","","3","143"
"143","207","","1","143"
"143","212","","38","143"
"143","214","","14","143"
"143","215","","12","143"
"144","168","","3","144"
"144","177","","27","144"
"144","180","","6","144"
"144","181","","3","144"
"144","191","","1","144"
"144","201","","5","144"
"144","202","","3","144"
"144","207","","2","144"
"144","212","","11","144"
"144","214","","1","144"
"144","215","","2","144"
"145","163","","4","145"
"145","168","","5","145"
"145","176","","1","145"
"145","177","","30","145"
"145","179","","5","145"
"145","181","","31","145"
"145","182","","1","145"
"145","191","","2","145"
"145","197","","1","145"
"145","201","","5","145"
"145","202","","3","145"
"145","212","","30","145"
"145","214","","1","145"
"145","215","","5","145"
"146","168","","1","146"
"146","177","","35","146"
"146","180","","10","146"
"146","181","","34","146"
"146","201","","6","146"
"146","202","","4","146"
"146","203","","7","146"
"146","207","","1","146"
"146","208","","1","146"
"146","212","","42","146"
"147","177","","4","147"
"147","180","","3","147"
"147","181","","10","147"
"147","201","","5","147"
"147","202","","4","147"
"147","212","","52","147"
"148","163","","6","148"
"148","168","","1","148"
"148","176","","1","148"
"148","177","","10","148"
"148","179","","2","148"
"148","180","","3","148"
"148","181","","9","148"
"148","201","","9","148"
"148","202","","1","148"
"148","212","","44","148"
"148","214","","1","148"
"148","215","","1","148"
"149","168","","1","149"
"149","179","","285","149"
"149","180","","2","149"
"149","181","","2","149"
"149","192","","14","149"
"150","168","","61","150"
"150","177","","2","150"
"150","179","","144","150"
"150","180","","91","150"
"150","181","","18","150"
"150","202","","24","150"
"150","203","","2","150"
"151","168","","7","151"
"151","177","","13","151"
"151","180","","12","151"
"151","181","","11","151"
"151","201","","1","151"
"151","202","","2","151"
"151","203","","2","151"
"151","215","","36","151"
"152","167","","1","152"
"152","171","","25","152"
"152","177","","53","152"
"152","180","","2","152"
"152","181","","16","152"
"152","195","","2","152"
"152","207","","1","152"
"152","215","","4","152"
"153","162","","1","153"
"153","163","","16","153"
"153","167","","2","153"
"153","168","","1","153"
"153","176","","1","153"
"153","177","","14","153"
"153","179","","7","153"
"153","180","","49","153"
"153","181","","56","153"
"153","191","","2","153"
"153","197","","3","153"
"153","201","","48","153"
"153","202","","5","153"
"153","203","","8","153"
"153","205","","1","153"
"153","212","","19","153"
"153","214","","4","153"
"153","215","","3","153"
"154","163","","1","154"
"154","167","","5","154"
"154","168","","1","154"
"154","177","","30","154"
"154","180","","29","154"
"154","181","","56","154"
"154","183","","1","154"
"154","184","","1","154"
"154","191","","4","154"
"154","201","","56","154"
"154","202","","5","154"
"154","203","","15","154"
"154","207","","1","154"
"154","212","","3","154"
"154","214","","2","154"
"154","215","","5","154"
"155","163","","3","155"
"155","166","","3","155"
"155","167","","1","155"
"155","168","","24","155"
"155","176","","4","155"
"155","177","","10","155"
"155","179","","3","155"
"155","180","","9","155"
"155","181","","9","155"
"155","212","","38","155"
"155","214","","1","155"
"155","215","","9","155"
"156","167","","1","156"
"156","177","","29","156"
"156","179","","13","156"
"156","180","","13","156"
"156","181","","2","156"
"156","192","","2","156"
"156","203","","41","156"
"156","207","","2","156"
"156","211","","13","156"
"156","212","","1","156"
"157","163","","1","157"
"157","167","","1","157"
"157","168","","10","157"
"157","177","","34","157"
"157","179","","4","157"
"157","180","","6","157"
"157","201","","1","157"
"157","202","","2","157"
"157","203","","3","157"
"157","212","","2","157"
"158","168","","2","158"
"158","177","","10","158"
"158","179","","1","158"
"158","180","","1","158"
"158","191","","8","158"
"158","203","","1","158"
"158","207","","1","158"
"158","212","","6","158"
"159","163","","1","159"
"159","168","","1","159"
"159","177","","13","159"
"159","180","","6","159"
"159","181","","2","159"
"159","191","","1","159"
"159","202","","1","159"
"159","207","","2","159"
"159","212","","47","159"
"160","162","","1","160"
"160","168","","5","160"
"160","177","","10","160"
"160","179","","1","160"
"160","180","","3","160"
"160","212","","1","160"
"160","214","","2","160"
"160","215","","16","160"
"161","177","","12","161"
"161","179","","9","161"
"161","180","","10","161"
"161","181","","3","161"
"161","196","","5","161"
"161","201","","2","161"
"161","207","","1","161"
"161","212","","12","161"
"162","167","","1","162"
"162","170","","1","162"
"162","176","","7","162"
"162","177","","13","162"
"162","179","","8","162"
"162","180","","27","162"
"162","181","","13","162"
"162","201","","1","162"
"162","202","","1","162"
"162","203","","6","162"
"162","207","","2","162"
"162","208","","5","162"
"162","212","","60","162"
"163","177","","149","163"
"163","179","","93","163"
"163","180","","16","163"
"163","181","","8","163"
"163","191","","1","163"
"163","196","","1","163"
"163","201","","1","163"
"163","212","","7","163"
"164","177","","31","164"
"164","180","","29","164"
"164","181","","1","164"
"164","190","","10","164"
"164","196","","3","164"
"164","201","","1","164"
"164","202","","3","164"
"164","203","","1","164"
"164","210","","3","164"
"165","163","","3","165"
"165","168","","2","165"
"165","171","","1","165"
"165","177","","19","165"
"165","179","","9","165"
"165","180","","6","165"
"165","181","","43","165"
"165","182","","1","165"
"165","197","","2","165"
"165","201","","3","165"
"165","202","","4","165"
"165","203","","7","165"
"165","212","","94","165"
"165","214","","4","165"
"165","215","","87","165"
"166","163","","33","166"
"166","168","","23","166"
"166","177","","8","166"
"166","179","","42","166"
"166","180","","50","166"
"166","181","","32","166"
"166","188","","3","166"
"166","202","","4","166"
"166","203","","2","166"
"166","212","","30","166"
"166","214","","4","166"
"167","166","","3","167"
"167","168","","4","167"
"167","176","","12","167"
"167","177","","8","167"
"167","180","","3","167"
"167","181","","5","167"
"167","202","","1","167"
"167","212","","4","167"
"167","215","","1","167"
"168","166","","1","168"
"168","168","","1","168"
"168","176","","23","168"
"168","177","","1","168"
"168","180","","4","168"
"168","195","","2","168"
"168","212","","6","168"
"168","215","","1","168"
"169","163","","1","169"
"169","168","","5","169"
"169","177","","66","169"
"169","180","","55","169"
"169","181","","62","169"
"169","212","","6","169"
"170","163","","13","170"
"170","168","","7","170"
"170","177","","19","170"
"170","179","","4","170"
"170","180","","6","170"
"170","181","","4","170"
"170","191","","1","170"
"170","201","","11","170"
"170","202","","2","170"
"170","203","","4","170"
"170","205","","2","170"
"170","208","","1","170"
"170","212","","24","170"
"170","214","","12","170"
"170","215","","36","170"
"171","177","","2","171"
"171","180","","7","171"
"171","181","","5","171"
"171","202","","1","171"
"171","203","","2","171"
"171","212","","3","171"
"171","214","","3","171"
"171","215","","28","171"
"172","163","","11","172"
"172","177","","20","172"
"172","179","","2","172"
"172","180","","9","172"
"172","201","","4","172"
"172","202","","2","172"
"172","203","","1","172"
"172","215","","43","172"
"173","163","","2","173"
"173","168","","1","173"
"173","177","","12","173"
"173","180","","13","173"
"173","181","","10","173"
"173","191","","1","173"
"173","197","","3","173"
"173","201","","3","173"
"173","202","","4","173"
"173","203","","5","173"
"173","212","","9","173"
"173","214","","3","173"
"173","215","","16","173"
"174","177","","11","174"
"174","180","","10","174"
"174","181","","14","174"
"174","191","","1","174"
"174","203","","27","174"
"174","212","","27","174"
"175","177","","21","175"
"175","180","","13","175"
"175","181","","1","175"
"175","201","","6","175"
"175","203","","8","175"
"175","212","","2","175"
"175","215","","96","175"
"176","168","","6","176"
"176","177","","7","176"
"176","180","","6","176"
"176","181","","2","176"
"176","201","","2","176"
"176","202","","3","176"
"176","203","","6","176"
"176","212","","7","176"
"176","214","","4","176"
"176","215","","13","176"
"177","168","","2","177"
"177","177","","6","177"
"177","179","","5","177"
"177","180","","19","177"
"177","197","","3","177"
"177","201","","5","177"
"177","202","","2","177"
"177","203","","1","177"
"177","208","","1","177"
"177","212","","5","177"
"177","215","","2","177"
"178","163","","2","178"
"1","162","","50","1"
"1","171","","150","1"
"1","176","","4","1"
"1","177","","7","1"
"1","195","","50","1"
"1","203","","1","1"
"1","206","","15","1"
"1","212","","1","1"
"1","215","","30","1"
"2","163","","12","2"
"2","168","","3","2"
"2","170","","1","2"
"2","177","","21","2"
"2","179","","49","2"
"2","180","","55","2"
"2","181","","7","2"
"2","203","","5","2"
"2","212","","26","2"
"3","163","","2","3"
"3","168","","94","3"
"3","176","","17","3"
"3","177","","47","3"
"3","179","","67","3"
"3","180","","34","3"
"3","181","","10","3"
"3","191","","1","3"
"3","193","","3","3"
"3","202","","1","3"
"3","203","","5","3"
"3","212","","63","3"
"4","177","4","41","4"
"5","163","","4","5"
"5","165","","3","5"
"5","168","","150","5"
"5","176","","3","5"
"5","177","","11","5"
"5","179","","15","5"
"5","180","","49","5"
"5","181","","9","5"
"5","192","","2","5"
"5","202","","1","5"
"5","203","","2","5"
"5","209","","1","5"
"5","212","","45","5"
"6","163","","2","6"
"6","168","","194","6"
"6","170","","2","6"
"6","176","","11","6"
"6","177","","28","6"
"6","179","","63","6"
"6","180","","47","6"
"6","209","","1","6"
"6","212","","68","6"
"7","163","","4","7"
"7","168","","263","7"
"7","176","","3","7"
"7","177","","6","7"
"7","179","","20","7"
"7","180","","42","7"
"7","181","","9","7"
"7","202","","2","7"
"7","203","","12","7"
"7","212","","18","7"
"8","163","","18","8"
"8","165","","1","8"
"8","168","","41","8"
"8","170","","1","8"
"8","176","","35","8"
"8","177","","22","8"
"8","180","","23","8"
"8","185","","1","8"
"8","191","","1","8"
"8","192","","2","8"
"8","196","","1","8"
"8","203","","1","8"
"8","212","","12","8"
"9","163","","8","9"
"9","177","","4","9"
"9","179","","13","9"
"9","180","","14","9"
"9","203","","1","9"
"9","205","","3","9"
"10","163","","2","10"
"10","168","","22","10"
"10","177","","10","10"
"10","179","","14","10"
"10","180","","17","10"
"10","192","","6","10"
"10","202","","1","10"
"10","203","","1","10"
"10","209","","4","10"
"10","212","","1","10"
"11","163","","11","11"
"11","165","","5","11"
"11","168","","62","11"
"11","177","","18","11"
"11","179","","8","11"
"11","180","","49","11"
"11","181","","3","11"
"11","182","","6","11"
"11","192","","1","11"
"11","202","","8","11"
"11","209","","11","11"
"11","212","","19","11"
"12","163","","10","12"
"12","168","","39","12"
"12","177","","7","12"
"12","179","","19","12"
"12","180","","23","12"
"12","181","","5","12"
"12","182","","8","12"
"12","192","","6","12"
"12","202","","1","12"
"12","203","","2","12"
"12","209","","45","12"
"12","212","","4","12"
"13","163","","16","13"
"13","176","","19","13"
"13","177","","91","13"
"13","178","","81","13"
"13","179","","3","13"
"13","180","","47","13"
"13","181","","3","13"
"13","187","","1","13"
"13","191","","5","13"
"13","192","","9","13"
"13","201","","1","13"
"13","202","","6","13"
"13","203","","21","13"
"13","205","","2","13"
"13","209","","90","13"
"13","212","","23","13"
"14","163","","20","14"
"14","176","","1","14"
"14","177","","18","14"
"14","180","","27","14"
"14","181","","5","14"
"14","191","","8","14"
"14","192","","13","14"
"14","196","","3","14"
"14","202","","5","14"
"14","203","","14","14"
"14","207","","3","14"
"14","209","","6","14"
"14","212","","30","14"
"15","163","","13","15"
"15","165","","8","15"
"15","176","","22","15"
"15","177","","84","15"
"15","180","","30","15"
"15","181","","18","15"
"15","191","","5","15"
"15","192","","10","15"
"15","198","","4","15"
"15","202","","2","15"
"15","203","","3","15"
"15","209","","7","15"
"15","212","","44","15"
"16","163","","9","16"
"16","170","","2","16"
"16","176","","12","16"
"16","177","","13","16"
"16","179","","1","16"
"16","181","","4","16"
"16","187","","1","16"
"16","191","","6","16"
"16","192","","9","16"
"16","196","","2","16"
"16","198","","2","16"
"16","203","","18","16"
"16","209","","4","16"
"16","212","","12","16"
"17","177","","1","17"
"17","179","","4","17"
"17","191","","7","17"
"17","192","","10","17"
"17","212","","2","17"
"18","163","","1","18"
"18","176","","30","18"
"18","177","","19","18"
"18","180","","9","18"
"18","191","","4","18"
"18","192","","46","18"
"18","196","","1","18"
"18","198","","3","18"
"18","203","","4","18"
"18","209","","12","18"
"18","212","","13","18"
"19","163","","5","19"
"19","177","","52","19"
"19","178","","1","19"
"19","179","","50","19"
"19","180","","7","19"
"19","181","","1","19"
"19","192","","29","19"
"19","202","","1","19"
"19","203","","2","19"
"20","163","","2","20"
"20","176","","21","20"
"20","177","","296","20"
"20","179","","44","20"
"20","180","","1","20"
"20","181","","2","20"
"20","192","","4","20"
"20","203","","6","20"
"21","177","","4","21"
"21","179","","2","21"
"21","180","","1","21"
"21","181","","2","21"
"21","192","","31","21"
"21","198","","13","21"
"21","201","","10","21"
"21","202","","1","21"
"21","203","","7","21"
"21","209","","3","21"
"21","212","","1","21"
"22","168","","2","22"
"22","176","","2","22"
"22","177","","6","22"
"22","179","","1","22"
"22","180","","9","22"
"22","181","","5","22"
"22","192","","35","22"
"22","198","","6","22"
"22","201","","2","22"
"22","203","","1","22"
"22","208","","2","22"
"22","209","","17","22"
"23","179","","2","23"
"23","192","","23","23"
"23","201","","1","23"
"23","209","","12","23"
"24","162","","8","24"
"24","159","","1","24"
"24","164","","68","24"
"24","167","","45","24"
"24","170","","2","24"
"24","176","","87","24"
"24","185","","2","24"
"24","190","","1","24"
"24","200","","10","24"
"24","201","","2","24"
"24","202","","27","24"
"24","203","","20","24"
"24","204","","3","24"
"24","206","","1","24"
"24","207","","38","24"
"24","226","","3","24"
"25","163","","5","25"
"25","168","","32","25"
"25","175","","1","25"
"25","176","","1","25"
"25","177","","83","25"
"25","179","","68","25"
"25","180","","52","25"
"25","181","","3","25"
"25","192","","4","25"
"25","201","","1","25"
"25","212","","10","25"
"26","163","","6","26"
"26","177","","1","26"
"26","180","","7","26"
"26","181","","2","26"
"26","202","","2","26"
"26","203","","6","26"
"26","212","","19","26"
"26","214","","2","26"
"27","163","","6","27"
"27","168","","1","27"
"27","176","","1","27"
"27","177","","2","27"
"27","181","","1","27"
"27","206","","2","27"
"27","212","","1","27"
"27","213","","2","27"
"27","214","","3","27"
"27","215","","18","27"
"28","163","","12","28"
"28","177","","43","28"
"28","178","","3","28"
"28","179","","14","28"
"28","180","","28","28"
"28","191","","1","28"
"28","196","","1","28"
"28","201","","1","28"
"28","203","","2","28"
"28","212","","14","28"
"29","163","","1","29"
"29","168","","3","29"
"29","177","","466","29"
"29","180","","3","29"
"29","201","","2","29"
"29","202","","2","29"
"29","212","","17","29"
"30","163","","1","30"
"30","168","","6","30"
"30","170","","3","30"
"30","171","","1","30"
"30","176","","3","30"
"30","177","","1","30"
"30","179","","7","30"
"30","180","","8","30"
"30","181","","4","30"
"30","201","","2","30"
"30","202","","1","30"
"30","203","","3","30"
"30","208","","1","30"
"30","212","","2","30"
"31","163","","9","31"
"31","179","","1","31"
"31","180","","13","31"
"31","191","","1","31"
"31","201","","1","31"
"31","203","","5","31"
"31","207","","0","31"
"31","208","","1","31"
"32","163","","3","32"
"32","168","","14","32"
"32","179","","2","32"
"32","180","","3","32"
"32","181","","1","32"
"32","203","","7","32"
"32","212","","1","32"
"33","163","","1","33"
"33","177","","50","33"
"33","179","","13","33"
"33","180","","95","33"
"33","192","","3","33"
"33","202","","3","33"
"33","203","","9","33"
"33","208","","1","33"
"33","212","","30","33"
"34","163","","21","34"
"34","167","","2","34"
"34","168","","186","34"
"34","177","","40","34"
"34","179","","6","34"
"34","180","","53","34"
"34","181","","56","34"
"34","192","","1","34"
"34","201","","6","34"
"34","202","","3","34"
"34","203","","19","34"
"34","212","","56","34"
"35","163","","1","35"
"35","167","","2","35"
"35","168","","14","35"
"35","177","","34","35"
"35","179","","2","35"
"35","180","","22","35"
"35","181","","7","35"
"35","187","","3","35"
"35","201","","14","35"
"35","203","","19","35"
"35","204","","3","35"
"35","212","","51","35"
"35","214","","2","35"
"36","168","","4","36"
"36","180","","4","36"
"36","181","","11","36"
"36","201","","4","36"
"36","202","","3","36"
"36","203","","19","36"
"36","212","","4","36"
"36","214","","2","36"
"37","163","","2","37"
"37","167","","1","37"
"37","168","","8","37"
"37","179","","2","37"
"37","180","","25","37"
"37","181","","11","37"
"37","197","","1","37"
"37","200","","1","37"
"37","201","","9","37"
"37","202","","6","37"
"37","203","","4","37"
"37","208","","0","37"
"37","212","","25","37"
"37","214","","2","37"
"38","177","","6","38"
"38","179","","1","38"
"38","180","","5","38"
"38","191","","3","38"
"38","196","","10","38"
"38","212","","2","38"
"39","180","","2","39"
"39","196","","1","39"
"39","201","","1","39"
"39","212","","6","39"
"40","168","","16","40"
"40","180","","33","40"
"40","181","","2","40"
"40","213","","2","40"
"40","215","","102","40"
"41","168","","2","41"
"41","180","","3","41"
"41","181","","9","41"
"41","201","","5","41"
"41","202","","10","41"
"41","203","","1","41"
"41","212","","11","41"
"41","214","","1","41"
"41","215","","9","41"
"42","163","","1","42"
"42","168","","1","42"
"42","171","","10","42"
"42","177","","10","42"
"42","180","","2","42"
"42","181","","2","42"
"42","203","","1","42"
"42","207","","2","42"
"42","212","","1","42"
"42","215","","46","42"
"43","166","","8","43"
"43","168","","10","43"
"43","170","","1","43"
"43","171","","76","43"
"43","176","","1","43"
"43","177","","76","43"
"43","202","","3","43"
"43","203","","4","43"
"43","207","","3","43"
"43","212","","2","43"
"43","213","","2","43"
"43","215","","152","43"
"44","176","","1","44"
"44","177","","5","44"
"44","179","","8","44"
"44","180","","2","44"
"44","192","","5","44"
"44","201","","1","44"
"44","207","","2","44"
"44","212","","11","44"
"45","177","","1","45"
"45","179","","4","45"
"45","212","","32","45"
"46","168","","2","46"
"46","177","","29","46"
"46","179","","2","46"
"46","180","","5","46"
"46","181","","2","46"
"46","192","","1","46"
"46","201","","4","46"
"46","202","","2","46"
"46","203","","4","46"
"46","208","","3","46"
"46","212","","18","46"
"47","163","","3","47"
"47","168","","10","47"
"47","179","","1","47"
"47","180","","25","47"
"47","181","","6","47"
"47","201","","3","47"
"47","202","","1","47"
"47","203","","0","47"
"47","212","","34","47"
"47","214","","10","47"
"47","215","","5","47"
"48","168","","5","48"
"48","179","","4","48"
"48","180","","13","48"
"48","181","","12","48"
"48","190","","1","48"
"48","201","","3","48"
"48","202","","3","48"
"48","203","","3","48"
"48","212","","13","48"
"48","214","","4","48"
"48","215","","33","48"
"49","168","","5","49"
"49","180","","4","49"
"49","181","","13","49"
"49","201","","13","49"
"49","202","","16","49"
"49","203","","12","49"
"49","204","","1","49"
"49","212","","5","49"
"49","214","","5","49"
"49","215","","1","49"
"50","168","","21","50"
"50","180","","21","50"
"50","181","","6","50"
"50","200","","1","50"
"50","201","","4","50"
"50","202","","1","50"
"50","203","","7","50"
"50","207","","1","50"
"50","212","","24","50"
"50","214","","7","50"
"50","215","","2","50"
"51","163","","1","51"
"51","168","","5","51"
"51","179","","10","51"
"51","180","","7","51"
"51","181","","10","51"
"51","201","","2","51"
"51","203","","1","51"
"51","208","","0","51"
"51","212","","57","51"
"51","214","","6","51"
"52","163","","4","52"
"52","168","","14","52"
"52","179","","10","52"
"52","180","","13","52"
"52","181","","31","52"
"52","182","","7","52"
"52","190","","1","52"
"52","197","","1","52"
"52","201","","2","52"
"52","202","","10","52"
"52","203","","4","52"
"52","207","","1","52"
"52","208","","0","52"
"52","212","","112","52"
"52","214","","9","52"
"52","215","","2","52"
"53","168","","17","53"
"53","180","","5","53"
"53","181","","10","53"
"53","200","","1","53"
"53","201","","1","53"
"53","202","","3","53"
"53","203","","2","53"
"53","212","","53","53"
"53","214","","3","53"
"54","162","","2","54"
"54","168","","35","54"
"54","177","","16","54"
"54","180","","15","54"
"54","181","","29","54"
"54","201","","6","54"
"54","202","","10","54"
"54","203","","4","54"
"54","208","","1","54"
"54","212","","71","54"
"55","168","","31","55"
"55","180","","5","55"
"55","201","","1","55"
"55","208","","0","55"
"55","212","","5","55"
"56","162","","5","56"
"56","163","","1","56"
"56","167","","1","56"
"56","168","","33","56"
"56","180","","2","56"
"56","181","","4","56"
"56","200","","1","56"
"56","201","","1","56"
"56","202","","1","56"
"56","203","","3","56"
"56","207","","1","56"
"56","212","","21","56"
"56","214","","3","56"
"56","215","","29","56"
"57","168","","17","57"
"57","180","","13","57"
"57","181","","3","57"
"57","200","","1","57"
"57","215","","54","57"
"58","162","","3","58"
"58","168","","1","58"
"58","171","","43","58"
"58","177","","43","58"
"58","180","","1","58"
"58","194","","4","58"
"58","195","","46","58"
"58","201","","2","58"
"58","206","","1","58"
"58","212","","4","58"
"58","213","","1","58"
"58","214","","1","58"
"58","215","","70","58"
"59","163","","14","59"
"59","168","","19","59"
"59","180","","32","59"
"59","181","","11","59"
"59","191","","2","59"
"59","201","","25","59"
"59","202","","7","59"
"59","203","","18","59"
"59","206","","11","59"
"59","207","","6","59"
"59","212","","10","59"
"60","180","","7","60"
"60","181","","1","60"
"60","191","","7","60"
"60","201","","4","60"
"60","203","","4","60"
"60","206","","3","60"
"60","207","","12","60"
"61","163","","11","61"
"61","168","","99","61"
"61","179","","3","61"
"61","180","","82","61"
"61","181","","20","61"
"61","201","","2","61"
"61","202","","3","61"
"61","207","","9","61"
"61","212","","62","61"
"62","177","","5","62"
"62","179","","7","62"
"62","180","","60","62"
"62","181","","5","62"
"62","192","","3","62"
"62","202","","1","62"
"62","203","","3","62"
"62","212","","39","62"
"63","177","","9","63"
"63","179","","27","63"
"63","180","","10","63"
"63","181","","1","63"
"63","192","","33","63"
"63","212","","23","63"
"64","177","","13","64"
"64","178","","1","64"
"64","179","","3","64"
"64","180","","37","64"
"64","181","","3","64"
"64","187","","5","64"
"64","191","","23","64"
"64","196","","1","64"
"64","201","","3","64"
"64","203","","17","64"
"64","212","","12","64"
"65","163","","40","65"
"65","177","","7","65"
"65","180","","11","65"
"65","181","","18","65"
"65","191","","30","65"
"65","196","","17","65"
"65","201","","7","65"
"65","202","","1","65"
"65","203","","9","65"
"65","212","","40","65"
"66","163","","3","66"
"66","168","","29","66"
"66","177","","17","66"
"66","179","","1","66"
"66","180","","9","66"
"66","181","","4","66"
"66","201","","3","66"
"66","207","","1","66"
"66","212","","46","66"
"67","177","","41","67"
"67","179","","7","67"
"67","180","","19","67"
"67","181","","10","67"
"67","192","","8","67"
"67","203","","1","67"
"67","212","","56","67"
"68","168","","6","68"
"68","179","","11","68"
"68","180","","26","68"
"68","181","","6","68"
"68","192","","22","68"
"68","203","","2","68"
"68","207","","1","68"
"68","212","","64","68"
"69","168","","5","69"
"69","177","","14","69"
"69","180","","13","69"
"69","181","","3","69"
"69","212","","16","69"
"70","163","","60","70"
"70","168","","72","70"
"70","177","","1","70"
"70","179","","29","70"
"70","180","","57","70"
"70","181","","68","70"
"70","182","","38","70"
"70","186","","1","70"
"70","192","","18","70"
"70","201","","3","70"
"70","203","","1","70"
"70","208","","2","70"
"70","209","","1","70"
"70","212","","3","70"
"71","163","","7","71"
"71","164","","1","71"
"71","167","","4","71"
"71","168","","12","71"
"71","176","","21","71"
"71","177","","40","71"
"71","179","","7","71"
"71","180","","47","71"
"71","181","","79","71"
"71","202","","3","71"
"71","205","","1","71"
"71","212","","8","71"
"72","163","","1","72"
"72","168","","3","72"
"72","180","","5","72"
"72","181","","3","72"
"72","191","","2","72"
"72","196","","1","72"
"72","201","","3","72"
"72","212","","29","72"
"73","179","","2","73"
"73","180","","5","73"
"73","191","","2","73"
"73","203","","1","73"
"73","212","","8","73"
"74","163","","14","74"
"74","168","","52","74"
"74","179","","3","74"
"74","180","","49","74"
"74","181","","7","74"
"74","196","","1","74"
"74","212","","11","74"
"75","177","","67","75"
"75","180","","8","75"
"75","181","","4","75"
"75","191","","2","75"
"75","212","","26","75"
"76","168","","2","76"
"76","202","","1","76"
"76","205","","1","76"
"76","212","","3","76"
"77","163","","4","77"
"77","179","","15","77"
"77","180","","5","77"
"77","181","","2","77"
"77","202","","2","77"
"77","203","","1","77"
"77","212","","4","77"
"77","214","","4","77"
"78","163","","13","78"
"78","177","","67","78"
"78","178","","446","78"
"78","179","","6","78"
"78","180","","17","78"
"78","181","","2","78"
"78","191","","4","78"
"78","196","","13","78"
"78","202","","2","78"
"78","203","","1","78"
"78","212","","9","78"
"79","163","","25","79"
"79","177","","41","79"
"79","178","","37","79"
"79","180","","19","79"
"79","181","","1","79"
"79","191","","3","79"
"79","196","","4","79"
"79","202","","2","79"
"79","212","","17","79"
"80","177","","7","80"
"80","179","","17","80"
"80","180","","9","80"
"80","192","","16","80"
"80","202","","5","80"
"80","208","","1","80"
"80","212","","39","80"
"81","163","","1","81"
"81","177","","54","81"
"81","179","","28","81"
"81","180","","7","81"
"81","181","","1","81"
"81","192","","3","81"
"81","208","","1","81"
"81","212","","18","81"
"82","163","","3","82"
"82","177","","9","82"
"82","179","","17","82"
"82","180","","32","82"
"82","181","","3","82"
"82","192","","4","82"
"82","202","","1","82"
"82","203","","2","82"
"82","208","","4","82"
"82","212","","38","82"
"83","163","","1","83"
"83","177","","11","83"
"83","179","","12","83"
"83","180","","5","83"
"83","192","","12","83"
"83","212","","42","83"
"84","163","","5","84"
"84","168","","55","84"
"84","177","","32","84"
"84","179","","3","84"
"84","180","","15","84"
"84","181","","6","84"
"84","201","","3","84"
"84","203","","2","84"
"84","212","","40","84"
"85","168","","5","85"
"85","177","","9","85"
"85","180","","22","85"
"85","181","","15","85"
"85","201","","2","85"
"85","203","","12","85"
"85","205","","1","85"
"85","212","","60","85"
"86","168","","6","86"
"86","180","","13","86"
"86","181","","4","86"
"86","202","","4","86"
"86","203","","3","86"
"86","212","","4","86"
"86","214","","1","86"
"87","168","","2","87"
"87","179","","2","87"
"87","180","","4","87"
"87","202","","1","87"
"87","212","","1","87"
"87","214","","1","87"
"87","215","","17","87"
"88","163","","2","88"
"88","168","","2","88"
"88","180","","21","88"
"88","181","","8","88"
"88","202","","1","88"
"88","203","","1","88"
"88","207","","2","88"
"88","213","","2","88"
"88","214","","1","88"
"88","215","","74","88"
"89","168","","13","89"
"89","170","","1","89"
"89","171","","38","89"
"89","173","","1","89"
"89","176","","1","89"
"89","177","","38","89"
"89","180","","5","89"
"89","181","","2","89"
"89","207","","6","89"
"89","208","","1","89"
"89","212","","1","89"
"89","213","","1","89"
"89","215","","18","89"
"90","163","","8","90"
"90","168","","3","90"
"90","179","","2","90"
"90","180","","4","90"
"90","181","","9","90"
"90","182","","2","90"
"90","201","","1","90"
"90","203","","3","90"
"90","207","","1","90"
"178","168","","2","178"
"178","177","","2","178"
"178","179","","1","178"
"178","180","","3","178"
"178","181","","2","178"
"178","197","","6","178"
"178","201","","1","178"
"178","212","","6","178"
"178","214","","3","178"
"178","215","","10","178"
"179","177","","9","179"
"179","180","","2","179"
"179","197","","5","179"
"179","201","","14","179"
"179","202","","3","179"
"179","203","","13","179"
"179","207","","1","179"
"179","212","","2","179"
"180","186","","1","180"
"180","189","","1","180"
"180","191","","2","180"
"180","201","","5","180"
"180","203","","114","180"
"180","204","","1","180"
"180","208","","2","180"
"180","210","","11","180"
"180","226","","2","180"
"181","175","","6","181"
"181","177","","2","181"
"181","180","","2","181"
"181","181","","1","181"
"181","191","","1","181"
"181","201","","1","181"
"181","202","","1","181"
"181","203","","24","181"
"181","207","","2","181"
"181","210","","17","181"
"181","226","","5","181"
"182","189","","1","182"
"182","191","","3","182"
"182","203","","2","182"
"183","172","","24","183"
"183","175","","2","183"
"183","180","","6","183"
"183","186","","3","183"
"183","191","","10","183"
"183","201","","2","183"
"183","202","","1","183"
"183","203","","14","183"
"184","168","","4","184"
"184","177","","10","184"
"184","180","","4","184"
"184","181","","10","184"
"184","197","","2","184"
"184","201","","1","184"
"184","202","","1","184"
"184","203","","2","184"
"184","215","","3","184"
"185","168","","1","185"
"185","171","","39","185"
"185","176","","4","185"
"185","177","","50","185"
"185","181","","8","185"
"185","184","","2","185"
"185","203","","1","185"
"185","212","","3","185"
"185","226","","13","185"
"185","213","","5","185"
"185","214","","1","185"
"185","215","","58","185"
"186","166","","10","186"
"186","168","","1","186"
"186","176","","9","186"
"186","181","","1","186"
"186","200","","2","186"
"186","202","","2","186"
"186","203","","29","186"
"186","205","","2","186"
"186","206","","1","186"
"186","209","","6","186"
"186","212","","9","186"
"187","166","","41","187"
"187","168","","1","187"
"187","176","","23","187"
"187","181","","1","187"
"187","203","","2","187"
"187","212","","1","187"
"187","215","","27","187"
"188","168","","6","188"
"188","176","","9","188"
"188","177","","1","188"
"188","180","","6","188"
"188","181","","17","188"
"188","203","","1","188"
"188","208","","1","188"
"188","212","","29","188"
"188","215","","19","188"
"189","167","","2","189"
"189","168","","3","189"
"189","170","","1","189"
"189","176","","6","189"
"189","177","","14","189"
"189","180","","5","189"
"189","181","","9","189"
"189","212","","1","189"
"189","215","","5","189"
"190","163","","1","190"
"190","168","","4","190"
"190","176","","6","190"
"190","180","","2","190"
"190","181","","16","190"
"190","212","","48","190"
"190","214","","1","190"
"190","215","","38","190"
"191","168","","2","191"
"191","176","","8","191"
"191","177","","1","191"
"191","181","","15","191"
"191","202","","1","191"
"191","212","","20","191"
"191","215","","12","191"
"192","166","","4","192"
"192","168","","1","192"
"192","176","","28","192"
"192","181","","12","192"
"192","212","","32","192"
"192","215","","4","192"
"193","177","","20","193"
"193","180","","11","193"
"193","181","","21","193"
"193","197","","1","193"
"193","201","","1","193"
"193","202","","2","193"
"193","205","","3","193"
"193","212","","12","193"
"193","226","","1","193"
"193","215","","25","193"
"194","168","","6","194"
"194","180","","6","194"
"194","181","","7","194"
"194","197","","2","194"
"194","201","","9","194"
"194","203","","5","194"
"194","212","","2","194"
"194","226","","1","194"
"194","215","","12","194"
"195","167","","1","195"
"195","168","","5","195"
"195","170","","1","195"
"195","180","","6","195"
"195","181","","39","195"
"195","197","","1","195"
"195","201","","24","195"
"195","202","","8","195"
"195","208","","1","195"
"195","226","","12","195"
"195","215","","8","195"
"196","163","","2","196"
"196","177","","18","196"
"196","180","","6","196"
"196","181","","13","196"
"196","201","","8","196"
"196","202","","2","196"
"196","203","","4","196"
"196","212","","14","196"
"196","214","","4","196"
"196","215","","36","196"
"197","163","","1","197"
"197","168","","2","197"
"197","171","","2","197"
"197","177","","32","197"
"197","179","","1","197"
"197","180","","6","197"
"197","181","","5","197"
"197","182","","1","197"
"197","201","","5","197"
"197","203","","2","197"
"197","205","","1","197"
"197","212","","9","197"
"197","215","","44","197"
"198","162","","16","198"
"198","177","","1","198"
"198","180","","7","198"
"198","181","","20","198"
"198","186","","1","198"
"198","191","","2","198"
"198","201","","41","198"
"198","202","","2","198"
"198","203","","5","198"
"198","205","","1","198"
"198","206","","1","198"
"198","208","","2","198"
"198","212","","30","198"
"198","214","","2","198"
"198","215","","6","198"
"199","162","","1","199"
"199","168","","2","199"
"199","177","","3","199"
"199","180","","16","199"
"199","181","","12","199"
"199","201","","5","199"
"199","202","","1","199"
"199","203","","30","199"
"199","206","","2","199"
"199","208","","7","199"
"199","212","","33","199"
"200","162","","11","200"
"200","163","","2","200"
"200","168","","3","200"
"200","177","","7","200"
"200","180","","5","200"
"200","181","","55","200"
"200","201","","8","200"
"200","202","","29","200"
"200","203","","20","200"
"200","206","","6","200"
"200","207","","2","200"
"200","208","","13","200"
"200","212","","47","200"
"201","162","","9","201"
"201","163","","3","201"
"201","177","","19","201"
"201","180","","3","201"
"201","181","","7","201"
"201","201","","2","201"
"201","203","","2","201"
"201","206","","5","201"
"201","212","","149","201"
"201","215","","3","201"
"202","170","","1","202"
"202","171","","3","202"
"202","177","","12","202"
"202","180","","7","202"
"202","181","","9","202"
"202","201","","5","202"
"202","202","","3","202"
"202","207","","2","202"
"202","212","","3","202"
"202","226","","1","202"
"202","214","","4","202"
"202","215","","62","202"
"203","168","","20","203"
"203","170","","2","203"
"203","171","","1","203"
"203","177","","18","203"
"203","180","","12","203"
"203","181","","7","203"
"203","212","","11","203"
"203","214","","4","203"
"203","215","","36","203"
"204","167","","4","204"
"204","168","","1","204"
"204","170","","1","204"
"204","177","","26","204"
"204","180","","11","204"
"204","181","","29","204"
"204","201","","46","204"
"204","202","","3","204"
"204","203","","11","204"
"204","212","","44","204"
"205","162","","3","205"
"205","168","","12","205"
"205","171","","5","205"
"205","177","","25","205"
"205","180","","5","205"
"205","181","","20","205"
"205","203","","6","205"
"205","206","","1","205"
"205","212","","1","205"
"205","214","","2","205"
"205","215","","123","205"
"206","162","","4","206"
"206","166","","2","206"
"206","167","","1","206"
"206","168","","3","206"
"206","171","","17","206"
"206","177","","126","206"
"206","180","","1","206"
"206","194","","83","206"
"206","195","","19","206"
"206","203","","3","206"
"206","205","","1","206"
"206","206","","1","206"
"206","212","","3","206"
"206","213","","2","206"
"206","215","","46","206"
"207","163","","1","207"
"207","168","","11","207"
"207","170","","1","207"
"207","177","","32","207"
"207","179","","1","207"
"207","180","","7","207"
"207","181","","7","207"
"207","202","","2","207"
"207","203","","3","207"
"207","212","","1","207"
"207","214","","3","207"
"207","215","","113","207"
"208","162","","3","208"
"208","168","","2","208"
"208","171","","1","208"
"208","177","","31","208"
"208","181","","15","208"
"208","202","","3","208"
"208","203","","3","208"
"208","204","","1","208"
"208","212","","3","208"
"208","214","","3","208"
"208","215","","117","208"
"209","176","4.5","1","209"
"209","177","3","78","209"
"209","212","4","1","209"
"209","177","3.5","34","209"
"209","177","4","53","209"
"209","177","4.5","126","209"
"209","177","5","53","209"
"209","177","5.5","10","209"
"209","177","6","9","209"
"209","212","4.5","4","209"
"209","212","5","11","209"
"209","212","5.5","3","209"
"209","212","6.5","1","209"
"210","168","6.5","1","210"
"210","177","3","74","210"
"210","180","7","2","210"
"210","212","4.5","1","210"
"210","215","5","1","210"
"210","168","7","3","210"
"210","168","7.5","1","210"
"210","177","3.5","34","210"
"210","177","4","48","210"
"210","177","4.5","38","210"
"210","177","5","15","210"
"210","177","6","4","210"
"210","177","7","1","210"
"210","180","8","1","210"
"210","212","5","2","210"
"211","163","7","1","211"
"211","168","4","3","211"
"211","177","7","1","211"
"211","180","4","1","211"
"211","181","6.5","2","211"
"211","202","7.5","1","211"
"211","203","3.5","1","211"
"211","205","6","1","211"
"211","207","9.5","1","211"
"211","212","4","1","211"
"211","168","4.5","9","211"
"211","168","5","18","211"
"211","168","5.5","26","211"
"211","168","6","14","211"
"211","168","6.5","3","211"
"211","168","7.5","1","211"
"211","168","9.5","4","211"
"211","168","10","1","211"
"211","168","10.5","3","211"
"211","168","11","1","211"
"211","168","12","1","211"
"211","168","7","2","211"
"211","177","5.5","6","211"
"211","177","4.5","1","211"
"211","177","6","5","211"
"211","177","5","3","211"
"211","180","4.5","5","211"
"211","180","5","13","211"
"211","180","5.5","2","211"
"211","180","6","7","211"
"211","180","6.5","4","211"
"211","180","7","5","211"
"211","180","7.5","2","211"
"211","180","9","1","211"
"211","180","10","3","211"
"211","180","11","1","211"
"211","180","11.5","1","211"
"211","180","12","3","211"
"211","180","12.5","2","211"
"211","180","13","2","211"
"211","181","7","2","211"
"211","181","7.5","4","211"
"211","181","8","3","211"
"211","181","8.5","1","211"
"211","181","9","1","211"
"211","181","9.5","1","211"
"211","181","10","5","211"
"211","181","11.5","2","211"
"211","181","12","6","211"
"211","181","12.5","1","211"
"211","181","13","1","211"
"211","181","14","2","211"
"211","181","14.5","3","211"
"211","181","15","4","211"
"211","181","16","1","211"
"211","181","17","3","211"
"211","202","10","1","211"
"211","203","4","1","211"
"211","212","4.5","7","211"
"211","212","5","12","211"
"211","212","5.5","4","211"
"211","212","6","3","211"
"211","212","6.5","1","211"
"211","212","7","1","211"
"211","212","7.5","1","211"
"212","168","4.5","1","212"
"212","176","3","7","212"
"212","177","3","30","212"
"212","179","5","3","212"
"212","180","5","4","212"
"212","181","4","1","212"
"212","201","5","1","212"
"212","202","8","2","212"
"212","203","3","4","212"
"212","212","4","4","212"
"212","168","5","2","212"
"212","168","5.5","1","212"
"212","168","6","2","212"
"212","168","6.5","1","212"
"212","168","11.5","1","212"
"212","176","3.5","6","212"
"212","176","4","13","212"
"212","176","4.5","22","212"
"212","176","5","5","212"
"212","176","5.5","2","212"
"212","176","6","6","212"
"212","176","8","1","212"
"212","177","3.5","39","212"
"212","177","4","104","212"
"212","177","4.5","191","212"
"212","177","5","101","212"
"212","177","5.5","22","212"
"212","177","6","18","212"
"212","177","6.5","5","212"
"212","179","6","1","212"
"212","179","7.5","1","212"
"212","180","5.5","5","212"
"212","180","6","8","212"
"212","180","6.5","3","212"
"212","180","7","4","212"
"212","180","11","2","212"
"212","180","11.5","1","212"
"212","181","4.5","3","212"
"212","181","5","15","212"
"212","181","5.5","8","212"
"212","181","6","4","212"
"212","181","14","1","212"
"212","201","5.5","3","212"
"212","201","6","5","212"
"212","201","6.5","1","212"
"212","202","8.5","1","212"
"212","203","4","1","212"
"212","203","4.5","5","212"
"212","203","6","1","212"
"212","212","4.5","27","212"
"212","212","5","15","212"
"212","212","5.5","3","212"
"212","212","6","3","212"
"212","212","7","1","212"
"213","168","3","1","213"
"213","176","3","1","213"
"213","177","3","145","213"
"213","180","4","3","213"
"213","181","3","1","213"
"213","212","3.5","7","213"
"213","168","4.5","3","213"
"213","168","5","3","213"
"213","168","5.5","2","213"
"213","168","6","2","213"
"213","168","6.5","1","213"
"213","168","8.5","1","213"
"213","176","3.5","1","213"
"213","176","4","7","213"
"213","176","4.5","2","213"
"213","176","5","1","213"
"213","176","5.5","2","213"
"213","176","6","4","213"
"213","176","6.5","1","213"
"213","176","7","1","213"
"213","177","3.5","84","213"
"213","177","4","62","213"
"213","177","4.5","43","213"
"213","177","5","18","213"
"213","177","5.5","3","213"
"213","177","6","1","213"
"213","180","4.5","4","213"
"213","180","5","6","213"
"213","180","5.5","4","213"
"213","180","6","7","213"
"213","180","6.5","2","213"
"213","180","7","1","213"
"213","180","7.5","1","213"
"213","180","10","1","213"
"213","181","3.5","1","213"
"213","181","4","5","213"
"213","181","4.5","7","213"
"213","181","5","4","213"
"213","181","5.5","1","213"
"213","181","6","1","213"
"213","181","10","1","213"
"213","181","11","1","213"
"213","212","4","34","213"
"213","212","4.5","23","213"
"213","212","5","3","213"
"214","168","5.5","1","214"
"214","168","6","1","214"
"214","168","6.5","2","214"
"214","168","7","1","214"
"214","168","7.5","2","214"
"214","168","8","4","214"
"214","168","8.5","13","214"
"214","168","9","13","214"
"214","168","9.5","10","214"
"214","168","10","22","214"
"214","168","10.5","12","214"
"214","168","11","12","214"
"214","168","11.5","3","214"
"214","168","12","2","214"
"214","168","12.5","1","214"
"214","168","13","1","214"
"214","168","14","1","214"
"214","168","14.5","2","214"
"214","168","15","2","214"
"214","168","16","1","214"
"214","176","3.5","3","214"
"214","176","4","1","214"
"214","176","4.5","1","214"
"214","176","5","1","214"
"214","176","5.5","1","214"
"214","176","6","2","214"
"214","176","6.5","2","214"
"214","176","8","1","214"
"214","177","3.5","31","214"
"214","177","4","10","214"
"214","177","4.5","48","214"
"214","177","5","53","214"
"214","177","5.5","28","214"
"214","177","6","7","214"
"214","177","6.5","1","214"
"214","179","3.5","1","214"
"214","179","4.5","5","214"
"214","179","5","7","214"
"214","179","5.5","4","214"
"214","179","6","6","214"
"214","179","6.5","6","214"
"214","179","7","8","214"
"214","179","7.5","3","214"
"214","179","8","1","214"
"214","180","5","17","214"
"214","180","5.5","6","214"
"214","180","6","7","214"
"214","180","6.5","4","214"
"214","180","7","6","214"
"214","180","7.5","3","214"
"214","180","8","3","214"
"214","180","8.5","5","214"
"214","180","9","5","214"
"214","180","9.5","4","214"
"214","180","10","3","214"
"214","180","10.5","3","214"
"214","180","11","3","214"
"214","180","11.5","2","214"
"214","180","12.5","1","214"
"214","180","13","2","214"
"214","180","14","1","214"
"214","180","14.5","2","214"
"214","180","15","1","214"
"214","180","16","1","214"
"214","181","5","6","214"
"214","181","5.5","2","214"
"214","181","6","4","214"
"214","181","6.5","1","214"
"214","181","7","1","214"
"214","181","9.5","1","214"
"214","181","10.5","2","214"
"214","181","11","1","214"
"214","202","7.5","1","214"
"214","212","3.5","22","214"
"214","212","4","36","214"
"214","212","4.5","23","214"
"214","212","5","5","214"
"214","212","5.5","1","214"
"214","212","6","1","214"
"214","168","4.5","1","214"
"214","170","9","1","214"
"214","176","3","4","214"
"214","177","3","16","214"
"214","179","3","1","214"
"214","180","4.5","1","214"
"214","181","4.5","2","214"
"214","202","5","1","214"
"214","203","","6","214"
"214","207","7","1","214"
"214","212","3","9","214"
"215","168","3.5","3","215"
"215","168","4","19","215"
"215","168","4.5","51","215"
"215","168","5","13","215"
"215","168","5.5","14","215"
"215","168","6","2","215"
"215","168","7","1","215"
"215","168","7.5","1","215"
"215","168","8","4","215"
"215","168","8.5","1","215"
"215","168","9","3","215"
"215","168","12","1","215"
"215","168","13","1","215"
"215","177","4.5","19","215"
"215","177","5","11","215"
"215","177","5.5","3","215"
"215","177","6","1","215"
"215","168","3","1","215"
"215","177","4","9","215"
"215","179","3.5","3","215"
"215","180","4","1","215"
"215","181","4.5","1","215"
"215","209","3.5","2","215"
"215","212","3","11","215"
"215","180","9.5","1","215"
"215","181","5","3","215"
"215","181","6","1","215"
"215","181","10.5","1","215"
"215","209","4","5","215"
"215","209","4.5","2","215"
"215","212","3.5","21","215"
"215","212","4","25","215"
"215","212","4.5","36","215"
"215","212","5","14","215"
"215","212","5.5","1","215"
"215","212","6","1","215"
"215","212","6.5","1","215"
"215","177","6.5","2","215"
"215","177","7","1","215"
"215","179","4","3","215"
"215","179","4.5","2","215"
"215","179","5","1","215"
"215","179","5.5","1","215"
"215","179","8","1","215"
"215","180","4.5","1","215"
"215","180","5","1","215"
"215","180","5.5","1","215"
"215","180","7","1","215"
"215","180","8","1","215"
"215","180","8.5","1","215"
"216","167","4.5","1","216"
"216","168","3","1","216"
"216","176","4.5","1","216"
"216","177","3","70","216"
"216","179","6","2","216"
"216","180","5","4","216"
"216","181","4","1","216"
"216","190","23","1","216"
"216","203","3","1","216"
"216","212","3.5","12","216"
"216","167","5","5","216"
"216","167","5.5","2","216"
"216","167","6","1","216"
"216","168","3.5","1","216"
"216","168","5","7","216"
"216","168","5.5","2","216"
"216","168","6","2","216"
"216","168","6.5","3","216"
"216","168","9","1","216"
"216","168","10.5","1","216"
"216","168","11.5","1","216"
"216","176","6","1","216"
"216","176","6.5","1","216"
"216","177","3.5","36","216"
"216","177","4","54","216"
"216","177","4.5","93","216"
"216","177","5","76","216"
"216","177","5.5","21","216"
"216","177","6","20","216"
"216","177","6.5","1","216"
"216","177","7","2","216"
"216","179","7","1","216"
"216","180","7","1","216"
"216","180","12","1","216"
"216","180","14","1","216"
"216","181","4.5","1","216"
"216","181","5","1","216"
"216","181","6","2","216"
"216","181","6.5","1","216"
"216","181","14","1","216"
"216","181","15","1","216"
"216","181","16","1","216"
"216","181","17","1","216"
"216","181","18","1","216"
"216","181","20","1","216"
"216","181","23","2","216"
"216","203","6.5","1","216"
"216","212","4","29","216"
"216","212","4.5","63","216"
"216","212","5","29","216"
"216","212","5.5","1","216"
"216","212","6","1","216"
"216","212","6.5","3","216"
"216","212","7","3","216"
"217","163","5","1","217"
"217","167","11.5","1","217"
"217","168","6","1","217"
"217","176","3.5","1","217"
"217","177","4","2","217"
"217","180","4.5","1","217"
"217","181","20","1","217"
"217","186","15","1","217"
"217","200","4","2","217"
"217","201","6","2","217"
"217","202","8","2","217"
"217","203","3","2","217"
"217","205","14.5","1","217"
"217","207","10.5","1","217"
"217","212","3","1","217"
"217","163","5.5","4","217"
"217","163","6.5","1","217"
"217","163","8","2","217"
"217","163","8.5","1","217"
"217","163","10.5","2","217"
"217","168","6.5","2","217"
"217","168","8","6","217"
"217","168","8.5","2","217"
"217","168","9","8","217"
"217","168","9.5","2","217"
"217","168","10","6","217"
"217","168","11","3","217"
"217","168","11.5","1","217"
"217","168","12","1","217"
"217","168","12.5","1","217"
"217","168","13","3","217"
"217","168","13.5","1","217"
"217","168","14","2","217"
"217","168","14.5","2","217"
"217","168","16","1","217"
"217","176","5","2","217"
"217","176","5.5","3","217"
"217","176","6","5","217"
"217","176","7","2","217"
"217","177","4.5","1","217"
"217","177","5","1","217"
"217","177","5.5","3","217"
"217","177","6","4","217"
"217","180","5","1","217"
"217","180","6","3","217"
"217","180","6.5","2","217"
"217","180","9.5","1","217"
"217","180","10","1","217"
"217","180","11","1","217"
"217","180","11.5","4","217"
"217","180","12","4","217"
"217","180","13","1","217"
"217","180","13.5","1","217"
"217","180","16","1","217"
"217","200","7","1","217"
"217","200","8.5","1","217"
"217","200","10","2","217"
"217","200","11","2","217"
"217","200","11.5","2","217"
"217","200","12","1","217"
"217","200","13","2","217"
"217","200","13.5","1","217"
"217","200","15","1","217"
"217","200","17","1","217"
"217","200","20","1","217"
"217","201","7.5","2","217"
"217","201","8","3","217"
"217","202","8.5","1","217"
"217","202","9","1","217"
"217","202","10","1","217"
"217","202","10.5","1","217"
"217","202","11","1","217"
"217","202","11.5","1","217"
"217","202","12","1","217"
"217","203","4","1","217"
"217","203","4.5","3","217"
"217","203","5","1","217"
"217","203","5.5","2","217"
"217","203","7","1","217"
"217","203","7.5","2","217"
"217","203","8","2","217"
"217","203","8.5","2","217"
"217","203","9","1","217"
"217","203","9.5","1","217"
"217","203","10.5","1","217"
"217","203","12","1","217"
"217","203","12.5","2","217"
"217","203","13","2","217"
"217","207","11","1","217"
"217","207","14.5","2","217"
"217","207","15","1","217"
"217","207","16","1","217"
"217","207","18","1","217"
"217","212","4.5","1","217"
"217","212","5","3","217"
"217","212","5.5","3","217"
"217","212","6","3","217"
"217","212","6.5","1","217"
"217","212","7.5","1","217"
"218","163","5","1","218"
"218","168","3","1","218"
"218","169","4.5","2","218"
"218","176","4","1","218"
"218","181","20","1","218"
"218","188","11.5","1","218"
"218","202","10","1","218"
"218","203","8","1","218"
"218","205","14","1","218"
"218","207","10.5","1","218"
"218","212","5","2","218"
"218","163","6","1","218"
"218","163","10.5","2","218"
"218","163","11","1","218"
"218","168","3.5","1","218"
"218","168","4","5","218"
"218","168","4.5","21","218"
"218","168","5","51","218"
"218","168","5.5","17","218"
"218","168","6","24","218"
"218","168","6.5","10","218"
"218","168","7","1","218"
"218","168","8","2","218"
"218","168","8.5","3","218"
"218","168","9","6","218"
"218","168","9.5","1","218"
"218","168","10","2","218"
"218","168","10.5","1","218"
"218","168","11","2","218"
"218","168","11.5","1","218"
"218","168","12","1","218"
"218","169","5","12","218"
"218","169","5.5","10","218"
"218","169","6","10","218"
"218","169","7","1","218"
"218","169","8.5","2","218"
"218","169","9","1","218"
"218","169","10","1","218"
"218","176","4.5","3","218"
"218","176","5","3","218"
"218","176","6","1","218"
"218","176","6.5","1","218"
"218","202","10.5","2","218"
"218","202","11","4","218"
"218","202","11.5","7","218"
"218","202","12","3","218"
"218","202","12.5","2","218"
"218","202","13","4","218"
"218","202","13.5","1","218"
"218","203","12","1","218"
"218","203","13","2","218"
"218","203","14","1","218"
"218","203","14.5","3","218"
"218","203","15","1","218"
"218","207","15","1","218"
"218","207","23","2","218"
"218","212","5.5","1","218"
"218","212","6","1","218"
"219","163","4.5","1","219"
"219","163","5","2","219"
"219","163","7","1","219"
"219","163","9","1","219"
"219","177","4.5","1","219"
"219","177","5","1","219"
"219","180","5","2","219"
"219","180","6.5","1","219"
"219","180","7","5","219"
"219","180","7.5","3","219"
"219","180","8","3","219"
"219","180","8.5","3","219"
"219","180","9","2","219"
"219","180","9.5","2","219"
"219","180","10","2","219"
"219","180","10.5","3","219"
"219","180","11","2","219"
"219","180","11.5","1","219"
"219","180","13","1","219"
"219","203","3.5","2","219"
"219","203","4.5","3","219"
"219","203","5","1","219"
"219","203","6.5","2","219"
"219","203","7","2","219"
"219","203","7.5","1","219"
"219","203","10","1","219"
"219","212","3.5","1","219"
"219","212","4","2","219"
"219","212","5","1","219"
"219","212","5.5","2","219"
"219","212","6","2","219"
"219","212","6.5","1","219"
"219","163","4","1","219"
"219","168","4.5","1","219"
"219","177","4","1","219"
"219","180","4.5","2","219"
"219","181","7","1","219"
"219","200","10.5","1","219"
"219","203","3","1","219"
"219","212","3","1","219"
"220","168","4.5","1","220"
"220","176","3","1","220"
"220","177","4.5","1","220"
"220","180","5","2","220"
"220","181","28","2","220"
"220","200","5","2","220"
"220","202","8.5","1","220"
"220","203","3","1","220"
"220","207","6","1","220"
"220","168","5","2","220"
"220","176","3.5","1","220"
"220","176","4","7","220"
"220","176","4.5","6","220"
"220","176","5","6","220"
"220","176","5.5","4","220"
"220","176","6","1","220"
"220","176","7","2","220"
"220","177","5","3","220"
"220","177","5.5","1","220"
"220","180","5.5","1","220"
"220","180","6","1","220"
"220","181","33","1","220"
"220","181","36","1","220"
"220","200","5.5","3","220"
"220","200","9.5","2","220"
"220","200","11.5","1","220"
"220","200","14","1","220"
"220","200","15","1","220"
"220","200","21","2","220"
"220","202","9.5","2","220"
"220","202","10","1","220"
"220","202","10.5","1","220"
"220","202","12.5","1","220"
"220","202","14.5","1","220"
"220","202","15","1","220"
"220","202","16","1","220"
"220","203","3.5","4","220"
"220","203","4","2","220"
"220","203","4.5","6","220"
"220","203","5","7","220"
"220","203","5.5","5","220"
"220","203","6","1","220"
"220","203","6.5","1","220"
"220","203","7.5","3","220"
"220","203","8","4","220"
"220","203","8.5","3","220"
"220","203","9","6","220"
"220","203","9.5","2","220"
"220","203","10","1","220"
"220","203","11","1","220"
"220","203","12.5","1","220"
"220","203","13","1","220"
"220","207","6.5","4","220"
"220","207","7","3","220"
"220","207","9.5","2","220"
"221","163","4.5","3","221"
"221","168","4","1","221"
"221","176","4","1","221"
"221","177","5","1","221"
"221","180","4","1","221"
"221","181","6.5","1","221"
"221","188","4.5","1","221"
"221","203","13","1","221"
"221","207","6.5","3","221"
"221","212","3","2","221"
"221","163","5","5","221"
"221","163","5.5","2","221"
"221","163","6","5","221"
"221","163","6.5","1","221"
"221","163","7","3","221"
"221","163","7.5","1","221"
"221","163","9","1","221"
"221","163","10","1","221"
"221","163","10.5","1","221"
"221","163","11","1","221"
"221","168","4.5","3","221"
"221","168","5","4","221"
"221","168","5.5","5","221"
"221","168","6","3","221"
"221","168","6.5","4","221"
"221","168","7","1","221"
"221","168","7.5","1","221"
"221","168","8","2","221"
"221","168","8.5","4","221"
"221","168","9","4","221"
"221","168","9.5","9","221"
"221","168","10","10","221"
"221","168","10.5","2","221"
"221","168","11","9","221"
"221","168","11.5","5","221"
"221","168","12","5","221"
"221","168","12.5","1","221"
"221","168","13","1","221"
"221","168","13.5","1","221"
"221","168","14.5","1","221"
"221","176","6.5","1","221"
"221","176","7","1","221"
"221","176","8","2","221"
"221","176","9","1","221"
"221","177","6","1","221"
"221","180","5","1","221"
"221","180","5.5","2","221"
"221","180","6","1","221"
"221","180","6.5","3","221"
"221","180","7","1","221"
"221","180","7.5","1","221"
"221","180","8","6","221"
"221","180","8.5","1","221"
"221","180","9","2","221"
"221","180","9.5","6","221"
"221","180","10","8","221"
"221","180","10.5","4","221"
"221","180","11","1","221"
"221","180","12","3","221"
"221","180","13.5","1","221"
"221","180","15","1","221"
"221","181","8","1","221"
"221","181","12","1","221"
"221","181","13","1","221"
"221","181","14","1","221"
"221","181","21","1","221"
"221","188","6.5","1","221"
"221","207","7","2","221"
"221","207","7.5","1","221"
"221","207","10.5","2","221"
"221","207","11.5","1","221"
"221","212","3.5","2","221"
"221","212","4","11","221"
"221","212","4.5","10","221"
"221","212","5","7","221"
"221","212","5.5","6","221"
"221","212","6","1","221"
"221","212","6.5","6","221"
"221","212","7","3","221"
"221","212","7.5","1","221"
"222","163","4","2","222"
"222","167","8.5","1","222"
"222","168","4","1","222"
"222","177","4.5","1","222"
"222","180","5","1","222"
"222","188","7.5","1","222"
"222","200","13","1","222"
"222","207","9.5","1","222"
"222","212","4.5","3","222"
"222","207","14","1","222"
"222","207","23","1","222"
"222","200","16","2","222"
"222","180","5.5","1","222"
"222","180","6","1","222"
"222","180","9.5","1","222"
"222","177","5","1","222"
"222","168","4.5","2","222"
"222","168","5","3","222"
"222","168","5.5","4","222"
"222","168","6","7","222"
"222","168","6.5","6","222"
"222","168","7","8","222"
"222","168","7.5","4","222"
"222","168","8","3","222"
"222","168","8.5","2","222"
"222","168","9","1","222"
"222","168","9.5","10","222"
"222","168","10","22","222"
"222","168","10.5","14","222"
"222","168","11","21","222"
"222","168","11.5","1","222"
"222","168","12","7","222"
"222","168","12.5","2","222"
"222","168","13","3","222"
"222","168","13.5","1","222"
"222","168","14","1","222"
"222","168","14.5","2","222"
"222","168","15","4","222"
"222","168","16","4","222"
"222","168","17","1","222"
"222","167","13","1","222"
"222","167","15","1","222"
"222","163","4.5","2","222"
"222","163","5","1","222"
"222","163","5.5","2","222"
"222","163","6","4","222"
"222","163","6.5","4","222"
"222","163","7","7","222"
"222","163","7.5","3","222"
"222","163","8","2","222"
"222","163","8.5","3","222"
"222","163","9","2","222"
"222","163","9.5","2","222"
"222","163","10","1","222"
"222","163","11","1","222"
"222","163","11.5","1","222"
"222","163","12","1","222"
"222","212","5","2","222"
"222","212","5.5","5","222"
"222","212","6","2","222"
"222","207","11.5","1","222"
"222","207","13.5","1","222"
"223","180","7","1","223"
"223","189","14.5","1","223"
"223","191","6.5","2","223"
"223","210","5","1","223"
"223","180","9","2","223"
"223","180","11.5","1","223"
"223","180","16","1","223"
"223","180","17","1","223"
"223","189","15","1","223"
"223","191","7","1","223"
"224","177","3.5","4","224"
"224","179","3","1","224"
"224","180","5","1","224"
"224","201","9","1","224"
"224","202","4.5","1","224"
"224","177","4","11","224"
"224","177","4.5","2","224"
"224","177","5","17","224"
"224","177","5.5","7","224"
"224","177","6","10","224"
"224","177","6.5","1","224"
"224","179","3.5","7","224"
"224","179","4","15","224"
"224","179","4.5","6","224"
"224","179","5","11","224"
"224","179","5.5","2","224"
"224","179","6","11","224"
"224","179","6.5","13","224"
"224","179","7","11","224"
"224","179","7.5","4","224"
"224","179","8","2","224"
"224","180","5.5","3","224"
"224","180","6","6","224"
"224","180","6.5","1","224"
"224","180","7","4","224"
"224","180","7.5","3","224"
"224","180","8","5","224"
"224","180","8.5","6","224"
"224","180","9","2","224"
"224","180","9.5","3","224"
"224","180","10","5","224"
"224","180","10.5","2","224"
"224","180","11","2","224"
"224","180","11.5","3","224"
"224","180","12","2","224"
"224","180","12.5","1","224"
"224","180","13","4","224"
"224","180","14","2","224"
"224","202","5.5","1","224"
"224","202","7.5","1","224"
"224","202","8","3","224"
"224","202","9","1","224"
"224","202","9.5","2","224"
"225","163","4.5","3","225"
"225","168","4.5","1","225"
"225","176","5","1","225"
"225","177","6","1","225"
"225","180","4","1","225"
"225","181","4.5","1","225"
"225","201","7.5","1","225"
"225","203","5.5","2","225"
"225","212","4","5","225"
"225","214","6","5","225"
"225","163","5","3","225"
"225","163","5.5","17","225"
"225","163","6","11","225"
"225","163","6.5","15","225"
"225","163","7","14","225"
"225","163","7.5","9","225"
"225","163","8","4","225"
"225","163","8.5","5","225"
"225","163","9","5","225"
"225","163","9.5","5","225"
"225","163","10","1","225"
"225","168","5","1","225"
"225","168","5.5","4","225"
"225","168","6","2","225"
"225","168","6.5","4","225"
"225","168","7.5","2","225"
"225","177","6.5","1","225"
"225","177","7","1","225"
"225","180","4.5","1","225"
"225","180","5","1","225"
"225","180","5.5","6","225"
"225","180","6","13","225"
"225","180","6.5","12","225"
"225","180","7","10","225"
"225","180","7.5","4","225"
"225","180","8","6","225"
"225","180","8.5","5","225"
"225","180","9","6","225"
"225","180","9.5","4","225"
"225","180","10","5","225"
"225","180","10.5","1","225"
"225","180","11","5","225"
"225","180","11.5","2","225"
"225","180","12","4","225"
"225","180","12.5","1","225"
"225","180","13","5","225"
"225","180","14","1","225"
"225","180","14.5","1","225"
"225","180","20","1","225"
"225","181","5","1","225"
"225","181","6","1","225"
"225","181","6.5","2","225"
"225","181","7","1","225"
"225","181","11.5","1","225"
"225","201","8","1","225"
"225","201","9","1","225"
"225","201","9.5","1","225"
"225","203","6","1","225"
"225","203","6.5","4","225"
"225","203","7","1","225"
"225","203","7.5","1","225"
"225","203","8","1","225"
"225","212","4.5","4","225"
"225","212","5","8","225"
"225","212","5.5","4","225"
"225","212","6","3","225"
"225","212","6.5","1","225"
"225","214","6.5","6","225"
"225","214","7","2","225"
"226","163","4.5","1","226"
"226","168","3.5","2","226"
"226","177","4","4","226"
"226","179","4","8","226"
"226","180","3.5","2","226"
"226","181","5","6","226"
"226","201","9","1","226"
"226","202","7","1","226"
"226","203","3.5","1","226"
"226","212","3","1","226"
"226","214","5","1","226"
"226","163","5","3","226"
"226","163","5.5","1","226"
"226","163","6.5","1","226"
"226","163","7","1","226"
"226","163","7.5","3","226"
"226","163","8","5","226"
"226","163","8.5","3","226"
"226","163","9","3","226"
"226","163","9.5","1","226"
"226","163","10","2","226"
"226","168","4","1","226"
"226","168","4.5","12","226"
"226","168","5","10","226"
"226","168","5.5","7","226"
"226","168","6","6","226"
"226","168","6.5","1","226"
"226","168","7","1","226"
"226","168","7.5","1","226"
"226","168","8","1","226"
"226","168","8.5","1","226"
"226","168","9","2","226"
"226","168","10.5","1","226"
"226","168","11","3","226"
"226","168","12","1","226"
"226","168","13","1","226"
"226","177","4.5","5","226"
"226","177","5","8","226"
"226","177","5.5","5","226"
"226","177","6","4","226"
"226","179","4.5","5","226"
"226","179","5","2","226"
"226","179","6.5","3","226"
"226","179","7","1","226"
"226","180","4.5","4","226"
"226","180","5","8","226"
"226","180","5.5","4","226"
"226","180","6","2","226"
"226","180","6.5","3","226"
"226","180","9","2","226"
"226","180","9.5","2","226"
"226","180","10.5","1","226"
"226","180","11","2","226"
"226","180","12","1","226"
"226","180","13","3","226"
"226","181","5.5","5","226"
"226","181","6","3","226"
"226","181","9","1","226"
"226","181","10","1","226"
"226","181","11","1","226"
"226","181","13","1","226"
"226","181","15","1","226"
"226","181","16","1","226"
"226","181","17","1","226"
"226","202","7.5","1","226"
"226","203","4","1","226"
"226","203","5","2","226"
"226","203","5.5","1","226"
"226","212","3.5","9","226"
"226","212","4","16","226"
"226","212","4.5","5","226"
"226","212","5","3","226"
"226","212","5.5","3","226"
"226","212","6","4","226"
"226","212","6.5","1","226"
"226","212","7","1","226"
"226","214","6","1","226"
"226","214","7.5","1","226"
"226","214","8","1","226"
"227","163","4.5","1","227"
"227","168","9","1","227"
"227","177","4","2","227"
"227","179","3","1","227"
"227","180","3.5","1","227"
"227","181","4","1","227"
"227","196","4","1","227"
"227","201","4","3","227"
"227","163","10","1","227"
"227","168","11.5","1","227"
"227","177","4.5","4","227"
"227","177","5","1","227"
"227","177","5.5","1","227"
"227","177","6","1","227"
"227","179","4","3","227"
"227","179","4.5","11","227"
"227","179","5","6","227"
"227","179","5.5","3","227"
"227","179","6","8","227"
"227","179","6.5","12","227"
"227","179","7","15","227"
"227","179","7.5","9","227"
"227","179","8","9","227"
"227","179","8.5","2","227"
"227","180","4","8","227"
"227","180","4.5","9","227"
"227","180","5","9","227"
"227","180","5.5","8","227"
"227","180","6","2","227"
"227","180","7","4","227"
"227","180","7.5","8","227"
"227","180","8","15","227"
"227","180","8.5","5","227"
"227","180","9","6","227"
"227","180","9.5","6","227"
"227","180","10","10","227"
"227","180","10.5","5","227"
"227","180","11","8","227"
"227","180","11.5","7","227"
"227","180","12","3","227"
"227","180","12.5","1","227"
"227","180","13","1","227"
"227","180","13.5","2","227"
"227","180","14","1","227"
"227","180","15","1","227"
"227","181","4.5","5","227"
"227","181","5","2","227"
"227","181","5.5","2","227"
"227","181","8.5","1","227"
"227","181","9.5","1","227"
"227","181","12","1","227"
"227","181","15","1","227"
"227","181","18","1","227"
"227","181","20","1","227"
"227","196","4.5","2","227"
"227","196","5","2","227"
"227","201","4.5","2","227"
"227","201","5","1","227"
"227","201","5.5","1","227"
"228","163","3","1","228"
"228","168","8.5","1","228"
"228","177","4","1","228"
"228","178","5.5","1","228"
"228","179","3.5","5","228"
"228","180","4","1","228"
"228","181","5","6","228"
"228","201","5","1","228"
"228","163","3.5","1","228"
"228","163","4","7","228"
"228","163","4.5","9","228"
"228","163","5","12","228"
"228","163","5.5","6","228"
"228","163","6","4","228"
"228","163","6.5","1","228"
"228","163","7","1","228"
"228","163","8.5","1","228"
"228","163","9","1","228"
"228","163","10","1","228"
"228","163","11","1","228"
"228","163","11.5","1","228"
"228","168","10","1","228"
"228","168","11.5","1","228"
"228","168","12","2","228"
"228","177","4.5","4","228"
"228","177","5","8","228"
"228","177","5.5","6","228"
"228","177","6","1","228"
"228","177","6.5","1","228"
"228","179","4","25","228"
"228","179","4.5","37","228"
"228","179","5","60","228"
"228","179","5.5","30","228"
"228","179","6","8","228"
"228","179","6.5","15","228"
"228","179","7","11","228"
"228","179","7.5","17","228"
"228","179","8","3","228"
"228","180","4.5","2","228"
"228","180","5","7","228"
"228","180","5.5","4","228"
"228","180","6","5","228"
"228","180","6.5","1","228"
"228","180","7","4","228"
"228","180","7.5","7","228"
"228","180","8","7","228"
"228","180","9","1","228"
"228","180","10","4","228"
"228","180","10.5","1","228"
"228","180","11","2","228"
"228","180","11.5","1","228"
"228","180","13","1","228"
"228","181","5.5","10","228"
"228","181","6","14","228"
"228","181","7","1","228"
"228","181","7.5","2","228"
"228","181","11.5","1","228"
"228","181","13","1","228"
"228","201","5.5","1","228"
"229","168","6","2","229"
"229","177","3","10","229"
"229","180","4.5","1","229"
"229","181","6.5","1","229"
"229","201","7","1","229"
"229","207","14","1","229"
"229","168","6.5","1","229"
"229","168","8.5","1","229"
"229","168","12","1","229"
"229","168","13","1","229"
"229","177","3.5","4","229"
"229","177","4","17","229"
"229","177","4.5","41","229"
"229","177","5","73","229"
"229","177","5.5","35","229"
"229","177","6","22","229"
"229","177","6.5","9","229"
"229","177","7","4","229"
"229","177","8","1","229"
"229","180","6","1","229"
"229","180","6.5","2","229"
"229","180","7","3","229"
"229","180","7.5","5","229"
"229","180","8","5","229"
"229","180","8.5","8","229"
"229","180","9","12","229"
"229","180","9.5","8","229"
"229","180","10","7","229"
"229","180","10.5","4","229"
"229","180","11","2","229"
"229","180","11.5","1","229"
"229","180","12","2","229"
"229","180","12.5","2","229"
"229","180","13","2","229"
"229","180","17","1","229"
"229","181","7","1","229"
"229","181","7.5","1","229"
"229","181","8","2","229"
"229","181","8.5","1","229"
"229","181","11.5","1","229"
"229","181","12","1","229"
"229","181","13","1","229"
"229","181","13.5","2","229"
"229","181","14","1","229"
"229","181","16","3","229"
"229","181","17","1","229"
"229","181","19","2","229"
"229","181","20","3","229"
"229","181","23","1","229"
"229","201","9","1","229"
"229","201","11","2","229"
"229","201","12","1","229"
"229","201","12.5","1","229"
"230","163","5","1","230"
"230","167","14","1","230"
"230","168","5","2","230"
"230","176","4.5","1","230"
"230","177","4","2","230"
"230","179","8","1","230"
"230","181","10","1","230"
"230","190","28","1","230"
"230","200","5","1","230"
"230","202","9.5","1","230"
"230","203","6.5","1","230"
"230","207","14","1","230"
"230","212","4.5","2","230"
"230","214","6","3","230"
"230","163","7","1","230"
"230","163","8","2","230"
"230","168","5.5","1","230"
"230","168","6","7","230"
"230","168","6.5","2","230"
"230","168","7","1","230"
"230","168","7.5","1","230"
"230","168","8","3","230"
"230","168","9.5","2","230"
"230","168","10","1","230"
"230","168","10.5","1","230"
"230","168","11","3","230"
"230","168","14.5","1","230"
"230","168","15","1","230"
"230","176","5.5","1","230"
"230","176","6.5","1","230"
"230","177","5","1","230"
"230","177","6","1","230"
"230","181","14","1","230"
"230","181","17","1","230"
"230","181","20","1","230"
"230","200","20","1","230"
"230","200","22","1","230"
"230","200","23","1","230"
"230","203","7","1","230"
"230","203","8","1","230"
"230","207","14.5","1","230"
"230","207","20","1","230"
"230","212","5.5","4","230"
"230","212","6","1","230"
"230","212","6.5","1","230"
"230","214","6.5","3","230"
"230","214","7.5","1","230"
"231","180","14","1","231"
"231","181","5.5","2","231"
"231","181","6","1","231"
"231","181","11","1","231"
"231","202","7.5","1","231"
"231","202","8","1","231"
"231","203","4","1","231"
"231","203","4.5","1","231"
"231","168","7.5","2","231"
"231","177","3","1","231"
"231","179","3","10","231"
"231","180","4","5","231"
"231","181","5","1","231"
"231","201","8.5","1","231"
"231","202","5","1","231"
"231","203","3.5","1","231"
"231","168","8","3","231"
"231","168","8.5","1","231"
"231","168","9","3","231"
"231","168","9.5","1","231"
"231","168","10","1","231"
"231","168","11","2","231"
"231","168","12","2","231"
"231","177","3.5","1","231"
"231","177","4","5","231"
"231","177","4.5","3","231"
"231","177","5","3","231"
"231","177","6","2","231"
"231","177","7","1","231"
"231","179","3.5","19","231"
"231","179","4","7","231"
"231","179","4.5","2","231"
"231","179","5","11","231"
"231","179","5.5","15","231"
"231","179","6","17","231"
"231","179","6.5","15","231"
"231","179","7","18","231"
"231","179","7.5","5","231"
"231","179","8","7","231"
"231","179","8.5","1","231"
"231","180","4.5","6","231"
"231","180","5","3","231"
"231","180","6","2","231"
"231","180","6.5","3","231"
"231","180","7","3","231"
"231","180","7.5","5","231"
"231","180","8","3","231"
"231","180","8.5","1","231"
"231","180","9","5","231"
"231","180","9.5","3","231"
"231","180","10","1","231"
"231","180","10.5","3","231"
"231","180","11","1","231"
"231","180","11.5","2","231"
"231","180","12","1","231"
"232","176","3","1","232"
"232","177","3","18","232"
"232","181","7.5","1","232"
"232","212","5.5","1","232"
"232","215","4","1","232"
"232","176","3.5","2","232"
"232","176","4","2","232"
"232","176","4.5","4","232"
"232","176","5","6","232"
"232","176","5.5","1","232"
"232","176","6","1","232"
"232","176","8","1","232"
"232","177","3.5","9","232"
"232","177","4","19","232"
"232","177","4.5","12","232"
"232","177","5","6","232"
"232","177","5.5","2","232"
"232","215","5.5","2","232"
"233","168","4","5","233"
"233","176","4.5","1","233"
"233","180","7","1","233"
"233","181","4","2","233"
"233","200","5","1","233"
"233","203","5","1","233"
"233","212","3","1","233"
"233","214","4.5","1","233"
"233","168","4.5","6","233"
"233","168","5","6","233"
"233","168","5.5","3","233"
"233","168","6","1","233"
"233","168","6.5","1","233"
"233","176","5","4","233"
"233","181","5","3","233"
"233","181","5.5","2","233"
"233","181","6.5","1","233"
"233","181","7","1","233"
"233","181","17","1","233"
"233","181","22","1","233"
"233","181","23","1","233"
"233","200","5.5","1","233"
"233","212","3.5","6","233"
"233","212","4","36","233"
"233","212","4.5","19","233"
"233","212","5","3","233"
"233","212","5.5","5","233"
"233","212","6","5","233"
"233","212","6.5","3","233"
"233","212","7","1","233"
"233","214","5","2","233"
"233","214","5.5","2","233"
"233","214","6","2","233"
"233","214","6.5","2","233"
"233","214","8","1","233"
"233","214","9","1","233"
