"ID","Year","SEASON","FIELDID","Corrected Field ID","Latitude","Longitude","LatLongSource","Datum","RE-sampled?","Sampling Date","SAMPLER_lastname","Sample_firstname","Sampler Class","Prof_REsamp","Vol_Samp","Rate","Qual","Taxa","EPT","SENS","Month","Day","SENS FAMILY","STNFLY?","Taxa FINALID1","Taxa FINALID2","OFFICIAL Vol DAY","BN edits"
"1","2001","Spring","Bish1","","","","","","n","2001-05-19 00:00:00","NULL","","VOL-BN ADD","n","y","FAIR","23.7","9","","","5","19","","","","","y",""
"2","2001","Spring","Fel1","","","","","","n","2001-05-19 00:00:00","NULL","","VOL-BN ADD","n","y","GOOD","35","15","","","5","19","","","","","y",""
"3","2001","Spring","For2","","","","","","n","2001-05-19 00:00:00","NULL","","VOL-BN ADD","n","y","GOOD","39.4","14","","","5","19","","","","","y",""
"4","2001","Spring","Fowl1","","","","","","n","2001-05-19 00:00:00","NULL","","VOL-BN ADD","n","y","GOOD","32.5","13","","","5","19","","","","","y",""
"5","2001","Spring","Frank1","","","","","","n","2001-05-19 00:00:00","NULL","","VOL-BN ADD","n","y","FAIR","29.5","13","","","5","19","","","","","y",""
"6","2001","Spring","John1","","","","","","n","2001-05-19 00:00:00","NULL","","VOL-BN ADD","n","y","GOOD","36.3","11","","","5","19","","","","","y",""
"7","2001","Spring","John2","","","","","","n","2001-05-19 00:00:00","NULL","","VOL-BN ADD","n","y","GOOD","42.7","13","","","5","19","","","","","y",""
"8","2001","Spring","John3","","","","","","n","2001-05-19 00:00:00","NULL","","VOL-BN ADD","n","y","GOOD","37.8","11","","","5","19","","","","","y",""
"9","2001","Spring","John5","","","","","","n","2001-05-19 00:00:00","NULL","","VOL-BN ADD","n","y","FAIR","26","9","","","5","19","","","","","y",""
"10","2001","Spring","Main4","","","","","","n","2001-05-19 00:00:00","NULL","","VOL-BN ADD","n","y","FAIR","25.8","8","","","5","19","","","","","y",""
"11","2001","Spring","Main6","","","","","","n","2001-05-19 00:00:00","NULL","","VOL-BN ADD","n","y","FAIR","25.1","7","","","5","19","","","","","y",""
"12","2001","Spring","Mid2","","","","","","n","2001-05-19 00:00:00","NULL","","VOL-BN ADD","n","y","POOR","13.1","6","","","5","19","","","","","y",""
"13","2001","Spring","Peb1","","","","","","n","2001-05-19 00:00:00","NULL","","VOL-BN ADD","n","y","GOOD","40.2","13","","","5","19","","","","","y",""
"14","2001","Spring","Ton2","","","","","","n","2001-05-19 00:00:00","NULL","","VOL-BN ADD","n","y","POOR","13.4","5","","","5","19","","","","","y",""
"15","2001","Spring","Wall2","","","","","","n","2001-05-19 00:00:00","NULL","","VOL-BN ADD","n","y","FAIR","19.3","7","","","5","19","","","","","y",""
"16","2001","Fall","Bish1","","","","","","n","2001-10-06 00:00:00","NULL","","VOL-BN ADD","n","y","GOOD","34.1","15","","","10","6","","","","","y",""
"17","2001","Fall","Fel1","","","","","","n","2001-10-06 00:00:00","NULL","","VOL-BN ADD","n","y","FAIR","20.1","12","","","10","6","","","","","y",""
"18","2001","Fall","For1","","","","","","n","2001-10-06 00:00:00","NULL","","VOL-BN ADD","n","y","FAIR","26.9","12","","","10","6","","","","","y",""
"19","2001","Fall","Fowl1","","","","","","n","2001-10-06 00:00:00","NULL","","VOL-BN ADD","n","y","FAIR","32.3","13","","","10","6","","","","","y",""
"20","2001","Fall","John1","","","","","","n","2001-10-06 00:00:00","NULL","","VOL-BN ADD","n","y","FAIR","28.9","13","","","10","6","","","","","y",""
"21","2001","Fall","John2","","","","","","n","2001-10-06 00:00:00","NULL","","VOL-BN ADD","n","y","POOR","11.4","8","","","10","6","","","","","y",""
"22","2001","Fall","John3","","","","","","n","2001-10-06 00:00:00","NULL","","VOL-BN ADD","n","y","POOR","9.2","4","","","10","6","","","","","y",""
"23","2001","Fall","Main4","","","","","","n","2001-10-06 00:00:00","NULL","","VOL-BN ADD","n","y","FAIR","23.9","9","","","10","6","","","","","y",""
"24","2001","Fall","Mid2","","","","","","n","2001-10-06 00:00:00","NULL","","VOL-BN ADD","n","y","POOR","16.3","5","","","10","6","","","","","y",""
"25","2001","Fall","Mid7","","","","","","n","2001-10-06 00:00:00","NULL","","VOL-BN ADD","n","y","POOR","14.3","4","","","10","6","","","","","y",""
"26","2001","Fall","Peb1","","","","","","n","2001-10-06 00:00:00","NULL","","VOL-BN ADD","n","y","FAIR","30.9","9","","","10","6","","","","","y",""
"27","2001","Fall","Ton2","","","","","","n","2001-10-06 00:00:00","NULL","","VOL-BN ADD","n","y","POOR","15.6","5","","","10","6","","","","","y",""
"28","2001","Fall","Wall2","","","","","","n","2001-10-06 00:00:00","NULL","","VOL-BN ADD","n","y","FAIR","26.6","11","","","10","6","","","","","y",""
"29","2002","Winter","Bish1","","","","","","n","2002-01-12 00:00:00","NULL","","VOL-BN ADD","N","Y","","","","","","1","12","","N","No Taxa Found","No Taxa Found","y",""
"30","2002","Winter","Fel1","","","","","","n","2002-01-12 00:00:00","NULL","","VOL-BN ADD","N","Y","","","","","","1","12","","Y","Plecoptera","Capniidae","y",""
"31","2002","Winter","For1","","","","","","n","2002-01-12 00:00:00","NULL","","VOL-BN ADD","N","Y","","","","","","1","12","","N","No Taxa Found","No Taxa Found","y",""
"32","2002","Winter","Fowl1","","","","","","n","2002-01-12 00:00:00","NULL","","VOL-BN ADD","N","Y","","","","","","1","12","","Y","Plecoptera","Capniidae","y",""
"33","2002","Winter","Frank1","","","","","","n","2002-01-12 00:00:00","NULL","","VOL-BN ADD","N","Y","","","","","","1","12","","N","No Taxa Found","No Taxa Found","y",""
"34","2002","Winter","John1","","","","","","n","2002-01-12 00:00:00","NULL","","VOL-BN ADD","N","Y","","","","","","1","12","","Y","Plecoptera","Capniidae","y",""
"35","2002","Winter","John2","","","","","","n","2002-01-12 00:00:00","NULL","","VOL-BN ADD","N","Y","","","","","","1","12","","Y","Plecoptera","Capniidae","y",""
"36","2002","Winter","John3","","","","","","n","2002-01-12 00:00:00","NULL","","VOL-BN ADD","N","Y","","","","","","1","12","","Y","Plecoptera","Capniidae","y",""
"37","2002","Winter","John5","","","","","","n","2002-01-12 00:00:00","NULL","","VOL-BN ADD","N","Y","","","","","","1","12","","Y","Plecoptera","Capniidae","y",""
"38","2002","Winter","John6","","","","","","n","2002-01-12 00:00:00","NULL","","VOL-BN ADD","N","Y","","","","","","1","12","","Y","Plecoptera","Capniidae","y",""
"39","2002","Winter","Main4","","","","","","n","2002-01-12 00:00:00","NULL","","VOL-BN ADD","N","Y","","","","","","1","12","","N","No Taxa Found","No Taxa Found","y",""
"40","2002","Winter","Main6","","","","","","n","2002-01-12 00:00:00","NULL","","VOL-BN ADD","N","Y","","","","","","1","12","","N","No Taxa Found","No Taxa Found","y",""
"41","2002","Winter","Peb1","","","","","","n","2002-01-12 00:00:00","NULL","","VOL-BN ADD","N","Y","","","","","","1","12","","N","No Taxa Found","No Taxa Found","y",""
"42","2002","Winter","See1","","","","","","n","2002-01-12 00:00:00","NULL","","VOL-BN ADD","N","Y","","","","","","1","12","","N","No Taxa Found","No Taxa Found","y",""
"43","2002","Winter","Ton2","","","","","","n","2002-01-12 00:00:00","NULL","","VOL-BN ADD","N","Y","","","","","","1","12","","Y","Plecoptera","Capniidae","y",""
"44","2002","Winter","Up2","","","","","","n","2002-01-12 00:00:00","NULL","","VOL-BN ADD","N","Y","","","","","","1","12","","N","No Taxa Found","No Taxa Found","y",""
"45","2002","Winter","Wall1","","","","","","n","2002-01-12 00:00:00","NULL","","VOL-BN ADD","N","Y","","","","","","1","12","","N","No Taxa Found","No Taxa Found","y",""
"46","2002","Winter","Wall2","","","","","","n","2002-01-12 00:00:00","NULL","","VOL-BN ADD","N","Y","","","","","","1","12","","N","No Taxa Found","No Taxa Found","y",""
"47","2002","Winter","Wall3","","","","","","n","2002-01-12 00:00:00","NULL","","VOL-BN ADD","N","Y","","","","","","1","12","","N","No Taxa Found","No Taxa Found","y",""
"48","2002","Spring","Bish1","","","","","","n","2002-04-13 00:00:00","NULL","","VOL-BN ADD","N","Y","FAIR","23.4","10","","","4","13","","","","","y",""
"49","2002","Spring","Fel1","","","","","","n","2002-04-13 00:00:00","NULL","","VOL-BN ADD","N","Y","GOOD","40.7","12","","","4","13","","","","","y",""
"50","2002","Spring","Fel2","","","","","","n","2002-04-13 00:00:00","NULL","","VOL-BN ADD","N","Y","FAIR","23.5","12","","","4","13","","","","","y",""
"51","2002","Spring","For2","","","","","","n","2002-04-13 00:00:00","NULL","","VOL-BN ADD","N","Y","POOR","15.2","7","","","4","13","","","","","y",""
"52","2002","Spring","Fowl1","","","","","","n","2002-04-13 00:00:00","NULL","","VOL-BN ADD","N","Y","FAIR","30.3","10","","","4","13","","","","","y",""
"53","2002","Spring","John1","","","","","","n","2002-04-13 00:00:00","NULL","","VOL-BN ADD","N","Y","GOOD","42.3","18","","","4","13","","","","","y",""
"54","2002","Spring","John2","","","","","","n","2002-04-13 00:00:00","NULL","","VOL-BN ADD","N","Y","GOOD","39.2","12","","","4","13","","","","","y",""
"55","2002","Spring","John3","","","","","","n","2002-04-13 00:00:00","NULL","","VOL-BN ADD","N","Y","GOOD","41.6","15","","","4","13","","","","","y",""
"56","2002","Spring","John5","","","","","","n","2002-04-13 00:00:00","NULL","","VOL-BN ADD","N","Y","POOR","18.8","8","","","4","13","","","","","y",""
"57","2002","Spring","Low1","","","","","","n","2002-04-13 00:00:00","NULL","","VOL-BN ADD","N","Y","POOR","16.5","6","","","4","13","","","","","y",""
"58","2002","Spring","Main1","","","","","","n","2002-04-13 00:00:00","NULL","","VOL-BN ADD","N","Y","FAIR","25.7","9","","","4","13","","","","","y",""
"59","2002","Spring","Main3","","","","","","n","2002-04-13 00:00:00","NULL","","VOL-BN ADD","N","Y","FAIR","29.6","9","","","4","13","","","","","y",""
"60","2002","Spring","Main4","","","","","","n","2002-04-13 00:00:00","NULL","","VOL-BN ADD","N","Y","FAIR","24.6","8","","","4","13","","","","","y",""
"61","2002","Spring","Peb1","","","","","","n","2002-04-13 00:00:00","NULL","","VOL-BN ADD","N","Y","GOOD","33.4","11","","","4","13","","","","","y",""
"62","2002","Spring","See1","","","","","","n","2002-04-13 00:00:00","NULL","","VOL-BN ADD","N","Y","FAIR","22","11","","","4","13","","","","","y",""
"63","2002","Spring","Tar2","","","","","","n","2002-04-13 00:00:00","NULL","","VOL-BN ADD","N","Y","POOR","18.2","6","","","4","13","","","","","y",""
"64","2002","Spring","Ton2","","","","","","n","2002-04-13 00:00:00","NULL","","VOL-BN ADD","N","Y","POOR","15.2","6","","","4","13","","","","","y",""
"65","2002","Spring","Up2","","","","","","n","2002-04-13 00:00:00","NULL","","VOL-BN ADD","N","Y","POOR","17.2","6","","","4","13","","","","","y",""
"66","2002","Spring","Wall1","","","","","","n","2002-04-13 00:00:00","NULL","","VOL-BN ADD","N","Y","FAIR","24.2","4","","","4","13","","","","","y",""
"67","2002","Spring","Wall2","","","","","","n","2002-04-13 00:00:00","NULL","","VOL-BN ADD","N","Y","FAIR","19.1","7","","","4","13","","","","","y",""
"68","2002","Fall","Bish1","","","","","","n","2002-10-12 00:00:00","NULL","","VOL-BN ADD","n","y","GOOD","41.6","16","","","10","12","","","","","y",""
"69","2002","Fall","Fel1","","","","","","n","2002-10-12 00:00:00","NULL","","VOL-BN ADD","n","y","FAIR","25.9","10","","","10","12","","","","","y",""
"70","2002","Fall","Fel2","","","","","","n","2002-10-12 00:00:00","NULL","","VOL-BN ADD","n","y","FAIR","19.7","8","","","10","12","","","","","y",""
"71","2002","Fall","Fowl1","","","","","","n","2002-10-12 00:00:00","NULL","","VOL-BN ADD","n","y","GOOD","35.1","9","","","10","12","","","","","y",""
"72","2002","Fall","Frank1","","","","","","n","2002-10-12 00:00:00","NULL","","VOL-BN ADD","n","y","FAIR","22.2","8","","","10","12","","","","","y",""
"73","2002","Fall","John1","","","","","","y","2002-10-12 00:00:00","NULL","","VOL-BN ADD","N","Y","GOOD","38.3","17","","","","","","","","","y",""
"74","2002","Fall","John2","","","","","","n","2002-10-12 00:00:00","NULL","","VOL-BN ADD","n","y","FAIR","25.3","15","","","10","12","","","","","y",""
"75","2002","Fall","John3","","","","","","y","2002-10-12 00:00:00","NULL","","VOL-BN ADD","N","Y","GOOD","47.7","14","","","","","","","","","y",""
"76","2002","Fall","John5","","","","","","y","2002-10-12 00:00:00","NULL","","VOL-BN ADD","N","Y","GOOD","44.5","12","","","","","","","","","y",""
"77","2002","Fall","Low1","","","","","","n","2002-10-12 00:00:00","NULL","","VOL-BN ADD","n","y","FAIR","25.8","12","","","10","12","","","","","y",""
"78","2002","Fall","Main4","","","","","","n","2002-10-12 00:00:00","NULL","","VOL-BN ADD","n","y","GOOD","44.8","12","","","10","12","","","","","y",""
"79","2002","Fall","Main6","","","","","","n","2002-10-12 00:00:00","NULL","","VOL-BN ADD","n","y","GOOD","42.6","14","","","10","12","","","","","y",""
"80","2002","Fall","Main7","","","","","","n","2002-10-12 00:00:00","NULL","","VOL-BN ADD","n","y","FAIR","27.7","13","","","10","12","","","","","y",""
"81","2002","Fall","Peb1","","","","","","n","2002-10-12 00:00:00","NULL","","VOL-BN ADD","n","y","EXC","50.9","15","","","10","12","","","","","y",""
"82","2002","Fall","See1","","","","","","n","2002-10-12 00:00:00","NULL","","VOL-BN ADD","n","y","FAIR","29.8","10","","","10","12","","","","","y",""
"83","2002","Fall","Tar1","","","","","","n","2002-10-12 00:00:00","NULL","","VOL-BN ADD","n","y","FAIR","32","12","","","10","12","","","","","y",""
"84","2002","Fall","Tar2","","","","","","y","2002-10-12 00:00:00","NULL","","VOL-BN ADD","N","Y","FAIR","21.5","12","","","","","","","","","y",""
"85","2002","Fall","Ton2","","","","","","y","2002-10-12 00:00:00","NULL","","VOL-BN ADD","N","Y","POOR","15.2","6","","","","","","","","","y",""
"86","2002","Fall","Up2","","","","","","n","2002-10-12 00:00:00","NULL","","VOL-BN ADD","N","Y","GOOD","35.8","14","","","10","12","","","","","y",""
"87","2002","Fall","Wall2","","","","","","n","2002-10-12 00:00:00","NULL","","VOL-BN ADD","N","Y","FAIR","20.2","8","","","10","12","","","","","y",""
"88","2002","Fall","John1","","","","","","Y","2002-10-16 00:00:00","FOTR","","FOTR","Y","N","43","GOOD","","","","","","","","","","n",""
"89","2002","Fall","John3","","","","","","Y","2002-10-16 00:00:00","FOTR","","FOTR","Y","N","39.6","GOOD","","","","","","","","","","n",""
"90","2002","Fall","Tar2","","","","","","Y","2002-10-16 00:00:00","FOTR","","FOTR","Y","N","31.1","FAIR","12","","","","","","","","","n",""
"91","2002","Fall","Ton2","","","","","","Y","2002-10-16 00:00:00","FOTR","","FOTR","Y","N","17.5","POOR","","","","","","","","","","n",""
"92","2002","Fall","John5","","","","","","Y","2002-10-26 00:00:00","FOTR","","FOTR","Y","N","31","FAIR","","","","","","","","","","n",""
"93","2003","Winter","Bell1","","","","","","n","2003-01-11 00:00:00","NULL","","VOL-BN ADD","N","Y","","","","","","","","","N","No Taxa Found","No Taxa Found","y",""
"94","2003","Winter","Bish1","","","","","","n","2003-01-11 00:00:00","NULL","","VOL-BN ADD","N","Y","","","","","","","","","N","No Taxa Found","No Taxa Found","y",""
"95","2003","Winter","Fel1","","","","","","n","2003-01-11 00:00:00","NULL","","VOL-BN ADD","N","Y","","","","","","","","","N","No Taxa Found","No Taxa Found","y",""
"96","2003","Winter","Fowl1","","","","","","n","2003-01-11 00:00:00","NULL","","VOL-BN ADD","N","Y","","","","","","","","","Y","Plecoptera","Capniidae","y",""
"97","2003","Winter","Frank1","","","","","","n","2003-01-11 00:00:00","NULL","","VOL-BN ADD","N","Y","","","","","","","","","N","No Taxa Found","No Taxa Found","y",""
"98","2003","Winter","John1","","","","","","n","2003-01-11 00:00:00","NULL","","VOL-BN ADD","N","Y","","","","","","","","","Y","Plecoptera","Capniidae","y",""
"99","2003","Winter","John2","","","","","","n","2003-01-11 00:00:00","NULL","","VOL-BN ADD","N","Y","","","","","","","","","N","No Taxa Found","No Taxa Found","y",""
"100","2003","Winter","John3","","","","","","n","2003-01-11 00:00:00","NULL","","VOL-BN ADD","N","Y","","","","","","","","","Y","Plecoptera","Capniidae","y",""
"101","2003","Winter","John5","","","","","","n","2003-01-11 00:00:00","NULL","","VOL-BN ADD","N","Y","","","","","","","","","Y","Plecoptera","Capniidae","y",""
"102","2003","Winter","Main4","","","","","","n","2003-01-11 00:00:00","NULL","","VOL-BN ADD","N","Y","","","","","","","","","N","No Taxa Found","No Taxa Found","y",""
"103","2003","Winter","Main6","","","","","","n","2003-01-11 00:00:00","NULL","","VOL-BN ADD","N","Y","","","","","","","","","N","No Taxa Found","No Taxa Found","y",""
"104","2003","Winter","MR-1","","","","","","n","2003-01-11 00:00:00","NULL","","VOL-BN ADD","N","Y","","","","","","","","","Y","Plecoptera","Capniidae","y",""
"105","2003","Winter","Peb1","","","","","","n","2003-01-11 00:00:00","NULL","","VOL-BN ADD","N","Y","","","","","","","","","N","No Taxa Found","No Taxa Found","y",""
"106","2003","Winter","Tar2","","","","","","n","2003-01-11 00:00:00","NULL","","VOL-BN ADD","N","Y","","","","","","","","","N","No Taxa Found","No Taxa Found","y",""
"107","2003","Winter","Ton2","","","","","","n","2003-01-11 00:00:00","NULL","","VOL-BN ADD","N","Y","","","","","","","","","N","No Taxa Found","No Taxa Found","y",""
"108","2003","Winter","Up2","","","","","","n","2003-01-11 00:00:00","NULL","","VOL-BN ADD","N","Y","","","","","","","","","Y","Plecoptera","Capniidae","y",""
"109","2003","Winter","Wall2","","","","","","n","2003-01-11 00:00:00","NULL","","VOL-BN ADD","N","Y","","","","","","","","","N","No Taxa Found","No Taxa Found","y",""
"110","2003","Spring","Bell1","","","","","","y","2003-04-12 00:00:00","DUP1","","PROF","","","FAIR","24.1","8","","","4","12","","","","","y",""
"111","2003","Spring","Bell1","","","","","","y","2003-04-12 00:00:00","DUP2","","PROF","","","FAIR","20.3","10","","","4","12","","","","","y",""
"112","2003","Spring","Bish1","","","","","","n","2003-04-12 00:00:00","NULL","","VOL-BN ADD","N","Y","POOR","17.3","6","","","4","12","","","","","y",""
"113","2003","Spring","Fel1","","","","","","n","2003-04-12 00:00:00","NULL","","VOL-BN ADD","N","Y","FAIR","28.7","11","","","4","12","","","","","y",""
"114","2003","Spring","Fel2","","","","","","n","2003-04-12 00:00:00","NULL","","VOL-BN ADD","N","Y","FAIR","22.1","9","","","4","12","","","","","y",""
"115","2003","Spring","Fowl1","","","","","","n","2003-04-12 00:00:00","NULL","","VOL-BN ADD","N","Y","GOOD","41.7","13","","","4","12","","","","","y",""
"116","2003","Spring","Frank1","","","","","","n","2003-04-12 00:00:00","NULL","","VOL-BN ADD","N","Y","FAIR","20","10","","","4","12","","","","","y",""
"117","2003","Spring","John1","","","","","","n","2003-04-12 00:00:00","NULL","","VOL-BN ADD","N","Y","GOOD","43","18","","","4","12","","","","","y",""
"118","2003","Spring","John2","","","","","","n","2003-04-12 00:00:00","NULL","","VOL-BN ADD","N","Y","GOOD","42","12","","","4","12","","","","","y",""
"119","2003","Spring","John3","","","","","","n","2003-04-12 00:00:00","NULL","","VOL-BN ADD","N","Y","GOOD","34.5","10","","","4","12","","","","","y",""
"120","2003","Spring","John5","","","","","","n","2003-04-12 00:00:00","NULL","","VOL-BN ADD","N","Y","FAIR","20.6","7","","","4","12","","","","","y",""
"121","2003","Spring","Low2","","","","","","n","2003-04-12 00:00:00","NULL","","VOL-BN ADD","N","Y","POOR","18.2","6","","","4","12","","","","","y","Does not match resamp data"
"122","2003","Spring","Main1","","","","","","n","2003-04-12 00:00:00","NULL","","VOL-BN ADD","N","Y","FAIR","32.4","14","","","4","12","","","","","y",""
"123","2003","Spring","Main15","","","","","","n","2003-04-12 00:00:00","NULL","","VOL-BN ADD","N","Y","POOR","13.4","7","","","4","12","","","","","y",""
"124","2003","Spring","Main3","","","","","","n","2003-04-12 00:00:00","NULL","","VOL-BN ADD","N","Y","FAIR","23.7","10","","","4","12","","","","","y",""
"125","2003","Spring","Main4","","","","","","n","2003-04-12 00:00:00","NULL","","VOL-BN ADD","N","Y","FAIR","29.3","9","","","4","12","","","","","y",""
"126","2003","Spring","Main6","","","","","","n","2003-04-12 00:00:00","NULL","","VOL-BN ADD","N","Y","POOR","9","3","","","4","12","","","","","y",""
"127","2003","Spring","Mid5","","","","","","n","2003-04-12 00:00:00","NULL","","VOL-BN ADD","N","Y","FAIR","27.2","9","","","4","12","","","","","y",""
"128","2003","Spring","Min1","","","","","","n","2003-04-12 00:00:00","NULL","","VOL-BN ADD","N","Y","GOOD","36.3","11","","","4","12","","","","","y",""
"129","2003","Spring","Peb1","","","","","","n","2003-04-12 00:00:00","NULL","","VOL-BN ADD","N","Y","POOR","12.2","5","","","4","12","","","","","y",""
"130","2003","Spring","See1","","","","","","n","2003-04-12 00:00:00","NULL","","VOL-BN ADD","N","Y","POOR","12.4","6","","","4","12","","","","","y",""
"131","2003","Spring","See2","","","","","","n","2003-04-12 00:00:00","NULL","","VOL-BN ADD","N","Y","FAIR","22.6","7","","","4","12","","","","","y",""
"132","2003","Spring","Tar1","","","","","","n","2003-04-12 00:00:00","NULL","","VOL-BN ADD","N","Y","FAIR","28.6","11","","","4","12","","","","","y",""
"133","2003","Spring","Tar2","","","","","","n","2003-04-12 00:00:00","NULL","","VOL-BN ADD","N","Y","GOOD","39.3","14","","","4","12","","","","","y",""
"134","2003","Spring","Ton1","","","","","","y","2003-04-12 00:00:00","NULL","","VOL-BN ADD","N","Y","GOOD","38.4","15","","","","","","","","","y",""
"135","2003","Spring","Ton2","","","","","","n","2003-04-12 00:00:00","NULL","","VOL-BN ADD","N","Y","POOR","16.7","6","","","4","12","","","","","y",""
"136","2003","Spring","Up1","","","","","","n","2003-04-12 00:00:00","NULL","","VOL-BN ADD","N","Y","POOR","17.4","7","","","4","12","","","","","y",""
"137","2003","Spring","Up2","","","","","","n","2003-04-12 00:00:00","NULL","","VOL-BN ADD","N","Y","FAIR","22.5","8","","","4","12","","","","","y",""
"138","2003","Spring","Up6","","","","","","n","2003-04-12 00:00:00","NULL","","VOL-BN ADD","N","Y","FAIR","22.4","8","","","4","12","","","","","y",""
"139","2003","Spring","Wall1","","","","","","n","2003-04-12 00:00:00","NULL","","VOL-BN ADD","N","Y","FAIR","22.5","9","","","4","12","","","","","y",""
"140","2003","Spring","Wall2","","","","","","n","2003-04-12 00:00:00","NULL","","VOL-BN ADD","N","Y","FAIR","20.3","8","","","4","12","","","","","y",""
"141","2003","Spring","Will1","","","","","","y","2003-04-12 00:00:00","NULL","","VOL-BN ADD","N","Y","FAIR","22.2","10","","","","","","","","","y",""
"142","2003","Spring","Ton1","","","","","","Y","2003-04-18 00:00:00","FOTR","","FOTR","Y","N","33.5","FAIR","","","","","","","","","","n",""
"143","2003","Spring","Will1","","","","","","Y","2003-04-18 00:00:00","FOTR","","FOTR","Y","N","25.1","GOOD","","","","","","","","","","n",""
"144","2003","Fall","Bell2","","","","","","n","2003-10-11 00:00:00","NULL","","VOL-BN ADD","N","Y","GOOD","34.3","14","1","","10","11","","","","","y",""
"145","2003","Fall","Bish1","","","","","","n","2003-10-11 00:00:00","NULL","","VOL-BN ADD","N","Y","FAIR","25.2","9","1","","10","11","","","","","y",""
"146","2003","Fall","Fel1","","","","","","n","2003-10-11 00:00:00","NULL","","VOL-BN ADD","N","Y","FAIR","26.2","12","1","","10","11","","","","","y",""
"147","2003","Fall","Fel2","","","","","","Y","2003-10-11 00:00:00","null","","VOL-BN ADD","N","Y","7.3","POOR","4","","","","","","","","","y",""
"148","2003","Fall","Fowl1","","","","","","n","2003-10-11 00:00:00","NULL","","VOL-BN ADD","N","Y","GOOD","39.1","16","1","","10","11","","","","","y",""
"149","2003","Fall","Frank1","","","","","","n","2003-10-11 00:00:00","NULL","","VOL-BN ADD","N","Y","FAIR","24.3","10","1","","10","11","","","","","y",""
"150","2003","Fall","Ing1","","","","","","n","2003-10-11 00:00:00","NULL","","VOL-BN ADD","N","Y","GOOD","44.4","16","2","","10","11","","","","","y",""
"151","2003","Fall","John1","","","","","","n","2003-10-11 00:00:00","NULL","","VOL-BN ADD","N","Y","FAIR","19.3","6","2","","10","11","","","","","y",""
"152","2003","Fall","John2","","","","","","n","2003-10-11 00:00:00","NULL","","VOL-BN ADD","N","Y","EXC","48.6","15","2","","10","11","","","","","y",""
"153","2003","Fall","John3","","","","","","y","2003-10-11 00:00:00","NULL","","VOL-BN ADD","N","Y","FAIR","28.5","13","3","","","","","","","","y",""
"154","2003","Fall","John5","","","","","","n","2003-10-11 00:00:00","NULL","","VOL-BN ADD","N","Y","FAIR","33.7","13","1","","10","11","","","","","y",""
"155","2003","Fall","Low1","","","","","","y","2003-10-11 00:00:00","NULL","","VOL-BN ADD","N","Y","FAIR","23.3","10","1","","","","","","","","y",""
"156","2003","Fall","Main4","","","","","","n","2003-10-11 00:00:00","NULL","","VOL-BN ADD","N","Y","GOOD","45.2","17","3","","10","11","","","","","y",""
"157","2003","Fall","Main6","","","","","","n","2003-10-11 00:00:00","NULL","","VOL-BN ADD","N","Y","GOOD","41.2","17","3","","10","11","Corydalidae","","","","y",""
"158","2003","Fall","Min1","","","","","","n","2003-10-11 00:00:00","NULL","","VOL-BN ADD","N","Y","FAIR","32.8","8","1","","10","11","","","","","y",""
"159","2003","Fall","Peb1","","","","","","n","2003-10-11 00:00:00","NULL","","VOL-BN ADD","N","Y","GOOD","41.5","14","1","","10","11","Corydalidae","","","","y",""
"160","2003","Fall","See1","","","","","","y","2003-10-11 00:00:00","NULL","","VOL-BN ADD","N","Y","GOOD","35.1","11","2","","","","","","","","y",""
"161","2003","Fall","See2","","","","","","n","2003-10-11 00:00:00","NULL","","VOL-BN ADD","N","Y","GOOD","34.8","13","1","","10","11","Athericidae","","","","y",""
"162","2003","Fall","Tar1","","","","","","n","2003-10-11 00:00:00","NULL","","VOL-BN ADD","N","Y","FAIR","33.4","11","2","","10","11","","","","","y",""
"163","2003","Fall","Tar2","","","","","","n","2003-10-11 00:00:00","NULL","","VOL-BN ADD","N","Y","GOOD","34","13","2","","10","11","","","","","y",""
"164","2003","Fall","Ton1","","","","","","n","2003-10-11 00:00:00","NULL","","VOL-BN ADD","N","Y","EXC","53.1","20","3","","10","11","","","","","y",""
"165","2003","Fall","Ton2","","","","","","n","2003-10-11 00:00:00","NULL","","VOL-BN ADD","N","Y","POOR","17.6","8","1","","10","11","","","","","y",""
"166","2003","Fall","Up2","","","","","","Y","2003-10-11 00:00:00","NULL","","VOL-BN ADD","N","Y","GOOD","34.8","13","1","","","","Athericidae","","","","y",""
"167","2003","Fall","Wall2","","","","","","n","2003-10-11 00:00:00","NULL","","VOL-BN ADD","N","Y","FAIR","30.9","11","1","","10","11","","","","","y",""
"168","2003","Fall","Will1","","","","","","n","2003-10-11 00:00:00","NULL","","VOL-BN ADD","N","Y","FAIR","27","12","0","","10","11","","","","","y",""
"169","2003","Fall","See1","","","","","","Y","2003-10-16 00:00:00","FOTR","","FOTR","Y","N","36.3","GOOD","13","","","","","","","","","n",""
"170","2003","Fall","Up2","","","","","","Y","2003-10-16 00:00:00","FOTR","","FOTR","Y","N","32.8","FAIR","10","","","","","","","","","n",""
"171","2003","Fall","Fel2","","","","","","y","2003-10-20 00:00:00","Petrella- BN ADD","","FOTR","Y","N","GOOD","37","15","2","","","","","","","","n",""
"172","2003","Fall","John3","","","","","","Y","2003-10-20 00:00:00","FOTR","","FOTR","Y","N","30.7","FAIR","13","","","","","","","","","n",""
"173","2003","Fall","Low1","","","","","","Y","2003-10-20 00:00:00","FOTR","","FOTR","Y","N","28.9","FAIR","11","","","","","","","","","n",""
"174","2004","Winter","Bell1","","","","","","n","2004-01-10 00:00:00","NULL","","VOL-BN ADD","N","Y","","","","","","","","","N","No Taxa Found","No Taxa Found","y",""
"175","2004","Winter","Bell2","","","","","","n","2004-01-10 00:00:00","NULL","","VOL-BN ADD","N","Y","","","","","","","","","N","No Taxa Found","No Taxa Found","y",""
"176","2004","Winter","Bish1","","","","","","n","2004-01-10 00:00:00","NULL","","VOL-BN ADD","N","Y","","","","","","","","","N","No Taxa Found","No Taxa Found","y",""
"177","2004","Winter","Fel1","","","","","","n","2004-01-10 00:00:00","NULL","","VOL-BN ADD","N","Y","","","","","","","","","Y","Plecoptera","Capniidae","y",""
"178","2004","Winter","Fowl1","","","","","","n","2004-01-10 00:00:00","NULL","","VOL-BN ADD","N","Y","","","","","","","","","Y","Plecoptera","Capniidae","y",""
"179","2004","Winter","Frank1","","","","","","y","2004-01-10 00:00:00","NULL","","VOL-BN ADD","N","Y","","","","","","","","","N","No Taxa Found","No Taxa Found","y",""
"180","2004","Winter","John1","","","","","","n","2004-01-10 00:00:00","NULL","","VOL-BN ADD","N","Y","","","","","","","","","Y","Plecoptera","Capniidae","y",""
"181","2004","Winter","John2","","","","","","n","2004-01-10 00:00:00","NULL","","VOL-BN ADD","N","Y","","","","","","","","","Y","Plecoptera","Capniidae","y",""
"182","2004","Winter","John3","","","","","","n","2004-01-10 00:00:00","NULL","","VOL-BN ADD","N","Y","","","","","","","","","Y","Plecoptera","Capniidae","y",""
"183","2004","Winter","John5","","","","","","n","2004-01-10 00:00:00","NULL","","VOL-BN ADD","N","Y","","","","","","","","","Y","Plecoptera","Capniidae","y",""
"184","2004","Winter","Main4","","","","","","n","2004-01-10 00:00:00","NULL","","VOL-BN ADD","N","Y","","","","","","","","","N","No Taxa Found","No Taxa Found","y",""
"185","2004","Winter","Main6","","","","","","n","2004-01-10 00:00:00","NULL","","VOL-BN ADD","N","Y","","","","","","","","","N","No Taxa Found","No Taxa Found","y",""
"186","2004","Winter","Min1","","","","","","n","2004-01-10 00:00:00","NULL","","VOL-BN ADD","N","Y","","","","","","","","","N","No Taxa Found","No Taxa Found","y",""
"187","2004","Winter","Peb1","","","","","","n","2004-01-10 00:00:00","NULL","","VOL-BN ADD","N","Y","","","","","","","","","N","No Taxa Found","No Taxa Found","y",""
"188","2004","Winter","See1","","","","","","n","2004-01-10 00:00:00","NULL","","VOL-BN ADD","N","Y","","","","","","","","","N","No Taxa Found","No Taxa Found","y",""
"189","2004","Winter","See2","","","","","","n","2004-01-10 00:00:00","NULL","","VOL-BN ADD","N","Y","","","","","","","","","N","No Taxa Found","No Taxa Found","y",""
"190","2004","Winter","Tar2","","","","","","n","2004-01-10 00:00:00","NULL","","VOL-BN ADD","N","Y","","","","","","","","","N","No Taxa Found","No Taxa Found","y",""
"191","2004","Winter","Ton1","","","","","","y","2004-01-10 00:00:00","NULL","","FOTR","Y","N","","","","","","","","","Y","Plecoptera","Capniidae","y",""
"192","2004","Winter","Ton1","","","","","","Y","2004-01-10 00:00:00","null","","VOL-BN ADD","N","Y","N","","","","","","","","N","","","y",""
"193","2004","Winter","Ton2","","","","","","n","2004-01-10 00:00:00","NULL","","VOL-BN ADD","N","Y","","","","","","","","","N","No Taxa Found","No Taxa Found","y",""
"194","2004","Winter","Up2","","","","","","n","2004-01-10 00:00:00","NULL","","VOL-BN ADD","N","Y","","","","","","","","","N","No Taxa Found","No Taxa Found","y",""
"195","2004","Winter","Wall2","","","","","","y","2004-01-10 00:00:00","NULL","","VOL-BN ADD","N","Y","","","","","","","","","N","No Taxa Found","No Taxa Found","y",""
"196","2004","Winter","Will1","","","","","","n","2004-01-10 00:00:00","NULL","","VOL-BN ADD","","","","","","","","","","","N","No Taxa Found","No Taxa Found","y",""
"197","2004","Winter","Frank1","","","","","","Y","2004-01-13 00:00:00","FOTR","","FOTR","Y","N","","","","","","","","","N","","","n",""
"198","2004","Winter","Wall2","","","","","","Y","2004-01-13 00:00:00","FOTR","","FOTR","Y","N","","","","","","","","","N","","","n",""
"199","2004","Spring","Bell1","","","","","","n","2004-04-22 00:00:00","NULL","","UNK","","","FAIR","20.8","8","","","","","","","","","y",""
"200","2004","Spring","Bell2","","","","","","n","2004-04-22 00:00:00","NULL","","UNK","","","FAIR","30.3","15","","","","","","","","","y",""
"201","2004","Spring","Bell3","","","","","","n","2004-04-24 00:00:00","NULL","","VOL-BN ADD","N","Y","FAIR","27.9","10","","","","","","","","","y",""
"202","2004","Spring","Bish1","","","","","","n","2004-04-24 00:00:00","NULL","","VOL-BN ADD","N","Y","POOR","17.3","6","","","","","","","","","y",""
"203","2004","Spring","Fel1","","","","","","n","2004-04-24 00:00:00","NULL","","VOL-BN ADD","N","Y","GOOD","43.9","15","","","","","","","","","y",""
"204","2004","Spring","Fel2","","","","","","n","2004-04-24 00:00:00","NULL","","VOL-BN ADD","N","Y","FAIR","22.6","12","","","","","","","","","y",""
"205","2004","Spring","Fowl1","","","","","","n","2004-04-24 00:00:00","NULL","","VOL-BN ADD","N","Y","GOOD","35.5","11","","","","","","","","","y",""
"206","2004","Spring","Frank1","","","","","","n","2004-04-24 00:00:00","NULL","","VOL-BN ADD","N","Y","POOR","17.5","7","","","","","","","","","y",""
"207","2004","Spring","John1","","","","","","n","2004-04-24 00:00:00","NULL","","VOL-BN ADD","N","Y","GOOD","36.4","14","","","","","","","","","y",""
"208","2004","Spring","John2","","","","","","n","2004-04-24 00:00:00","NULL","","VOL-BN ADD","N","Y","GOOD","41.3","14","","","","","","","","","y",""
"209","2004","Spring","John3","","","","","","n","2004-04-24 00:00:00","NULL","","VOL-BN ADD","N","Y","FAIR","26.9","10","","","","","","","","","y",""
"210","2004","Spring","John5","","","","","","n","2004-04-24 00:00:00","NULL","","VOL-BN ADD","N","Y","FAIR","25.3","8","","","","","","","","","y",""
"211","2004","Spring","Low2","","","","","","n","2004-04-24 00:00:00","NULL","","VOL-BN ADD","N","Y","FAIR","32.4","12","","","","","","","","","y",""
"212","2004","Spring","Main4","","","","","","y","2004-04-24 00:00:00","NULL","","VOL-BN ADD","N","Y","FAIR","23.4","9","","","","","","","","","y",""
"213","2004","Spring","Main5","","","","","","y","2004-04-24 00:00:00","NULL","","VOL-BN ADD","N","Y","FAIR","19.6","7","","","","","","","","","y",""
"214","2004","Spring","Main6","","","","","","y","2004-04-24 00:00:00","NULL","","VOL-BN ADD","N","Y","FAIR","25.7","11","","","","","","","","","y",""
"215","2004","Spring","Min1","","","","","","n","2004-04-24 00:00:00","NULL","","VOL-BN ADD","N","Y","GOOD","43.5","19","","","","","","","","","y",""
"216","2004","Spring","Nott","","","","","","n","2004-04-24 00:00:00","NULL","","VOL-BN ADD","N","Y","FAIR","31.4","11","","","","","","","","","y",""
"217","2004","Spring","Peb1","","","","","","Y","2004-04-24 00:00:00","NULL","","VOL-BN ADD","N","Y","GOOD","39.8","14","","","","","","","","","y",""
"218","2004","Spring","See1","","","","","","n","2004-04-24 00:00:00","NULL","","VOL-BN ADD","N","Y","EXC","50.5","18","","","","","","","","","y",""
"219","2004","Spring","See2","","","","","","n","2004-04-24 00:00:00","NULL","","VOL-BN ADD","N","Y","FAIR","21","7","","","","","","","","","y",""
"220","2004","Spring","Tar2","","","","","","n","2004-04-24 00:00:00","NULL","","VOL-BN ADD","N","Y","FAIR","31.3","12","","","","","","","","","y",""
"221","2004","Spring","Ton1","","","","","","y","2004-04-24 00:00:00","DUP2","","PROF","","","EXC","50.8","17","","","","","","","","","y",""
"222","2004","Spring","Up2","","","","","","n","2004-04-24 00:00:00","NULL","","VOL-BN ADD","N","Y","FAIR","19.3","6","","","","","","","","","y",""
"223","2004","Spring","Wall2","","","","","","n","2004-04-24 00:00:00","NULL","","VOL-BN ADD","N","Y","POOR","17.9","7","","","","","","","","","y",""
"224","2004","Spring","Will1","","","","","","n","2004-04-24 00:00:00","NULL","","VOL-BN ADD","N","Y","POOR","15.2","7","","","","","","","","","y",""
"225","2004","Spring","Main4","","","","","","Y","2004-04-29 00:00:00","FOTR","","FOTR","Y","N","21.7","FAIR","8","","","","","","","","","n",""
"226","2004","Spring","Main5","","","","","","Y","2004-04-29 00:00:00","FOTR","","FOTR","Y","N","22.5","FAIR","9","","","","","","","","","n",""
"227","2004","Spring","Main6","","","","","","Y","2004-04-29 00:00:00","FOTR","","FOTR","Y","N","29.5","FAIR","11","","","","","","","","","n",""
"228","2004","Spring","Peb1","","","","","","Y","2004-04-29 00:00:00","FOTR","","FOTR","Y","N","30.6","FAIR","11","","","","","","","","","n",""
"229","2004","Spring","MR-1","","","","","","n","2004-05-04 00:00:00","NULL","","UNK","","","FAIR","21.5","7","","","","","","","","","n",""
"230","2004","Spring","Nton","","","","","","n","2004-05-04 00:00:00","NULL","","UNK","","","POOR","12","4","","","","","","","","","n",""
"231","2004","Spring","Ing1","","","","","","n","2004-05-05 00:00:00","NULL","","UNK","","","GOOD","35.6","15","","","","","","","","","n",""
"232","2004","Spring","Main1","","","","","","n","2004-05-05 00:00:00","NULL","","UNK","","","FAIR","29.6","12","","","","","","","","","n",""
"233","2004","Spring","Main7","","","","","","n","2004-05-05 00:00:00","NULL","","UNK","","","FAIR","30.5","12","","","","","","","","","n",""
"234","2004","Spring","Main9","","","","","","n","2004-05-05 00:00:00","NULL","","UNK","","","POOR","10.6","6","","","","","","","","","n",""
"235","2004","Spring","Mid3","","","","","","n","2004-05-05 00:00:00","NULL","","UNK","","","FAIR","21.5","9","","","","","","","","","n",""
"236","2004","Spring","Tar1","","","","","","n","2004-05-05 00:00:00","NULL","","UNK","","","FAIR","30.8","13","","","","","","","","","n",""
"237","2004","Spring","Ton1","","","","","","y","2004-05-05 00:00:00","DUP1","","PROF","","","FAIR","32.8","11","","","","","","","","","n",""
"238","2004","Spring","Ton5","","","","","","n","2004-05-05 00:00:00","NULL","","UNK","","","POOR","4.1","2","","","","","","","","","n",""
"239","2004","Spring","Up7","","","","","","n","2004-05-05 00:00:00","NULL","","UNK","","","POOR","7.4","5","","","","","","","","","n",""
"240","2004","Spring","Wall1","","","","","","n","2004-05-05 00:00:00","NULL","","UNK","","","FAIR","31.7","13","","","","","","","","","n",""
"241","2004","Spring","Up5","","","","","","n","2004-05-12 00:00:00","NULL","","UNK","","","POOR","14.6","6","","","","","","","","","n",""
"242","2004","Fall","Bell1","","","","","","n","2004-10-13 00:00:00","NULL","","UNK","","","FAIR","20.5","9","1","","","","","","","","n",""
"243","2004","Fall","Tar1","","","","","","n","2004-10-13 00:00:00","NULL","","UNK","","","FAIR","23.4","12","1","","","","","","","","n",""
"244","2004","Fall","Bell3","","","","","","n","2004-10-16 00:00:00","NULL","","VOL-BN ADD","N","Y","FAIR","23.3","9","1","","","","","","","","y",""
"245","2004","Fall","Bish1","","","","","","n","2004-10-16 00:00:00","NULL","","VOL-BN ADD","N","Y","FAIR","30.8","10","1","","","","","","","","y",""
"246","2004","Fall","Fel1","","","","","","y","2004-10-16 00:00:00","NULL","","VOL-BN ADD","N","Y","FAIR","21.5","10","1","","","","","","","","y",""
"247","2004","Fall","Fel2","","","","","","n","2004-10-16 00:00:00","NULL","","VOL-BN ADD","N","Y","FAIR","31.1","13","2","","","","","","","","y",""
"248","2004","Fall","Fowl1","","","","","","y","2004-10-16 00:00:00","NULL","","VOL-BN ADD","N","Y","FAIR","27.3","11","1","","","","","","","","y",""
"249","2004","Fall","Frank1","","","","","","Y","2004-10-16 00:00:00","null","","VOL-BN ADD","N","Y","9.6","POOR","5","","","","","","","","","y",""
"250","2004","Fall","John1","","","","","","n","2004-10-16 00:00:00","NULL","","VOL-BN ADD","N","Y","FAIR","21.9","10","4","","","","","","","","y",""
"251","2004","Fall","John2","","","","","","n","2004-10-16 00:00:00","NULL","","VOL-BN ADD","N","Y","GOOD","42.2","16","3","","","","","","","","y",""
"252","2004","Fall","John3","","","","","","n","2004-10-16 00:00:00","NULL","","VOL-BN ADD","N","Y","FAIR","27.6","11","2","","","","","","","","y",""
"253","2004","Fall","John5","","","","","","n","2004-10-16 00:00:00","NULL","","VOL-BN ADD","N","Y","FAIR","24.5","9","1","1","","","","","","","y",""
"254","2004","Fall","Low2","","","","","","n","2004-10-16 00:00:00","NULL","","VOL-BN ADD","N","Y","FAIR","26.7","12","0","","","","","","","","y",""
"255","2004","Fall","Main4","","","","","","n","2004-10-16 00:00:00","NULL","","VOL-BN ADD","N","Y","GOOD","35.9","12","4","","","","","","","","y",""
"256","2004","Fall","Main5","","","","","","n","2004-10-16 00:00:00","NULL","","VOL-BN ADD","N","Y","FAIR","31.1","14","3","","","","","","","","y",""
"257","2004","Fall","Main6","","","","","","n","2004-10-16 00:00:00","NULL","","VOL-BN ADD","N","Y","GOOD","40.9","14","2","","","","","","","","y",""
"258","2004","Fall","Min1","","","","","","n","2004-10-16 00:00:00","NULL","","VOL-BN ADD","N","Y","FAIR","31","15","1","","","","","","","","y",""
"259","2004","Fall","Nott","","","","","","n","2004-10-16 00:00:00","NULL","","VOL-BN ADD","N","Y","GOOD","34.2","14","3","","","","","","","","y",""
"260","2004","Fall","Peb1","","","","","","n","2004-10-16 00:00:00","NULL","","VOL-BN ADD","N","Y","GOOD","42.4","13","3","1","","","","","","","y",""
"261","2004","Fall","See1","","","","","","n","2004-10-16 00:00:00","NULL","","VOL-BN ADD","N","Y","FAIR","24.9","9","1","","","","","","","","y",""
"262","2004","Fall","See2","","","","","","Y","2004-10-16 00:00:00","null","","VOL-BN ADD","N","Y","4.1","POOR","2","","","","","","","","","y",""
"263","2004","Fall","Tar2","","","","","","n","2004-10-16 00:00:00","NULL","","VOL-BN ADD","N","Y","GOOD","37.3","15","3","","","","","","","","y",""
"264","2004","Fall","Ton1","","","","","","n","2004-10-16 00:00:00","NULL","","VOL-BN ADD","N","Y","GOOD","36.4","17","3","","","","","","","","y",""
"265","2004","Fall","Up2","","","","","","Y","2004-10-16 00:00:00","null","","VOL-BN ADD","N","Y","14.2","POOR","6","","","","","","","","","y",""
"266","2004","Fall","Wall3","","","","","","n","2004-10-16 00:00:00","NULL","","VOL-BN ADD","N","Y","FAIR","26.1","10","1","","","","","","","","y",""
"267","2004","Fall","Will1","","","","","","n","2004-10-16 00:00:00","NULL","","VOL-BN ADD","N","Y","FAIR","24.5","13","1","","","","","","","","y",""
"268","2004","Fall","Frank1","","","","","","y","2004-10-20 00:00:00","NULL","","FOTR","Y","N","POOR","18.4","8","1","1","","","","","","","n",""
"269","2004","Fall","See2","","","","","","y","2004-10-20 00:00:00","NULL","","FOTR","Y","N","POOR","13.4","5","1","1","","","","","","","n",""
"270","2004","Fall","Up2","","","","","","y","2004-10-20 00:00:00","NULL","","FOTR","Y","N","FAIR","29.9","11","2","","","","","","","","n",""
"271","2004","Fall","Fel1","","","","","","Y","2004-10-21 00:00:00","FOTR","","FOTR","Y","N","31.8","FAIR","11","","","","","","","","","n",""
"272","2004","Fall","Fowl1","","","","","","Y","2004-10-21 00:00:00","FOTR","","FOTR","Y","N","20.3","FAIR","8","","","","","","","","","n",""
"273","2004","Fall","MR-1","","","","","","n","2004-10-28 00:00:00","NULL","","","","","GOOD","31.3","12","1","","","","","","","","y",""
"274","2004","Fall","MR-2","","","","","","n","2004-10-28 00:00:00","NULL","","","","","GOOD","41.8","15","4","","","","","","","","y",""
"275","2004","Fall","MR-3","","","","","","n","2004-10-28 00:00:00","NULL","","","","","GOOD","39.5","17","4","","","","","","","","y",""
"276","2004","Fall","MR-4","","","","","","n","2004-10-28 00:00:00","NULL","","","","","POOR","18.1","9","3","","","","","","","","y",""
"277","2004","Fall","MR-5","","","","","","n","2004-10-28 00:00:00","NULL","","","","","POOR","13.4","5","1","","","","","","","","y",""
"278","2004","Fall","MR-6","","","","","","n","2004-10-28 00:00:00","NULL","","","","","FAIR","19.6","8","2","","","","","","","","y",""
"279","2004","Fall","MR-7","","","","","","n","2004-10-28 00:00:00","NULL","","","","","FAIR","19.1","9","3","","","","","","","","y",""
"280","2004","Fall","MR-8","","","","","","n","2004-10-28 00:00:00","NULL","","","","","FAIR","20.6","7","2","","","","","","","","y",""
"281","2004","Fall","MR-9","","","","","","n","2004-10-28 00:00:00","NULL","","","","","FAIR","20.7","9","2","","","","","","","","y",""
"282","2004","Fall","MR-10","","","","","","n","2004-10-29 00:00:00","NULL","","","","","POOR","16.5","5","2","","","","","","","","y",""
"283","2005","Winter","Fel4","","","","","","n","2005-01-08 00:00:00","NULL","","VOL-BN ADD","N","Y","","","","","","","","","N","No Taxa Found","No Taxa Found","y",""
"284","2005","Winter","Fowl2","","","","","","n","2005-01-08 00:00:00","NULL","","VOL-BN ADD","N","Y","","","","","","","","","Y","Plecoptera","Capniidae","y",""
"285","2005","Winter","Ing1","","","","","","n","2005-01-08 00:00:00","NULL","","VOL-BN ADD","N","Y","","","","","","","","","N","No Taxa Found","No Taxa Found","y",""
"286","2005","Winter","John6","","","","","","n","2005-01-08 00:00:00","NULL","","VOL-BN ADD","N","Y","","","","","","","","","Y","Plecoptera","Capniidae","y",""
"287","2005","Winter","Low2","","","","","","n","2005-01-08 00:00:00","NULL","","VOL-BN ADD","N","Y","","","","","","","","","Y","Plecoptera","Capniidae","y",""
"288","2005","Winter","Main1","","","","","","n","2005-01-08 00:00:00","NULL","","VOL-BN ADD","N","Y","","","","","","","","","N","No Taxa Found","No Taxa Found","y",""
"289","2005","Winter","MR-1","","","","","","n","2005-01-08 00:00:00","NULL","","VOL-BN ADD","N","Y","","","","","","","","","Y","Plecoptera","Capniidae","y",""
"290","2005","Winter","MR-2","","","","","","n","2005-01-08 00:00:00","NULL","","VOL-BN ADD","N","Y","","","","","","","","","N","No Taxa Found","No Taxa Found","y",""
"291","2005","Winter","MR-3","","","","","","n","2005-01-08 00:00:00","NULL","","VOL-BN ADD","N","Y","","","","","","","","","N","No Taxa Found","No Taxa Found","y",""
"292","2005","Winter","Nott","","","","","","n","2005-01-08 00:00:00","NULL","","VOL-BN ADD","N","Y","","","","","","","","","N","No Taxa Found","No Taxa Found","y",""
"293","2005","Winter","Peb2","","","","","","n","2005-01-08 00:00:00","NULL","","VOL-BN ADD","N","Y","","","","","","","","","N","No Taxa Found","No Taxa Found","y",""
"294","2005","Winter","Sprag","","","","","","n","2005-01-08 00:00:00","NULL","","VOL-BN ADD","N","Y","","","","","","","","","N","No Taxa Found","No Taxa Found","y",""
"295","2005","Winter","Ton1","","","","","","n","2005-01-08 00:00:00","NULL","","VOL-BN ADD","N","Y","","","","","","","","","Y","Plecoptera","Capniidae","y",""
"296","2005","Winter","Ton1/2","","","","","","n","2005-01-08 00:00:00","NULL","","VOL-BN ADD","N","Y","","","","","","","","","Y","Plecoptera","Capniidae","y",""
"297","2005","Winter","Up1","","","","","","n","2005-01-08 00:00:00","NULL","","VOL-BN ADD","N","Y","","","","","","","","","Y","Plecoptera","Capniidae","y",""
"298","2005","Winter","Up2","","","","","","n","2005-01-08 00:00:00","NULL","","VOL-BN ADD","N","Y","","","","","","","","","N","No Taxa Found","No Taxa Found","y",""
"299","2005","Winter","Wall1","","","","","","n","2005-01-08 00:00:00","NULL","","VOL-BN ADD","N","Y","","","","","","","","","N","No Taxa Found","No Taxa Found","y",""
"300","2005","Winter","Will1","","","","","","n","2005-01-08 00:00:00","NULL","","VOL-BN ADD","N","Y","","","","","","","","","N","No Taxa Found","No Taxa Found","y",""
"301","2005","Spring","MR-1","","","","","","y","2005-04-08 00:00:00","WC","","PROF","","","17.1","POOR","5","2","0","","","","","","","",""
"302","2005","Spring","MR-10","","","","","","n","2005-04-08 00:00:00","WC","","PROF","","","25.8","FAIR","9","2","0","","","","","","","y",""
"303","2005","Spring","MR-2","","","","","","n","2005-04-08 00:00:00","WC","","PROF","","","16.5","POOR","7","3","1","","","","","","","y",""
"304","2005","Spring","MR-3","","","","","","n","2005-04-08 00:00:00","WC","","PROF","","","28.4","FAIR","11","3","0","","","","","","","y",""
"305","2005","Spring","MR-4","","","","","","n","2005-04-08 00:00:00","WC","","PROF","","","38.6","GOOD","12","2","0","","","","","","","y",""
"306","2005","Spring","MR-5","","","","","","n","2005-04-08 00:00:00","WC","","PROF","","","20.7","FAIR","8","1","0","","","","","","","y",""
"307","2005","Spring","MR-6","","","","","","n","2005-04-08 00:00:00","WC","","PROF","","","13.4","POOR","5","1","0","","","","","","","y",""
"308","2005","Spring","MR-7","","","","","","n","2005-04-08 00:00:00","WC","","PROF","","","19.2","FAIR","7","2","0","","","","","","","y",""
"309","2005","Spring","MR-8","","","","","","n","2005-04-08 00:00:00","WC","","PROF","","","20.5","FAIR","10","2","0","","","","","","","y",""
"310","2005","Spring","MR-9","","","","","","n","2005-04-08 00:00:00","WC","","PROF","","","19.5","FAIR","7","2","0","","","","","","","y",""
"311","2005","Spring","John3","","","","","","n","2005-04-10 00:00:00","FOTR","","PROF","","","34.1","GOOD","11","3","0","","","","","","","y",""
"312","2005","Spring","John5","","","","","","n","2005-04-10 00:00:00","FOTR","","PROF","","","26.7","FAIR","10","2","1","","","","","","","y",""
"313","2005","Spring","Fel2","","","","","","n","2005-04-23 00:00:00","FOTR","","PROF","","","32.8","FAIR","13","1","0","","","","","","","y",""
"314","2005","Spring","Fel4","","","","","","Y","2005-04-23 00:00:00","null","","VOL-BN ADD","N","Y","10.1","POOR","4","","","","","","","","","y",""
"315","2005","Spring","Fowl2","","","","","","Y","2005-04-23 00:00:00","null","","VOL-BN ADD","N","Y","17","POOR","5","","","","","","","","","y",""
"316","2005","Spring","Frank1","","","","","","n","2005-04-23 00:00:00","FOTR","","PROF","","","23.4","FAIR","7","1","0","","","","","","","y","Date is vol samp date not prof recheck"
"317","2005","Spring","Ing1","","","","","","y","2005-04-23 00:00:00","FOTR","","PROF","","","18.4","POOR","8","1","0","","","","","","","y","Date is vol samp date not prof recheck"
"318","2005","Spring","John1","","","","","","n","2005-04-23 00:00:00","FOTR","","PROF","","","44.3","GOOD","20","5","2","","","","","","","y","Date is vol samp date not prof recheck"
"319","2005","Spring","John2","","","","","","n","2005-04-23 00:00:00","FOTR","","PROF","","","38.7","GOOD","16","5","1","","","","","","","y","Date is vol samp date not prof recheck"
"320","2005","Spring","John6","","","","","","n","2005-04-23 00:00:00","FOTR","","PROF","","","12.3","POOR","4","2","0","","","","","","","y","Date is vol samp date not prof recheck"
"321","2005","Spring","Low2","","","","","","n","2005-04-23 00:00:00","FOTR","","PROF","","","23.2","FAIR","9","2","1","","","","","","","y","Date is vol samp date not prof recheck"
"322","2005","Spring","Main1","","","","","","n","2005-04-23 00:00:00","FOTR","","PROF","","","16.5","POOR","7","1","0","","","","","","","y","Date is vol samp date not prof recheck"
"323","2005","Spring","Main4.5","","","","","","Y","2005-04-23 00:00:00","null","","VOL-BN ADD","N","Y","17.7","POOR","8","","","","","","","","","y","Date is vol samp date not prof recheck"
"324","2005","Spring","Main5","","","","","","y","2005-04-23 00:00:00","FOTR","","PROF","N","Y","20.7","FAIR","8","1","0","","","","","","","y","Date is vol samp date not prof recheck"
"325","2005","Spring","Min1","","","","","","n","2005-04-23 00:00:00","FOTR","","PROF","","","24.4","FAIR","8","1","0","","","","","","","y","Date is vol samp date not prof recheck"
"326","2005","Spring","MR-1","","","","","","y","2005-04-23 00:00:00","FOTR","","PROF","","","26.6","FAIR","10","2","0","","","","","","","y","Date is vol samp date not prof recheck"
"327","2005","Spring","Nott","","","","","","n","2005-04-23 00:00:00","FOTR","","PROF","","","20.5","FAIR","8","1","0","","","","","","","y","Date is vol samp date not prof recheck"
"328","2005","Spring","Peb1","","","","","","n","2005-04-23 00:00:00","FOTR","","PROF","","","27.7","FAIR","11","1","0","","","","","","","y","Date is vol samp date not prof recheck"
"329","2005","Spring","Peb2","","","","","","n","2005-04-23 00:00:00","FOTR","","PROF","","","25.7","FAIR","9","1","0","","","","","","","y","Date is vol samp date not prof recheck"
"330","2005","Spring","See1","","","","","","n","2005-04-23 00:00:00","FOTR","","PROF","","","23.7","FAIR","10","1","0","","","","","","","y","Date is vol samp date not prof recheck"
"331","2005","Spring","Sprag","","","","","","n","2005-04-23 00:00:00","FOTR","","PROF","","","22.8","FAIR","11","2","0","","","","","","","y","Date is vol samp date not prof recheck"
"332","2005","Spring","Ton1","","","","","","n","2005-04-23 00:00:00","FOTR","","PROF","","","27.5","FAIR","8","2","0","","","","","","","y","Date is vol samp date not prof recheck"
"333","2005","Spring","Ton2","","","","","","n","2005-04-23 00:00:00","FOTR","","PROF","","","10.2","POOR","5","0","0","","","","","","","y","Date is vol samp date not prof recheck"
"334","2005","Spring","Up1","","","","","","Y","2005-04-23 00:00:00","null","","VOL-BN ADD","N","Y","9.5","POOR","3","","","","","","","","","y",""
"335","2005","Spring","Up2","","","","","","Y","2005-04-23 00:00:00","null","","VOL-BN ADD","N","Y","13.8","POOR","5","","","","","","","","","y",""
"336","2005","Spring","Wall1","","","","","","n","2005-04-23 00:00:00","FOTR","","PROF","Y","N","12.3","POOR","4","2","0","","","","","","","y","Date is vol samp date not prof recheck"
"337","2005","Spring","LR-1","","","","","","n","2005-04-28 00:00:00","WC","","PROF","Y","N","22.6","FAIR","9","1","0","","","","","","","n",""
"338","2005","Spring","Main4.5","","","","","","y","2005-05-02 00:00:00","FOTR","","FOTR","Y","N","19.5","FAIR","8","2","0","","","","","","","n",""
"339","2005","Spring","Main5","","","","","","Y","2005-05-02 00:00:00","FOTR","","FOTR","Y","N","20.7","FAIR","8","","","","","","","","","n",""
"340","2005","Spring","Up1","","","","","","Y","2005-05-02 00:00:00","FOTR","","FOTR","Y","N","20.5","FAIR","8","1","0","","","","","","","n",""
"341","2005","Spring","Up2","","","","","","Y","2005-05-02 00:00:00","FOTR","","FOTR","Y","N","27.5","FAIR","9","1","1","","","","","","","n",""
"342","2005","Spring","Fel4","","","","","","y","2005-05-03 00:00:00","FOTR","","FOTR","Y","N","14.3","POOR","6","1","0","","","","","","","n",""
"343","2005","Spring","Fowl2","","","","","","y","2005-05-03 00:00:00","FOTR","","FOTR","Y","N","21.4","FAIR","7","2","0","","","","","","","n",""
"344","2005","Spring","MR-1","","","","","","y","2005-05-09 00:00:00","REP","","REP","N","Y","18.3","POOR","8","0","0","","","","","","","n",""
"345","2005","Spring","Main7","","","","","","n","2005-05-11 00:00:00","REP","","REP","N","Y","32.8","FAIR","10","1","1","","","","","","","n",""
"346","2005","Spring","CODEMISSING","","","","","","n","2005-05-18 00:00:00","REP","","REP","N","Y","15.3","POOR","7","1","0","","","","","","","n",""
"347","2005","Spring","Fowl1","","","","","","n","2005-05-18 00:00:00","REP","","REP","N","Y","25.3","FAIR","13","4","0","","","","","","","n",""
"348","2005","Spring","Ing1","","","","","","y","2005-05-18 00:00:00","REP","","REP","N","Y","45.2","GOOD","16","1","0","","","","","","","n",""
"349","2005","Spring","LR-4","","","","","","n","2005-05-18 00:00:00","REP","","REP","N","Y","25.3","FAIR","9","1","0","","","","","","","n",""
"350","2005","Spring","Main15","","","","","","n","2005-05-18 00:00:00","REP","","REP","N","Y","18.1","POOR","6","1","0","","","","","","","n",""
"351","2005","Spring","Mid3","","","","","","n","2005-05-18 00:00:00","REP","","REP","N","Y","22.8","FAIR","10","0","0","","","","","","","n",""
"352","2005","Spring","Mid4","","","","","","n","2005-05-18 00:00:00","REP","","REP","N","Y","33.2","GOOD","12","2","0","","","","","","","n",""
"353","2005","Spring","MR-13","","","","","","n","2005-05-18 00:00:00","REP","","REP","N","Y","28.8","FAIR","10","2","0","","","","","","","n",""
"354","2005","Spring","Nton","","","","","","n","2005-05-18 00:00:00","REP","","REP","N","Y","13.6","POOR","7","0","0","","","","","","","n",""
"355","2005","Spring","Rav1","","","","","","n","2005-05-18 00:00:00","REP","","REP","N","Y","28.9","FAIR","12","1","0","","","","","","","n",""
"356","2005","Spring","Tar1","","","","","","n","2005-05-18 00:00:00","REP","","REP","N","Y","21.8","FAIR","9","2","0","","","","","","","n",""
"357","2005","Spring","Up4","","","","","","n","2005-05-18 00:00:00","REP","","REP","N","Y","31.4","FAIR","11","2","0","","","","","","","n",""
"358","2005","Spring","Up5","","","","","","n","2005-05-18 00:00:00","REP","","REP","N","Y","16.2","POOR","6","0","0","","","","","","","n",""
"359","2005","Spring","Wall0","","","","","","n","2005-05-18 00:00:00","REP","","REP","N","Y","32.2","FAIR","10","2","0","","","","","","","n",""
"360","2005","Spring","Wall5","","","","","","n","2005-05-18 00:00:00","REP","","REP","N","Y","21.5","FAIR","9","1","0","","","","","","","n",""
"361","2005","Spring","Main13","","","","","","n","2005-05-19 00:00:00","REP","","REP","N","Y","10.4","POOR","6","0","0","","","","","","","n",""
"362","2005","Fall","John5","","","","","","n","2005-10-09 00:00:00","NULL","","UNK","Y","N","GOOD","44.1","17","3","0","","","","","","","n",""
"363","2005","Fall","Bell1","","","","","","n","2005-10-13 00:00:00","NULL","","UNK","Y","N","FAIR","21.4","9","0","0","","","","","","","n",""
"364","2005","Fall","Bell2","","","","","","n","2005-10-13 00:00:00","NULL","","UNK","Y","N","FAIR","24.4","10","1","0","","","","","","","n",""
"365","2005","Fall","Bell3","","","","","","n","2005-10-15 00:00:00","NULL","","VOL-BN ADD","N","Y","POOR","17.3","8","0","0","","","","","","","y",""
"366","2005","Fall","Fel4","","","","","","n","2005-10-15 00:00:00","NULL","","VOL-BN ADD","N","Y","GOOD","38.8","16","2","0","","","","","","","y",""
"367","2005","Fall","Fowl1","","","","","","n","2005-10-15 00:00:00","NULL","","VOL-BN ADD","N","Y","FAIR","28.7","10","1","0","","","","","","","y",""
"368","2005","Fall","Ing1","","","","","","y","2005-10-15 00:00:00","NULL","","VOL-BN ADD","N","Y","GOOD","36.5","15","2","0","","","","","","","y",""
"369","2005","Fall","John1","","","","","","n","2005-10-15 00:00:00","NULL","","VOL-BN ADD","N","Y","FAIR","33.5","13","3","0","","","","","","","y",""
"370","2005","Fall","John2","","","","","","y","2005-10-15 00:00:00","NULL","","VOL-BN ADD","N","Y","GOOD","35","17","4","0","","","","","","","y",""
"371","2005","Fall","John3","","","","","","n","2005-10-15 00:00:00","NULL","","VOL-BN ADD","N","Y","GOOD","34.2","12","4","1","","","","","","","y",""
"372","2005","Fall","John6","","","","","","Y","2005-10-15 00:00:00","null","","VOL-BN ADD","N","Y","28.6","FAIR","11","","","","","","","","","y",""
"373","2005","Fall","Low2","","","","","","n","2005-10-15 00:00:00","NULL","","VOL-BN ADD","N","Y","GOOD","42.8","18","1","0","","","","","","","y",""
"374","2005","Fall","Main4","","","","","","n","2005-10-15 00:00:00","NULL","","VOL-BN ADD","N","Y","FAIR","29.5","11","3","0","","","","","","","y",""
"375","2005","Fall","Main4.5","","","","","","n","2005-10-15 00:00:00","NULL","","VOL-BN ADD","N","Y","GOOD","42.8","16","3","0","","","","","","","y",""
"376","2005","Fall","Main5","","","","","","n","2005-10-15 00:00:00","NULL","","VOL-BN ADD","N","Y","FAIR","31.9","15","3","0","","","","","","","y",""
"377","2005","Fall","Nott","","","","","","n","2005-10-15 00:00:00","NULL","","VOL-BN ADD","N","Y","FAIR","29.9","13","3","0","","","","","","","y",""
"378","2005","Fall","Tar2","","","","","","n","2005-10-15 00:00:00","NULL","","VOL-BN ADD","N","Y","GOOD","35.9","15","2","0","","","","","","","y",""
"379","2005","Fall","Ton1","","","","","","n","2005-10-15 00:00:00","NULL","","VOL-BN ADD","N","Y","GOOD","34.8","13","2","0","","","","","","","y",""
"380","2005","Fall","Ton1/2","","","","","","n","2005-10-15 00:00:00","NULL","","VOL-BN ADD","N","Y","GOOD","35.2","13","3","0","","","","","","","y",""
"381","2005","Fall","Up1","","","","","","n","2005-10-15 00:00:00","NULL","","VOL-BN ADD","N","Y","FAIR","25.6","10","2","0","","","","","","","y",""
"382","2005","Fall","Up2","","","","","","n","2005-10-15 00:00:00","NULL","","VOL-BN ADD","N","Y","POOR","17.6","7","1","1","","","","","","","y",""
"383","2005","Fall","Wall1","","","","","","n","2005-10-15 00:00:00","NULL","","VOL-BN ADD","N","Y","GOOD","34.9","15","2","0","","","","","","","y",""
"384","2005","Fall","Wall2","","","","","","n","2005-10-15 00:00:00","NULL","","VOL-BN ADD","N","Y","FAIR","32","17","1","0","","","","","","","y",""
"385","2005","Fall","Wall3","","","","","","n","2005-10-15 00:00:00","NULL","","VOL-BN ADD","N","Y","GOOD","36.9","14","1","0","","","","","","","y",""
"386","2005","Fall","Will1","","","","","","n","2005-10-15 00:00:00","NULL","","VOL-BN ADD","N","Y","GOOD","36","15","1","0","","","","","","","y",""
"387","2005","Fall","Ing1","","","","","","Y","2005-10-25 00:00:00","FOTR","","FOTR","Y","N","36.5","GOOD","15","","","","","","","","","n",""
"388","2005","Fall","John2","","","","","","Y","2005-10-25 00:00:00","FOTR","","FOTR","Y","N","35","GOOD","17","","","","","","","","","n",""
"389","2005","Fall","John6","","","","","","y","2005-10-25 00:00:00","NULL","","FOTR","Y","N","GOOD","36","15","2","0","","","","","","","n","Changed date to prof sample date to match samp dat"
"390","2005","Fall","MR-1","","","","","","n","2005-10-26 00:00:00","NULL","","UNK","Y","N","Good","38.7","17","3","0","","","","","","","n",""
"391","2005","Fall","MR-10","","","","","","n","2005-10-26 00:00:00","NULL","","UNK","Y","N","Fair","23.3","8","3","0","","","","","","","n",""
"392","2005","Fall","MR-2","","","","","","n","2005-10-26 00:00:00","NULL","","UNK","Y","N","Fair","26.6","11","3","0","","","","","","","n",""
"393","2005","Fall","MR-3","","","","","","n","2005-10-26 00:00:00","NULL","","UNK","Y","N","Fair","31.3","13","4","0","","","","","","","n",""
"394","2005","Fall","MR-4","","","","","","n","2005-10-26 00:00:00","NULL","","UNK","Y","N","Fair","22.3","8","1","0","","","","","","","n",""
"395","2005","Fall","MR-5","","","","","","n","2005-10-26 00:00:00","NULL","","UNK","Y","N","Fair","19.3","9","1","0","","","","","","","n",""
"396","2005","Fall","MR-6","","","","","","n","2005-10-26 00:00:00","NULL","","UNK","Y","N","Fair","25.6","9","3","0","","","","","","","n",""
"397","2005","Fall","MR-7","","","","","","n","2005-10-26 00:00:00","NULL","","UNK","Y","N","Fair","27.5","11","3","0","","","","","","","n",""
"398","2005","Fall","MR-8","","","","","","n","2005-10-26 00:00:00","NULL","","UNK","Y","N","Fair","30.4","10","3","0","","","","","","","n",""
"399","2005","Fall","MR-9","","","","","","n","2005-10-26 00:00:00","NULL","","UNK","Y","N","Poor","17.4","7","3","0","","","","","","","n",""
"400","2005","Fall","LR-2","","","","","","n","2005-10-28 00:00:00","NULL","","UNK","Y","N","Fair","21.6","9","2","0","","","","","","","n",""
"401","2005","Fall","LR-3","","","","","","n","2005-10-28 00:00:00","NULL","","UNK","Y","N","Good","39.1","12","2","0","","","","","","","n",""
"402","2005","Fall","LR-1","","","","","","n","2005-11-03 00:00:00","NULL","","UNK","Y","N","Fair","23.2","8","2","0","","","","","","","n",""
"403","2005","Fall","LR-4","","","","","","n","2005-11-03 00:00:00","NULL","","UNK","Y","N","Fair","25.9","9","2","0","","","","","","","n",""
"404","2005","Fall","MR-11","","","","","","n","2005-11-03 00:00:00","NULL","","UNK","Y","N","Fair","23.7","9","2","0","","","","","","","n",""
"405","2005","Fall","MR-12","","","","","","n","2005-11-03 00:00:00","NULL","","UNK","Y","N","Fair","23.7","10","3","0","","","","","","","n",""
"406","2006","Winter","Fel1","","","","","","n","2006-01-21 00:00:00","NULL","","VOL-BN ADD","N","Y","","","","","","","","","N","No Taxa Found","No Taxa Found","y",""
"407","2006","Winter","Fel2","","","","","","n","2006-01-21 00:00:00","NULL","","VOL-BN ADD","N","Y","","","","","","","","","N","No Taxa Found","No Taxa Found","y",""
"408","2006","Winter","Fowl1","","","","","","n","2006-01-21 00:00:00","NULL","","VOL-BN ADD","N","Y","","","","","","","","","Y","Plecoptera","Capniidae","y",""
"409","2006","Winter","Ing1","","","","","","n","2006-01-21 00:00:00","NULL","","VOL-BN ADD","N","Y","","","","","","","","","N","No Taxa Found","No Taxa Found","y",""
"410","2006","Winter","John1","","","","","","n","2006-01-21 00:00:00","NULL","","VOL-BN ADD","N","Y","","","","","","","","","Y","Plecoptera","Capniidae","y",""
"411","2006","Winter","John2","","","","","","n","2006-01-21 00:00:00","NULL","","VOL-BN ADD","N","Y","","","","","","","","","Y","Plecoptera","Capniidae","y",""
"412","2006","Winter","John5","","","","","","n","2006-01-21 00:00:00","NULL","","VOL-BN ADD","N","Y","","","","","","","","","Y","Plecoptera","Capniidae","y",""
"413","2006","Winter","John6","","","","","","n","2006-01-21 00:00:00","NULL","","VOL-BN ADD","N","Y","","","","","","","","","Y","Plecoptera","Capniidae","y",""
"414","2006","Winter","Low2","","","","","","n","2006-01-21 00:00:00","NULL","","VOL-BN ADD","N","Y","","","","","","","","","Y","Plecoptera","Capniidae","y",""
"415","2006","Winter","Main1","","","","","","n","2006-01-21 00:00:00","NULL","","VOL-BN ADD","N","Y","","","","","","","","","N","No Taxa Found","No Taxa Found","y",""
"416","2006","Winter","See1","","","","","","n","2006-01-21 00:00:00","NULL","","VOL-BN ADD","N","Y","","","","","","","","","N","No Taxa Found","No Taxa Found","y",""
"417","2006","Winter","See2","","","","","","n","2006-01-21 00:00:00","NULL","","VOL-BN ADD","N","Y","","","","","","","","","N","No Taxa Found","No Taxa Found","y",""
"418","2006","Winter","Sprag","","","","","","n","2006-01-21 00:00:00","NULL","","VOL-BN ADD","N","Y","","","","","","","","","N","No Taxa Found","No Taxa Found","y",""
"419","2006","Winter","Ton1","","","","","","n","2006-01-21 00:00:00","NULL","","VOL-BN ADD","N","Y","","","","","","","","","N","No Taxa Found","No Taxa Found","y",""
"420","2006","Winter","Ton1/2","","","","","","n","2006-01-21 00:00:00","NULL","","VOL-BN ADD","N","Y","","","","","","","","","Y","Plecoptera","Capniidae","y",""
"421","2006","Winter","Up1","","","","","","n","2006-01-21 00:00:00","NULL","","VOL-BN ADD","N","Y","","","","","","","","","N","No Taxa Found","No Taxa Found","y",""
"422","2006","Winter","Up2","","","","","","n","2006-01-21 00:00:00","NULL","","VOL-BN ADD","N","Y","","","","","","","","","N","No Taxa Found","No Taxa Found","y",""
"423","2006","Spring","MR-1","","","","","","y","2006-04-06 00:00:00","Thompson-WC","","PROF","Y","N","24.4","FAIR","12","2","0","","","","","","","n",""
"424","2006","Spring","MR-10","","","","","","n","2006-04-06 00:00:00","Best-WC","","PROF","Y","N","6.2","POOR","4","0","0","","","","","","","n",""
"425","2006","Spring","MR-11","","","","","","n","2006-04-06 00:00:00","Flowers-WC","","PROF","Y","N","8.1","POOR","4","1","0","","","","","","","n",""
"426","2006","Spring","MR-12","","","","","","n","2006-04-06 00:00:00","Benz-WC","","PROF","Y","N","5.1","POOR","3","0","0","","","","","","","n",""
"427","2006","Spring","MR-2","","","","","","y","2006-04-06 00:00:00","Benz-WC","","PROF","Y","N","10","POOR","5","2","0","","","","","","","n",""
"428","2006","Spring","MR-3","","","","","","n","2006-04-06 00:00:00","Best-WC","","PROF","Y","N","31.6","FAIR","13","4","0","","","","","","","n",""
"429","2006","Spring","MR-4","","","","","","y","2006-04-06 00:00:00","Flowers-WC","","PROF","Y","N","16.2","POOR","5","1","0","","","","","","","n",""
"430","2006","Spring","MR-5","","","","","","n","2006-04-06 00:00:00","Thompson-WC","","PROF","Y","N","5.1","POOR","3","0","0","","","","","","","n",""
"431","2006","Spring","MR-6","","","","","","n","2006-04-06 00:00:00","Benz-WC","","PROF","Y","N","4","POOR","2","1","0","","","","","","","n",""
"432","2006","Spring","MR-7","","","","","","n","2006-04-06 00:00:00","Best-WC","","PROF","Y","N","8","POOR","4","0","0","","","","","","","n",""
"433","2006","Spring","MR-8","","","","","","n","2006-04-06 00:00:00","Flowers-WC","","PROF","Y","N","5","POOR","3","1","0","","","","","","","n",""
"434","2006","Spring","MR-9","","","","","","n","2006-04-06 00:00:00","Thompson-WC","","PROF","Y","N","8","POOR","4","1","0","","","","","","","n",""
"435","2006","Spring","LR-3","","","","","","n","2006-04-27 00:00:00","Thompson-WC","","PROF","Y","N","22.3","FAIR","8","2","0","","","","","","","n",""
"436","2006","Spring","MR-1","","","","","","y","2006-04-28 00:00:00","Thompson-WC","","PROF","Y","N","31.6","FAIR","12","2","0","","","","","","","n",""
"437","2006","Spring","MR-13","","","","","","n","2006-04-28 00:00:00","Thompson-WC","","PROF","Y","N","20.6","FAIR","8","2","0","","","","","","","n",""
"438","2006","Spring","MR-2","","","","","","y","2006-04-28 00:00:00","Thompson-WC","","PROF","Y","N","34.3","GOOD","10","2","0","","","","","","","n",""
"439","2006","Spring","Bell1","","","","","","y","2006-04-29 00:00:00","Fochler","","VOL-BN ADD","N","Y","26","FAIR","8","1","0","","","","","","","y",""
"440","2006","Spring","Bell3","","","","","","n","2006-04-29 00:00:00","Fochler","","VOL-BN ADD","N","Y","16","POOR","6","1","0","","","","","","","y",""
"441","2006","Spring","Fel1","","","","","","n","2006-04-29 00:00:00","Pace","","VOL-BN ADD","N","Y","36","GOOD","14","1","1","","","","","","","y",""
"442","2006","Spring","Fel2","","","","","","n","2006-04-29 00:00:00","Pace","","VOL-BN ADD","N","Y","23","FAIR","9","1","1","","","","","","","y",""
"443","2006","Spring","Fel4","","","","","","n","2006-04-29 00:00:00","Corsun","","VOL-BN ADD","N","Y","26","FAIR","10","2","0","","","","","","","y",""
"444","2006","Spring","Fowl1","","","","","","n","2006-04-29 00:00:00","Flowers","","VOL-BN ADD","N","Y","45","GOOD","18","6","3","","","","","","","y",""
"445","2006","Spring","Fowl2","","","","","","n","2006-04-29 00:00:00","Flowers","","VOL-BN ADD","N","Y","28","FAIR","8","3","0","","","","","","","y",""
"446","2006","Spring","Ing1","","","","","","n","2006-04-29 00:00:00","Sadler","","VOL-BN ADD","N","Y","18","POOR","9","0","0","","","","","","","y",""
"447","2006","Spring","John1","","","","","","n","2006-04-29 00:00:00","Thompson","","VOL-BN ADD","N","Y","55","EXCELLENT","20","7","3","","","","","","","y",""
"448","2006","Spring","John2","","","","","","n","2006-04-29 00:00:00","Thompson","","VOL-BN ADD","N","Y","53","EXCELLENT","20","7","3","","","","","","","y",""
"449","2006","Spring","John3","","","","","","n","2006-04-29 00:00:00","Gray","","VOL-BN ADD","N","Y","37","GOOD","12","4","1","","","","","","","y",""
"450","2006","Spring","John5","","","","","","n","2006-04-29 00:00:00","Gray","","VOL-BN ADD","N","Y","21","FAIR","8","2","0","","","","","","","y",""
"451","2006","Spring","John6","","","","","","n","2006-04-29 00:00:00","Sendek","","VOL-BN ADD","N","Y","20","FAIR","9","2","0","","","","","","","y",""
"452","2006","Spring","Low2","","","","","","n","2006-04-29 00:00:00","Boley","","VOL-BN ADD","N","Y","37","GOOD","12","3","1","","","","","","","y",""
"453","2006","Spring","Main4","","","","","","n","2006-04-29 00:00:00","Nightingale","","VOL-BN ADD","N","Y","28","FAIR","9","2","0","","","","","","","y",""
"454","2006","Spring","Main4.5","","","","","","n","2006-04-29 00:00:00","Nightingale","","VOL-BN ADD","N","Y","32","FAIR","12","2","0","","","","","","","y",""
"455","2006","Spring","Main5","","","","","","n","2006-04-29 00:00:00","Mogill-Cousin","","VOL-BN ADD","N","Y","23","FAIR","12","1","0","","","","","","","y",""
"456","2006","Spring","Main6","","","","","","n","2006-04-29 00:00:00","Cousin","","VOL-BN ADD","N","Y","17","POOR","8","1","0","","","","","","","y",""
"457","2006","Spring","Min1","","","","","","n","2006-04-29 00:00:00","Mogill","","VOL-BN ADD","N","Y","45","GOOD","19","2","0","","","","","","","y",""
"458","2006","Spring","MR-1","","","","","","y","2006-04-29 00:00:00","Sendek","","VOL-BN ADD","N","Y","19","POOR","6","1","0","","","","","","","y",""
"459","2006","Spring","See1","","","","","","n","2006-04-29 00:00:00","Mogill","","VOL-BN ADD","N","Y","32","FAIR","14","1","0","","","","","","","y",""
"460","2006","Spring","Tar2","","","","","","n","2006-04-29 00:00:00","Weis","","VOL-BN ADD","N","Y","29","FAIR","11","2","0","","","","","","","y",""
"461","2006","Spring","Ton1","","","","","","n","2006-04-29 00:00:00","Williams","","VOL-BN ADD","N","Y","25","FAIR","10","1","0","","","","","","","y",""
"462","2006","Spring","Ton1/2","","","","","","n","2006-04-29 00:00:00","Faber","","VOL-BN ADD","N","Y","39","GOOD","14","2","0","","","","","","","y",""
"463","2006","Spring","Ton2","","","","","","n","2006-04-29 00:00:00","Weis","","VOL-BN ADD","N","Y","23","FAIR","11","1","0","","","","","","","y",""
"464","2006","Spring","Trues1","","","","","","n","2006-04-29 00:00:00","Boley","","VOL-BN ADD","N","Y","25","FAIR","11","1","0","","","","","","","y",""
"465","2006","Spring","Up1","","","","","","y","2006-04-29 00:00:00","Ross","","VOL-BN ADD","N","Y","20","FAIR","7","1","0","","","","","","","y",""
"466","2006","Spring","Up2","","","","","","n","2006-04-29 00:00:00","Ross","","VOL-BN ADD","N","Y","17","POOR","8","1","0","","","","","","","y",""
"467","2006","Spring","Wall1","","","","","","n","2006-04-29 00:00:00","Sadler","","VOL-BN ADD","N","Y","31","FAIR","12","2","0","","","","","","","y",""
"468","2006","Spring","Will1","","","","","","n","2006-04-29 00:00:00","Belair","","VOL-BN ADD","N","Y","11","POOR","6","0","0","","","","","","","y",""
"469","2006","Spring","LR-4","","","","","","n","2006-05-02 00:00:00","Thompson","","PROF","Y","N","15.4","POOR","7","1","0","","","","","","","n",""
"470","2006","Spring","Main1","","","","","","y","2006-05-02 00:00:00","Suender","","PROF","Y","N","40","GOOD","14","3","0","","","","","","","n",""
"471","2006","Spring","Bell1","","","","","","y","2006-05-03 00:00:00","Glen","","PROF","Y","N","27","FAIR","7","1","0","","","","","","","n",""
"472","2006","Spring","LR-1","","","","","","n","2006-05-03 00:00:00","Thompson-WC","","PROF","Y","N","25.4","FAIR","13","3","0","","","","","","","n",""
"473","2006","Spring","Rav1","","","","","","n","2006-05-03 00:00:00","Rozman","","PROF","Y","N","26","FAIR","9","1","1","","","","","","","n",""
"474","2006","Spring","Tar1","","","","","","n","2006-05-03 00:00:00","Hammar","","PROF","Y","N","30","FAIR","11","2","0","","","","","","","n",""
"475","2006","Spring","Up1","","","","","","y","2006-05-03 00:00:00","Doyle/Mastenbrook","","PROF","Y","N","20","FAIR","8","1","0","","","","","","","n",""
"476","2006","Spring","Wall0","","","","","","n","2006-05-03 00:00:00","Jaskiewicz","","PROF","Y","N","22","FAIR","9","1","0","","","","","","","n",""
"477","2006","Spring","LR-2","","","","","","n","2006-05-04 00:00:00","Thompson-WC","","PROF","Y","N","37.2","GOOD","14","3","0","","","","","","","n",""
"478","2006","Spring","Main1","","","","","","y","2006-05-04 00:00:00","Findling","","PROF","Y","N","25","FAIR","11","1","0","","","","","","","n",""
"479","2006","Spring","MR-4","","","","","","y","2006-05-10 00:00:00","Thompson-WC","","PROF","Y","N","40.8","GOOD","14","2","0","","","","","","","n",""
"480","2006","Fall","Bell2","","","","","","n","2006-10-10 00:00:00","O'Connell","","","","","29.3","FAIR","14","1","0","","","","","","","n",""
"481","2006","Fall","Bell1","","","","","","n","2006-10-14 00:00:00","Sendek","","VOL-BN ADD","N","Y","18.3","POOR","7","1","0","","","","","","","y",""
"482","2006","Fall","Fowl1","","","","","","n","2006-10-14 00:00:00","Pace","","VOL-BN ADD","N","Y","26.1","FAIR","8","3","1","","","","","","","y",""
"483","2006","Fall","Fowl2","","","","","","n","2006-10-14 00:00:00","Pace","","VOL-BN ADD","N","Y","27.4","FAIR","12","3","0","","","","","","","y",""
"484","2006","Fall","John1","","","","","","n","2006-10-14 00:00:00","Corsun","","VOL-BN ADD","N","Y","38.8","GOOD","19","5","0","","","","","","","y",""
"485","2006","Fall","John2","","","","","","n","2006-10-14 00:00:00","Corsun","","VOL-BN ADD","N","Y","39.8","GOOD","16","4","0","","","","","","","y",""
"486","2006","Fall","John3","","","","","","n","2006-10-14 00:00:00","Thompson","","VOL-BN ADD","N","Y","31.1","FAIR","16","3","0","","","","","","","y",""
"487","2006","Fall","John5","","","","","","n","2006-10-14 00:00:00","Thompson","","VOL-BN ADD","N","Y","28.5","FAIR","12","3","0","","","","","","","y",""
"488","2006","Fall","Low2","","","","","","n","2006-10-14 00:00:00","Nightingale","","VOL-BN ADD","N","Y","40.7","GOOD","14","2","1","","","","","","","y",""
"489","2006","Fall","Main1","","","","","","n","2006-10-14 00:00:00","Peterson","","VOL-BN ADD","N","Y","19.7","FAIR","8","1","0","","","","","","","y",""
"490","2006","Fall","Main4","","","","","","n","2006-10-14 00:00:00","Johnson","","VOL-BN ADD","N","Y","35.6","GOOD","14","4","0","","","","","","","y",""
"491","2006","Fall","Main4.5","","","","","","n","2006-10-14 00:00:00","Johnson","","VOL-BN ADD","N","Y","49.2","Excellent","18","3","0","","","","","","","y",""
"492","2006","Fall","Main6","","","","","","n","2006-10-14 00:00:00","Sadler","","VOL-BN ADD","N","Y","26.6","POOR","13","2","0","","","","","","","y",""
"493","2006","Fall","Min1","","","","","","n","2006-10-14 00:00:00","Weis","","VOL-BN ADD","N","Y","24.7","FAIR","12","1","0","","","","","","","y",""
"494","2006","Fall","See1","","","","","","n","2006-10-14 00:00:00","Weis","","VOL-BN ADD","N","Y","17.5","POOR","8","1","0","","","","","","","y",""
"495","2006","Fall","Sprag","","","","","","n","2006-10-14 00:00:00","Peterson","","VOL-BN ADD","N","Y","33.6","FAIR","9","3","1","","","","","","","y",""
"496","2006","Fall","Tar1","","","","","","n","2006-10-14 00:00:00","Sendek","","VOL-BN ADD","N","Y","22.9","FAIR","9","2","0","","","","","","","y",""
"497","2006","Fall","Ton1","","","","","","n","2006-10-14 00:00:00","Faber","","VOL-BN ADD","N","Y","36.9","GOOD","13","2","0","","","","","","","y",""
"498","2006","Fall","Ton1/2","","","","","","n","2006-10-14 00:00:00","Faber","","VOL-BN ADD","N","Y","26.3","FAIR","8","2","0","","","","","","","y",""
"499","2006","Fall","Up1","","","","","","n","2006-10-14 00:00:00","Ross","","VOL-BN ADD","N","Y","30","FAIR","10","1","1","","","","","","","y",""
"500","2006","Fall","Up2","","","","","","n","2006-10-14 00:00:00","Ross","","VOL-BN ADD","N","Y","34.9","GOOD","10","2","1","","","","","","","y",""
"501","2006","Fall","Will1","","","","","","n","2006-10-14 00:00:00","Williams","","VOL-BN ADD","N","Y","27.7","FAIR","12","2","0","","","","","","","y",""
"502","2006","Fall","Fel1","","","","","","n","2006-10-15 00:00:00","Flowers","","VOL-BN ADD","N","Y","33.7","GOOD","10","3","0","","","","","","","n",""
"503","2006","Fall","Fel2","","","","","","Y","2006-10-15 00:00:00","null","","VOL-BN ADD","N","Y","16.4","POOR","9","","","","","","","","","n",""
"504","2006","Fall","Peb1","","","","","","Y","2006-10-15 00:00:00","null","","VOL-BN ADD","N","Y","24.4","FAIR","9","","","","","","","","","n",""
"505","2006","Fall","Main7","","","","","","n","2006-10-22 00:00:00","NULL","","PROF","Y","N","FAIR","20","9","1","1","","","","","","","n",""
"506","2006","Fall","Fel2","","","","","","y","2006-10-24 00:00:00","Petrella","","FOTR","Y","N","23.2","FAIR","10","1","0","","","","","","","n",""
"507","2006","Fall","LR-1","","","","","","n","2006-10-25 00:00:00","Flowers-WC","","PROF","Y","N","29.5","FAIR","12","4","0","","","","","","","n",""
"508","2006","Fall","MR-1","","","","","","n","2006-10-26 00:00:00","Best-WC","","PROF","Y","N","36.9","GOOD","15","3","0","","","","","","","n",""
"509","2006","Fall","MR-10","","","","","","n","2006-10-26 00:00:00","Mullett-WC","","PROF","Y","N","18.7","POOR","7","3","0","","","","","","","n",""
"510","2006","Fall","MR-12","","","","","","n","2006-10-26 00:00:00","Best-WC","","PROF","Y","N","19.5","FAIR","7","2","0","","","","","","","n",""
"511","2006","Fall","MR-13","","","","","","n","2006-10-26 00:00:00","Thompson-WC","","PROF","Y","N","20.6","FAIR","9","3","0","","","","","","","n",""
"512","2006","Fall","MR-2","","","","","","n","2006-10-26 00:00:00","Mullett-WC","","PROF","Y","N","32.8","FAIR","16","5","0","","","","","","","n",""
"513","2006","Fall","MR-3","","","","","","n","2006-10-26 00:00:00","Benz-WC","","PROF","Y","N","23.8","FAIR","10","3","0","","","","","","","n",""
"514","2006","Fall","MR-4","","","","","","n","2006-10-26 00:00:00","Thompson-WC","","PROF","Y","N","19.8","FAIR","6","1","0","","","","","","","n",""
"515","2006","Fall","MR-5","","","","","","n","2006-10-26 00:00:00","Thompson-WC","","PROF","Y","N","19.9","FAIR","8","2","0","","","","","","","n",""
"516","2006","Fall","MR-6","","","","","","n","2006-10-26 00:00:00","Benz-WC","","PROF","Y","N","21.7","FAIR","8","3","0","","","","","","","n",""
"517","2006","Fall","MR-7","","","","","","n","2006-10-26 00:00:00","Mullett-WC","","PROF","Y","N","27","FAIR","10","3","0","","","","","","","n",""
"518","2006","Fall","MR-8","","","","","","n","2006-10-26 00:00:00","Best-WC","","PROF","Y","N","19.5","FAIR","11","3","0","","","","","","","n",""
"519","2006","Fall","MR-9","","","","","","n","2006-10-26 00:00:00","Benz-WC","","PROF","Y","N","13.4","POOR","6","3","0","","","","","","","n",""
"520","2006","Fall","Peb1","","","","","","y","2006-10-26 00:00:00","Petrella","","FOTR","Y","N","48","GOOD","14","2","1","","","","","","","n",""
"521","2006","Fall","LR-3","","","","","","n","2006-11-01 00:00:00","Flowers-WC","","PROF","Y","N","30.4","FAIR","12","3","0","","","","","","","n",""
"522","2006","Fall","LR-4","","","","","","n","2006-11-02 00:00:00","Flowers-WC","","PROF","Y","N","25.3","FAIR","9","2","0","","","","","","","n",""
"523","2006","Fall","MR-11","","","","","","n","2006-11-03 00:00:00","Thompson-WC","","PROF","Y","N","23.9","FAIR","11","2","0","","","","","","","n",""
"524","2006","Fall","Fel5","","","","","","n","2006-11-06 00:00:00","Thompson-WC","","PROF","Y","N","39.7","GOOD","17","3","0","","","","","","","n",""
"525","2006","Fall","LR-2","","","","","","n","2006-11-06 00:00:00","Thompson-WC","","PROF","Y","N","39.6","GOOD","15","3","0","","","","","","","n",""
"526","2007","Fall","Sprag","","0","0","","","n","2007-10-13 00:00:00","Williams","Ralph","VOL","N","","46.4","GOOD","16","3","2","10","13","Corydalidae, gomphidae","","","","y",""
"527","2008","Winter","Fel2","","0","0","","","n","2008-01-26 00:00:00","Samota","Trisha","VOL","N","","","","","","","1","26","","Y","Capniidae","","y",""
"528","2008","Winter","Fowl2","","0","0","","","","2008-01-26 00:00:00","Craig","Bill","VOL","N","","","","","","","1","26","","n","","","",""
"529","2008","Winter","John1","","0","0","","","","2008-01-26 00:00:00","Nightingale","Betsy","PROF","N","","","","","","","1","26","","Y","Capniidae","","y",""
"530","2008","Winter","John2","","0","0","","","","2008-01-26 00:00:00","Nightingale","Betsy","PROF","N","","","","","","","1","26","","Y","Capniidae","","y",""
"531","2008","Winter","Up1","","0","0","","","","2008-01-26 00:00:00","Babcock","Steve","VOL","N","","","","","","","1","26","","N","","","",""
"532","2008","Winter","Up2","","0","0","","","","2008-01-26 00:00:00","Babcock","Steve","VOL","N","","","","","","","1","26","","N","","","",""
"533","2008","Winter","Ton1","","0","0","","","","2008-01-26 00:00:00","Hughes","Emily","PROF","N","","","","","","","1","26","","N","","","",""
"534","2008","Winter","Ton1/2","","0","0","","","","2008-01-26 00:00:00","Hughes","Emily","PROF","N","","","","","","","1","26","","N","","","",""
"535","2008","Winter","Ton2","","0","0","","","","2008-01-26 00:00:00","Ross","Cyndi","PROF","N","","","","","","","1","26","","N","","","",""
"536","2008","Winter","MR-1","","0","0","","","","2008-01-26 00:00:00","Flowers","Mike","PROF","N","","","","","","","1","26","","N","","","",""
"537","2008","Winter","MR-2","","0","0","","","","2008-01-26 00:00:00","Best","Matt","PROF","N","","","","","","","1","26","","Y","Capniidae","","y",""
"538","2008","Winter","MR-2a","","0","0","","","","2008-01-26 00:00:00","Best","Matt","PROF","N","","","","","","","1","26","","N","","","",""
"539","2008","Winter","MR-3","","0","0","","","","2008-01-26 00:00:00","Sadler","Al","VOL","N","","","","","","","1","26","","N","","","",""
"540","2008","Winter","Mid1","","0","0","","","","2008-01-26 00:00:00","Flowers","Mike","PROF","N","","","","","","","1","26","","N","","","",""
"541","2008","Winter","John3","","0","0","","","","2008-01-26 00:00:00","Corsun","Laura","VOL","N","","","","","","","1","26","","Y","Capniidae","","y",""
"542","2008","Winter","John5","","0","0","","","","2008-01-26 00:00:00","Peterson","Ed","VOL","N","","","","","","","1","26","","Y","Capniidae","","y",""
"543","2008","Winter","John6","","0","0","","","","2008-01-26 00:00:00","Peterson","Ed","VOL","N","","","","","","","1","26","","Y","Capniidae","","y",""
"544","2008","Winter","John7","","0","0","","","","2008-01-26 00:00:00","Corsun","Laura","VOL","N","","","","","","","1","26","","Y","Capniidae","Perlodidae","y",""
"545","2008","Winter","LR-2","","0","0","","","","2008-01-26 00:00:00","McCulloch","Bruce","PROF","N","","","","","","","1","26","","N","","","",""
"546","2008","Winter","LR-3","","0","0","","","","2008-01-26 00:00:00","Thompson","Sue","PROF","N","","","","","","","1","26","","N","","","",""
"547","2008","Winter","Fowl1","","0","0","","","","2008-01-26 00:00:00","Craig","Bill","VOL","N","","","","","","","1","26","","Y","Capniidae","","y",""
"548","2008","Winter","Fel1","","0","0","","","","2008-01-26 00:00:00","Samota","Trisha","VOL","N","","","","","","","1","26","","N","","","",""
"549","2008","Winter","Low2","","0","0","","","","2008-01-26 00:00:00","Craig","Bill","VOL","N","","","","","","","1","26","","N","","","",""
"550","2007","","","","0","0","","","","","","","","","","","","","","","","","","","","","",""
