"ID","Year","SEASON","sFIELDID","sCorrected Field ID","sLatitude","sLongitude","LatLongSource","pDatum","pMunicipality","pCrossroads","pCounty","pSWAG","pHUC8","pCVT","RE-sampled?","Sampling Date","StartTime","EndTime","TeamLead_lastname","TeamLead_firstname","Sampler Class","Prof_REsamp","Vol_Samp","RateRev","QualRev","Taxa","EPT","SENS","Month","Day","SENS FAMILY","STNFLY?","Taxa FINALID1","Taxa FINALID2","OFFICIAL Vol DAY","BN edits"
"238","2004","Spring","Ton5","","","","","","","","","","","","n","2004-05-05 00:00:00","","","NULL","","UNK","","","POOR","4","2","","","","","","","","","n",""
"239","2004","Spring","Up7","","","","","","","","","","","","n","2004-05-05 00:00:00","","","NULL","","UNK","","","POOR","7","5","","","","","","","","","n",""
"126","2003","Spring","Main6","","","","","","","","","","","","n","2003-04-12 00:00:00","","","NULL","","VOL-BN ADD","N","Y","POOR","9","3","","","4","12","","","","","y",""
"22","2001","Fall","John3","","","","","","","","","","","","n","2001-10-06 00:00:00","","","NULL","","VOL-BN ADD","n","y","POOR","9","4","","","10","6","","","","","y",""
"234","2004","Spring","Main9","","","","","","","","","","","","n","2004-05-05 00:00:00","","","NULL","","UNK","","","POOR","11","6","","","","","","","","","n",""
"21","2001","Fall","John2","","","","","","","","","","","","n","2001-10-06 00:00:00","","","NULL","","VOL-BN ADD","n","y","POOR","11","8","","","10","6","","","","","y",""
"230","2004","Spring","Nton","","","","","","","","","","","","n","2004-05-04 00:00:00","","","NULL","","UNK","","","POOR","12","4","","","","","","","","","n",""
"129","2003","Spring","Peb1","","","","","","","","","","","","n","2003-04-12 00:00:00","","","NULL","","VOL-BN ADD","N","Y","POOR","12","5","","","4","12","","","","","y",""
"130","2003","Spring","See1","","","","","","","","","","","","n","2003-04-12 00:00:00","","","NULL","","VOL-BN ADD","N","Y","POOR","12","6","","","4","12","","","","","y",""
"12","2001","Spring","Mid2","","","","","","","","","","","","n","2001-05-19 00:00:00","","","NULL","","VOL-BN ADD","n","y","POOR","13","6","","","5","19","","","","","y",""
"14","2001","Spring","Ton2","","","","","","","","","","","","n","2001-05-19 00:00:00","","","NULL","","VOL-BN ADD","n","y","POOR","13","5","","","5","19","","","","","y",""
"123","2003","Spring","Main15","","","","","","","","","","","","n","2003-04-12 00:00:00","","","NULL","","VOL-BN ADD","N","Y","POOR","13","7","","","4","12","","","","","y",""
"269","2004","Fall","See2","","","","","","","","","","","","y","2004-10-20 00:00:00","","","NULL","","FOTR","Y","N","POOR","13","5","1","1","","","","","","","n",""
"277","2004","Fall","MR-5","","","","","","","","","","","","n","2004-10-28 00:00:00","","","NULL","","","","","POOR","13","5","1","","","","","","","","y",""
"25","2001","Fall","Mid7","","","","","","","","","","","","n","2001-10-06 00:00:00","","","NULL","","VOL-BN ADD","n","y","POOR","14","4","","","10","6","","","","","y",""
"241","2004","Spring","Up5","","","","","","","","","","","","n","2004-05-12 00:00:00","","","NULL","","UNK","","","POOR","15","6","","","","","","","","","n",""
"51","2002","Spring","For2","","","","","","","","","","","","n","2002-04-13 00:00:00","","","NULL","","VOL-BN ADD","N","Y","POOR","15","7","","","4","13","","","","","y",""
"64","2002","Spring","Ton2","","","","","","","","","","","","n","2002-04-13 00:00:00","","","NULL","","VOL-BN ADD","N","Y","POOR","15","6","","","4","13","","","","","y",""
"85","2002","Fall","Ton2","","","","","","","","","","","","y","2002-10-12 00:00:00","","","NULL","","VOL-BN ADD","N","Y","POOR","15","6","","","","","","","","","y",""
"224","2004","Spring","Will1","","","","","","","","","","","","n","2004-04-24 00:00:00","","","NULL","","VOL-BN ADD","N","Y","POOR","15","7","","","","","","","","","y",""
"27","2001","Fall","Ton2","","","","","","","","","","","","n","2001-10-06 00:00:00","","","NULL","","VOL-BN ADD","n","y","POOR","16","5","","","10","6","","","","","y",""
"24","2001","Fall","Mid2","","","","","","","","","","","","n","2001-10-06 00:00:00","","","NULL","","VOL-BN ADD","n","y","POOR","16","5","","","10","6","","","","","y",""
"57","2002","Spring","Low1","","","","","","","","","","","","n","2002-04-13 00:00:00","","","NULL","","VOL-BN ADD","N","Y","POOR","16","6","","","4","13","","","","","y",""
"282","2004","Fall","MR-10","","","","","","","","","","","","n","2004-10-29 00:00:00","","","NULL","","","","","POOR","16","5","2","","","","","","","","y",""
"135","2003","Spring","Ton2","","","","","","","","","","","","n","2003-04-12 00:00:00","","","NULL","","VOL-BN ADD","N","Y","POOR","17","6","","","4","12","","","","","y",""
"65","2002","Spring","Up2","","","","","","","","","","","","n","2002-04-13 00:00:00","","","NULL","","VOL-BN ADD","N","Y","POOR","17","6","","","4","13","","","","","y",""
"112","2003","Spring","Bish1","","","","","","","","","","","","n","2003-04-12 00:00:00","","","NULL","","VOL-BN ADD","N","Y","POOR","17","6","","","4","12","","","","","y",""
"202","2004","Spring","Bish1","","","","","","","","","","","","n","2004-04-24 00:00:00","","","NULL","","VOL-BN ADD","N","Y","POOR","17","6","","","","","","","","","y",""
"365","2005","Fall","Bell3","","","","","","","","","","","","n","2005-10-15 00:00:00","","","NULL","","VOL-BN ADD","N","Y","POOR","17","8","0","0","","","","","","","y",""
"136","2003","Spring","Up1","","","","","","","","","","","","n","2003-04-12 00:00:00","","","NULL","","VOL-BN ADD","N","Y","POOR","17","7","","","4","12","","","","","y",""
"399","2005","Fall","MR-9","","","","","","","","","","","","n","2005-10-26 00:00:00","","","NULL","","UNK","Y","N","Poor","17","7","3","0","","","","","","","n",""
"206","2004","Spring","Frank1","","","","","","","","","","","","n","2004-04-24 00:00:00","","","NULL","","VOL-BN ADD","N","Y","POOR","18","7","","","","","","","","","y",""
"165","2003","Fall","Ton2","","","","","","","","","","","","n","2003-10-11 00:00:00","","","NULL","","VOL-BN ADD","N","Y","POOR","18","8","1","","10","11","","","","","y",""
"382","2005","Fall","Up2","","","","","","","","","","","","n","2005-10-15 00:00:00","","","NULL","","VOL-BN ADD","N","Y","POOR","18","7","1","1","","","","","","","y",""
"223","2004","Spring","Wall2","","","","","","","","","","","","n","2004-04-24 00:00:00","","","NULL","","VOL-BN ADD","N","Y","POOR","18","7","","","","","","","","","y",""
"276","2004","Fall","MR-4","","","","","","","","","","","","n","2004-10-28 00:00:00","","","NULL","","","","","POOR","18","9","3","","","","","","","","y",""
"63","2002","Spring","Tar2","","","","","","","","","","","","n","2002-04-13 00:00:00","","","NULL","","VOL-BN ADD","N","Y","POOR","18","6","","","4","13","","","","","y",""
"121","2003","Spring","Low2","","","","","","","","","","","","n","2003-04-12 00:00:00","","","NULL","","VOL-BN ADD","N","Y","POOR","18","6","","","4","12","","","","","y","Does not match resamp data"
"268","2004","Fall","Frank1","","","","","","","","","","","","y","2004-10-20 00:00:00","","","NULL","","FOTR","Y","N","POOR","18","8","1","1","","","","","","","n",""
"56","2002","Spring","John5","","","","","","","","","","","","n","2002-04-13 00:00:00","","","NULL","","VOL-BN ADD","N","Y","POOR","19","8","","","4","13","","","","","y",""
"67","2002","Spring","Wall2","","","","","","","","","","","","n","2002-04-13 00:00:00","","","NULL","","VOL-BN ADD","N","Y","FAIR","19","7","","","4","13","","","","","y",""
"279","2004","Fall","MR-7","","","","","","","","","","","","n","2004-10-28 00:00:00","","","NULL","","","","","FAIR","19","9","3","","","","","","","","y",""
"15","2001","Spring","Wall2","","","","","","","","","","","","n","2001-05-19 00:00:00","","","NULL","","VOL-BN ADD","n","y","FAIR","19","7","","","5","19","","","","","y",""
"151","2003","Fall","John1","","","","","","","","","","","","n","2003-10-11 00:00:00","","","NULL","","VOL-BN ADD","N","Y","FAIR","19","6","2","","10","11","","","","","y",""
"222","2004","Spring","Up2","","","","","","","","","","","","n","2004-04-24 00:00:00","","","NULL","","VOL-BN ADD","N","Y","FAIR","19","6","","","","","","","","","y",""
"395","2005","Fall","MR-5","","","","","","","","","","","","n","2005-10-26 00:00:00","","","NULL","","UNK","Y","N","Fair","19","9","1","0","","","","","","","n",""
"213","2004","Spring","Main5","","","","","","","","","","","","y","2004-04-24 00:00:00","","","NULL","","VOL-BN ADD","N","Y","FAIR","20","7","","","","","","","","","y",""
"278","2004","Fall","MR-6","","","","","","","","","","","","n","2004-10-28 00:00:00","","","NULL","","","","","FAIR","20","8","2","","","","","","","","y",""
"70","2002","Fall","Fel2","","","","","","","","","","","","n","2002-10-12 00:00:00","","","NULL","","VOL-BN ADD","n","y","FAIR","20","8","","","10","12","","","","","y",""
"116","2003","Spring","Frank1","","","","","","","","","","","","n","2003-04-12 00:00:00","","","NULL","","VOL-BN ADD","N","Y","FAIR","20","10","","","4","12","","","","","y",""
"505","2006","Fall","Main7","","","","","","","","","","","","n","2006-10-22 00:00:00","","","NULL","","PROF","Y","N","FAIR","20","9","1","1","","","","","","","n",""
"17","2001","Fall","Fel1","","","","","","","","","","","","n","2001-10-06 00:00:00","","","NULL","","VOL-BN ADD","n","y","FAIR","20","12","","","10","6","","","","","y",""
"87","2002","Fall","Wall2","","","","","","","","","","","","n","2002-10-12 00:00:00","","","NULL","","VOL-BN ADD","N","Y","FAIR","20","8","","","10","12","","","","","y",""
"111","2003","Spring","Bell1","","","","","","","","","","","","y","2003-04-12 00:00:00","","","DUP2","","PROF","","","FAIR","20","10","","","4","12","","","","","y",""
"140","2003","Spring","Wall2","","","","","","","","","","","","n","2003-04-12 00:00:00","","","NULL","","VOL-BN ADD","N","Y","FAIR","20","8","","","4","12","","","","","y",""
"242","2004","Fall","Bell1","","","","","","","","","","","","n","2004-10-13 00:00:00","","","NULL","","UNK","","","FAIR","20","9","1","","","","","","","","n",""
"120","2003","Spring","John5","","","","","","","","","","","","n","2003-04-12 00:00:00","","","NULL","","VOL-BN ADD","N","Y","FAIR","21","7","","","4","12","","","","","y",""
"280","2004","Fall","MR-8","","","","","","","","","","","","n","2004-10-28 00:00:00","","","NULL","","","","","FAIR","21","7","2","","","","","","","","y",""
"281","2004","Fall","MR-9","","","","","","","","","","","","n","2004-10-28 00:00:00","","","NULL","","","","","FAIR","21","9","2","","","","","","","","y",""
"199","2004","Spring","Bell1","","","","","","","","","","","","n","2004-04-22 00:00:00","","","NULL","","UNK","","","FAIR","21","8","","","","","","","","","y",""
"219","2004","Spring","See2","","","","","","","","","","","","n","2004-04-24 00:00:00","","","NULL","","VOL-BN ADD","N","Y","FAIR","21","7","","","","","","","","","y",""
"363","2005","Fall","Bell1","","","","","","","","","","","","n","2005-10-13 00:00:00","","","NULL","","UNK","Y","N","FAIR","21","9","0","0","","","","","","","n",""
"84","2002","Fall","Tar2","","","","","","","","","","","","y","2002-10-12 00:00:00","","","NULL","","VOL-BN ADD","N","Y","FAIR","22","12","","","","","","","","","y",""
"229","2004","Spring","MR-1","","","","","","","","","","","","n","2004-05-04 00:00:00","","","NULL","","UNK","","","FAIR","22","7","","","","","","","","","n",""
"235","2004","Spring","Mid3","","","","","","","","","","","","n","2004-05-05 00:00:00","","","NULL","","UNK","","","FAIR","22","9","","","","","","","","","n",""
"246","2004","Fall","Fel1","","","","","","","","","","","","y","2004-10-16 00:00:00","","","NULL","","VOL-BN ADD","N","Y","FAIR","22","10","1","","","","","","","","y",""
"400","2005","Fall","LR-2","","","","","","","","","","","","n","2005-10-28 00:00:00","","","NULL","","UNK","Y","N","Fair","22","9","2","0","","","","","","","n",""
"250","2004","Fall","John1","","","","","","","","","","","","n","2004-10-16 00:00:00","","","NULL","","VOL-BN ADD","N","Y","FAIR","22","10","4","","","","","","","","y",""
"62","2002","Spring","See1","","","","","","","","","","","","n","2002-04-13 00:00:00","","","NULL","","VOL-BN ADD","N","Y","FAIR","22","11","","","4","13","","","","","y",""
"114","2003","Spring","Fel2","","","","","","","","","","","","n","2003-04-12 00:00:00","","","NULL","","VOL-BN ADD","N","Y","FAIR","22","9","","","4","12","","","","","y",""
"72","2002","Fall","Frank1","","","","","","","","","","","","n","2002-10-12 00:00:00","","","NULL","","VOL-BN ADD","n","y","FAIR","22","8","","","10","12","","","","","y",""
"141","2003","Spring","Will1","","","","","","","","","","","","y","2003-04-12 00:00:00","","","NULL","","VOL-BN ADD","N","Y","FAIR","22","10","","","","","","","","","y",""
"394","2005","Fall","MR-4","","","","","","","","","","","","n","2005-10-26 00:00:00","","","NULL","","UNK","Y","N","Fair","22","8","1","0","","","","","","","n",""
"138","2003","Spring","Up6","","","","","","","","","","","","n","2003-04-12 00:00:00","","","NULL","","VOL-BN ADD","N","Y","FAIR","22","8","","","4","12","","","","","y",""
"137","2003","Spring","Up2","","","","","","","","","","","","n","2003-04-12 00:00:00","","","NULL","","VOL-BN ADD","N","Y","FAIR","22","8","","","4","12","","","","","y",""
"139","2003","Spring","Wall1","","","","","","","","","","","","n","2003-04-12 00:00:00","","","NULL","","VOL-BN ADD","N","Y","FAIR","22","9","","","4","12","","","","","y",""
"131","2003","Spring","See2","","","","","","","","","","","","n","2003-04-12 00:00:00","","","NULL","","VOL-BN ADD","N","Y","FAIR","23","7","","","4","12","","","","","y",""
"204","2004","Spring","Fel2","","","","","","","","","","","","n","2004-04-24 00:00:00","","","NULL","","VOL-BN ADD","N","Y","FAIR","23","12","","","","","","","","","y",""
"402","2005","Fall","LR-1","","","","","","","","","","","","n","2005-11-03 00:00:00","","","NULL","","UNK","Y","N","Fair","23","8","2","0","","","","","","","n",""
"155","2003","Fall","Low1","","","","","","","","","","","","y","2003-10-11 00:00:00","","","NULL","","VOL-BN ADD","N","Y","FAIR","23","10","1","","","","","","","","y",""
"244","2004","Fall","Bell3","","","","","","","","","","","","n","2004-10-16 00:00:00","","","NULL","","VOL-BN ADD","N","Y","FAIR","23","9","1","","","","","","","","y",""
"391","2005","Fall","MR-10","","","","","","","","","","","","n","2005-10-26 00:00:00","","","NULL","","UNK","Y","N","Fair","23","8","3","0","","","","","","","n",""
"48","2002","Spring","Bish1","","","","","","","","","","","","n","2002-04-13 00:00:00","","","NULL","","VOL-BN ADD","N","Y","FAIR","23","10","","","4","13","","","","","y",""
"212","2004","Spring","Main4","","","","","","","","","","","","y","2004-04-24 00:00:00","","","NULL","","VOL-BN ADD","N","Y","FAIR","23","9","","","","","","","","","y",""
"243","2004","Fall","Tar1","","","","","","","","","","","","n","2004-10-13 00:00:00","","","NULL","","UNK","","","FAIR","23","12","1","","","","","","","","n",""
"50","2002","Spring","Fel2","","","","","","","","","","","","n","2002-04-13 00:00:00","","","NULL","","VOL-BN ADD","N","Y","FAIR","24","12","","","4","13","","","","","y",""
"1","2001","Spring","Bish1","","","","","","","","","","","","n","2001-05-19 00:00:00","","","NULL","","VOL-BN ADD","n","y","FAIR","24","9","","","5","19","","","","","y",""
"124","2003","Spring","Main3","","","","","","","","","","","","n","2003-04-12 00:00:00","","","NULL","","VOL-BN ADD","N","Y","FAIR","24","10","","","4","12","","","","","y",""
"404","2005","Fall","MR-11","","","","","","","","","","","","n","2005-11-03 00:00:00","","","NULL","","UNK","Y","N","Fair","24","9","2","0","","","","","","","n",""
"405","2005","Fall","MR-12","","","","","","","","","","","","n","2005-11-03 00:00:00","","","NULL","","UNK","Y","N","Fair","24","10","3","0","","","","","","","n",""
"23","2001","Fall","Main4","","","","","","","","","","","","n","2001-10-06 00:00:00","","","NULL","","VOL-BN ADD","n","y","FAIR","24","9","","","10","6","","","","","y",""
"110","2003","Spring","Bell1","","","","","","","","","","","","y","2003-04-12 00:00:00","","","DUP1","","PROF","","","FAIR","24","8","","","4","12","","","","","y",""
"66","2002","Spring","Wall1","","","","","","","","","","","","n","2002-04-13 00:00:00","","","NULL","","VOL-BN ADD","N","Y","FAIR","24","4","","","4","13","","","","","y",""
"149","2003","Fall","Frank1","","","","","","","","","","","","n","2003-10-11 00:00:00","","","NULL","","VOL-BN ADD","N","Y","FAIR","24","10","1","","10","11","","","","","y",""
"364","2005","Fall","Bell2","","","","","","","","","","","","n","2005-10-13 00:00:00","","","NULL","","UNK","Y","N","FAIR","24","10","1","0","","","","","","","n",""
"253","2004","Fall","John5","","","","","","","","","","","","n","2004-10-16 00:00:00","","","NULL","","VOL-BN ADD","N","Y","FAIR","24","9","1","1","","","","","","","y",""
"267","2004","Fall","Will1","","","","","","","","","","","","n","2004-10-16 00:00:00","","","NULL","","VOL-BN ADD","N","Y","FAIR","24","13","1","","","","","","","","y",""
"60","2002","Spring","Main4","","","","","","","","","","","","n","2002-04-13 00:00:00","","","NULL","","VOL-BN ADD","N","Y","FAIR","25","8","","","4","13","","","","","y",""
"261","2004","Fall","See1","","","","","","","","","","","","n","2004-10-16 00:00:00","","","NULL","","VOL-BN ADD","N","Y","FAIR","25","9","1","","","","","","","","y",""
"11","2001","Spring","Main6","","","","","","","","","","","","n","2001-05-19 00:00:00","","","NULL","","VOL-BN ADD","n","y","FAIR","25","7","","","5","19","","","","","y",""
"145","2003","Fall","Bish1","","","","","","","","","","","","n","2003-10-11 00:00:00","","","NULL","","VOL-BN ADD","N","Y","FAIR","25","9","1","","10","11","","","","","y",""
"74","2002","Fall","John2","","","","","","","","","","","","n","2002-10-12 00:00:00","","","NULL","","VOL-BN ADD","n","y","FAIR","25","15","","","10","12","","","","","y",""
"210","2004","Spring","John5","","","","","","","","","","","","n","2004-04-24 00:00:00","","","NULL","","VOL-BN ADD","N","Y","FAIR","25","8","","","","","","","","","y",""
"381","2005","Fall","Up1","","","","","","","","","","","","n","2005-10-15 00:00:00","","","NULL","","VOL-BN ADD","N","Y","FAIR","26","10","2","0","","","","","","","y",""
"396","2005","Fall","MR-6","","","","","","","","","","","","n","2005-10-26 00:00:00","","","NULL","","UNK","Y","N","Fair","26","9","3","0","","","","","","","n",""
"58","2002","Spring","Main1","","","","","","","","","","","","n","2002-04-13 00:00:00","","","NULL","","VOL-BN ADD","N","Y","FAIR","26","9","","","4","13","","","","","y",""
"214","2004","Spring","Main6","","","","","","","","","","","","y","2004-04-24 00:00:00","","","NULL","","VOL-BN ADD","N","Y","FAIR","26","11","","","","","","","","","y",""
"10","2001","Spring","Main4","","","","","","","","","","","","n","2001-05-19 00:00:00","","","NULL","","VOL-BN ADD","n","y","FAIR","26","8","","","5","19","","","","","y",""
"77","2002","Fall","Low1","","","","","","","","","","","","n","2002-10-12 00:00:00","","","NULL","","VOL-BN ADD","n","y","FAIR","26","12","","","10","12","","","","","y",""
"69","2002","Fall","Fel1","","","","","","","","","","","","n","2002-10-12 00:00:00","","","NULL","","VOL-BN ADD","n","y","FAIR","26","10","","","10","12","","","","","y",""
"403","2005","Fall","LR-4","","","","","","","","","","","","n","2005-11-03 00:00:00","","","NULL","","UNK","Y","N","Fair","26","9","2","0","","","","","","","n",""
"9","2001","Spring","John5","","","","","","","","","","","","n","2001-05-19 00:00:00","","","NULL","","VOL-BN ADD","n","y","FAIR","26","9","","","5","19","","","","","y",""
"266","2004","Fall","Wall3","","","","","","","","","","","","n","2004-10-16 00:00:00","","","NULL","","VOL-BN ADD","N","Y","FAIR","26","10","1","","","","","","","","y",""
"146","2003","Fall","Fel1","","","","","","","","","","","","n","2003-10-11 00:00:00","","","NULL","","VOL-BN ADD","N","Y","FAIR","26","12","1","","10","11","","","","","y",""
"28","2001","Fall","Wall2","","","","","","","","","","","","n","2001-10-06 00:00:00","","","NULL","","VOL-BN ADD","n","y","FAIR","27","11","","","10","6","","","","","y",""
"392","2005","Fall","MR-2","","","","","","","","","","","","n","2005-10-26 00:00:00","","","NULL","","UNK","Y","N","Fair","27","11","3","0","","","","","","","n",""
"254","2004","Fall","Low2","","","","","","","","","","","","n","2004-10-16 00:00:00","","","NULL","","VOL-BN ADD","N","Y","FAIR","27","12","0","","","","","","","","y",""
"18","2001","Fall","For1","","","","","","","","","","","","n","2001-10-06 00:00:00","","","NULL","","VOL-BN ADD","n","y","FAIR","27","12","","","10","6","","","","","y",""
"209","2004","Spring","John3","","","","","","","","","","","","n","2004-04-24 00:00:00","","","NULL","","VOL-BN ADD","N","Y","FAIR","27","10","","","","","","","","","y",""
"168","2003","Fall","Will1","","","","","","","","","","","","n","2003-10-11 00:00:00","","","NULL","","VOL-BN ADD","N","Y","FAIR","27","12","0","","10","11","","","","","y",""
"127","2003","Spring","Mid5","","","","","","","","","","","","n","2003-04-12 00:00:00","","","NULL","","VOL-BN ADD","N","Y","FAIR","27","9","","","4","12","","","","","y",""
"248","2004","Fall","Fowl1","","","","","","","","","","","","y","2004-10-16 00:00:00","","","NULL","","VOL-BN ADD","N","Y","FAIR","27","11","1","","","","","","","","y",""
"397","2005","Fall","MR-7","","","","","","","","","","","","n","2005-10-26 00:00:00","","","NULL","","UNK","Y","N","Fair","28","11","3","0","","","","","","","n",""
"252","2004","Fall","John3","","","","","","","","","","","","n","2004-10-16 00:00:00","","","NULL","","VOL-BN ADD","N","Y","FAIR","28","11","2","","","","","","","","y",""
"80","2002","Fall","Main7","","","","","","","","","","","","n","2002-10-12 00:00:00","","","NULL","","VOL-BN ADD","n","y","FAIR","28","13","","","10","12","","","","","y",""
"201","2004","Spring","Bell3","","","","","","","","","","","","n","2004-04-24 00:00:00","","","NULL","","VOL-BN ADD","N","Y","FAIR","28","10","","","","","","","","","y",""
"153","2003","Fall","John3","","","","","","","","","","","","y","2003-10-11 00:00:00","","","NULL","","VOL-BN ADD","N","Y","FAIR","28","13","3","","","","","","","","y",""
"132","2003","Spring","Tar1","","","","","","","","","","","","n","2003-04-12 00:00:00","","","NULL","","VOL-BN ADD","N","Y","FAIR","29","11","","","4","12","","","","","y",""
"113","2003","Spring","Fel1","","","","","","","","","","","","n","2003-04-12 00:00:00","","","NULL","","VOL-BN ADD","N","Y","FAIR","29","11","","","4","12","","","","","y",""
"367","2005","Fall","Fowl1","","","","","","","","","","","","n","2005-10-15 00:00:00","","","NULL","","VOL-BN ADD","N","Y","FAIR","29","10","1","0","","","","","","","y",""
"20","2001","Fall","John1","","","","","","","","","","","","n","2001-10-06 00:00:00","","","NULL","","VOL-BN ADD","n","y","FAIR","29","13","","","10","6","","","","","y",""
"125","2003","Spring","Main4","","","","","","","","","","","","n","2003-04-12 00:00:00","","","NULL","","VOL-BN ADD","N","Y","FAIR","29","9","","","4","12","","","","","y",""
"5","2001","Spring","Frank1","","","","","","","","","","","","n","2001-05-19 00:00:00","","","NULL","","VOL-BN ADD","n","y","FAIR","30","13","","","5","19","","","","","y",""
"374","2005","Fall","Main4","","","","","","","","","","","","n","2005-10-15 00:00:00","","","NULL","","VOL-BN ADD","N","Y","FAIR","30","11","3","0","","","","","","","y",""
"59","2002","Spring","Main3","","","","","","","","","","","","n","2002-04-13 00:00:00","","","NULL","","VOL-BN ADD","N","Y","FAIR","30","9","","","4","13","","","","","y",""
"232","2004","Spring","Main1","","","","","","","","","","","","n","2004-05-05 00:00:00","","","NULL","","UNK","","","FAIR","30","12","","","","","","","","","n",""
"82","2002","Fall","See1","","","","","","","","","","","","n","2002-10-12 00:00:00","","","NULL","","VOL-BN ADD","n","y","FAIR","30","10","","","10","12","","","","","y",""
"270","2004","Fall","Up2","","","","","","","","","","","","y","2004-10-20 00:00:00","","","NULL","","FOTR","Y","N","FAIR","30","11","2","","","","","","","","n",""
"377","2005","Fall","Nott","","","","","","","","","","","","n","2005-10-15 00:00:00","","","NULL","","VOL-BN ADD","N","Y","FAIR","30","13","3","0","","","","","","","y",""
"52","2002","Spring","Fowl1","","","","","","","","","","","","n","2002-04-13 00:00:00","","","NULL","","VOL-BN ADD","N","Y","FAIR","30","10","","","4","13","","","","","y",""
"200","2004","Spring","Bell2","","","","","","","","","","","","n","2004-04-22 00:00:00","","","NULL","","UNK","","","FAIR","30","15","","","","","","","","","y",""
"398","2005","Fall","MR-8","","","","","","","","","","","","n","2005-10-26 00:00:00","","","NULL","","UNK","Y","N","Fair","30","10","3","0","","","","","","","n",""
"233","2004","Spring","Main7","","","","","","","","","","","","n","2004-05-05 00:00:00","","","NULL","","UNK","","","FAIR","30","12","","","","","","","","","n",""
"236","2004","Spring","Tar1","","","","","","","","","","","","n","2004-05-05 00:00:00","","","NULL","","UNK","","","FAIR","31","13","","","","","","","","","n",""
"245","2004","Fall","Bish1","","","","","","","","","","","","n","2004-10-16 00:00:00","","","NULL","","VOL-BN ADD","N","Y","FAIR","31","10","1","","","","","","","","y",""
"26","2001","Fall","Peb1","","","","","","","","","","","","n","2001-10-06 00:00:00","","","NULL","","VOL-BN ADD","n","y","FAIR","31","9","","","10","6","","","","","y",""
"167","2003","Fall","Wall2","","","","","","","","","","","","n","2003-10-11 00:00:00","","","NULL","","VOL-BN ADD","N","Y","FAIR","31","11","1","","10","11","","","","","y",""
"258","2004","Fall","Min1","","","","","","","","","","","","n","2004-10-16 00:00:00","","","NULL","","VOL-BN ADD","N","Y","FAIR","31","15","1","","","","","","","","y",""
"247","2004","Fall","Fel2","","","","","","","","","","","","n","2004-10-16 00:00:00","","","NULL","","VOL-BN ADD","N","Y","FAIR","31","13","2","","","","","","","","y",""
"256","2004","Fall","Main5","","","","","","","","","","","","n","2004-10-16 00:00:00","","","NULL","","VOL-BN ADD","N","Y","FAIR","31","14","3","","","","","","","","y",""
"220","2004","Spring","Tar2","","","","","","","","","","","","n","2004-04-24 00:00:00","","","NULL","","VOL-BN ADD","N","Y","FAIR","31","12","","","","","","","","","y",""
"273","2004","Fall","MR-1","","","","","","","","","","","","n","2004-10-28 00:00:00","","","NULL","","","","","GOOD","31","12","1","","","","","","","","y",""
"393","2005","Fall","MR-3","","","","","","","","","","","","n","2005-10-26 00:00:00","","","NULL","","UNK","Y","N","Fair","31","13","4","0","","","","","","","n",""
"216","2004","Spring","Nott","","","","","","","","","","","","n","2004-04-24 00:00:00","","","NULL","","VOL-BN ADD","N","Y","FAIR","31","11","","","","","","","","","y",""
"240","2004","Spring","Wall1","","","","","","","","","","","","n","2004-05-05 00:00:00","","","NULL","","UNK","","","FAIR","32","13","","","","","","","","","n",""
"376","2005","Fall","Main5","","","","","","","","","","","","n","2005-10-15 00:00:00","","","NULL","","VOL-BN ADD","N","Y","FAIR","32","15","3","0","","","","","","","y",""
"83","2002","Fall","Tar1","","","","","","","","","","","","n","2002-10-12 00:00:00","","","NULL","","VOL-BN ADD","n","y","FAIR","32","12","","","10","12","","","","","y",""
"384","2005","Fall","Wall2","","","","","","","","","","","","n","2005-10-15 00:00:00","","","NULL","","VOL-BN ADD","N","Y","FAIR","32","17","1","0","","","","","","","y",""
"19","2001","Fall","Fowl1","","","","","","","","","","","","n","2001-10-06 00:00:00","","","NULL","","VOL-BN ADD","n","y","FAIR","32","13","","","10","6","","","","","y",""
"122","2003","Spring","Main1","","","","","","","","","","","","n","2003-04-12 00:00:00","","","NULL","","VOL-BN ADD","N","Y","FAIR","32","14","","","4","12","","","","","y",""
"211","2004","Spring","Low2","","","","","","","","","","","","n","2004-04-24 00:00:00","","","NULL","","VOL-BN ADD","N","Y","FAIR","32","12","","","","","","","","","y",""
"4","2001","Spring","Fowl1","","","","","","","","","","","","n","2001-05-19 00:00:00","","","NULL","","VOL-BN ADD","n","y","GOOD","32","13","","","5","19","","","","","y",""
"158","2003","Fall","Min1","","","","","","","","","","","","n","2003-10-11 00:00:00","","","NULL","","VOL-BN ADD","N","Y","FAIR","33","8","1","","10","11","","","","","y",""
"237","2004","Spring","Ton1","","","","","","","","","","","","y","2004-05-05 00:00:00","","","DUP1","","PROF","","","FAIR","33","11","","","","","","","","","n",""
"61","2002","Spring","Peb1","","","","","","","","","","","","n","2002-04-13 00:00:00","","","NULL","","VOL-BN ADD","N","Y","GOOD","33","11","","","4","13","","","","","y",""
"162","2003","Fall","Tar1","","","","","","","","","","","","n","2003-10-11 00:00:00","","","NULL","","VOL-BN ADD","N","Y","FAIR","33","11","2","","10","11","","","","","y",""
"369","2005","Fall","John1","","","","","","","","","","","","n","2005-10-15 00:00:00","","","NULL","","VOL-BN ADD","N","Y","FAIR","34","13","3","0","","","","","","","y",""
"154","2003","Fall","John5","","","","","","","","","","","","n","2003-10-11 00:00:00","","","NULL","","VOL-BN ADD","N","Y","FAIR","34","13","1","","10","11","","","","","y",""
"163","2003","Fall","Tar2","","","","","","","","","","","","n","2003-10-11 00:00:00","","","NULL","","VOL-BN ADD","N","Y","GOOD","34","13","2","","10","11","","","","","y",""
"16","2001","Fall","Bish1","","","","","","","","","","","","n","2001-10-06 00:00:00","","","NULL","","VOL-BN ADD","n","y","GOOD","34","15","","","10","6","","","","","y",""
"259","2004","Fall","Nott","","","","","","","","","","","","n","2004-10-16 00:00:00","","","NULL","","VOL-BN ADD","N","Y","GOOD","34","14","3","","","","","","","","y",""
"371","2005","Fall","John3","","","","","","","","","","","","n","2005-10-15 00:00:00","","","NULL","","VOL-BN ADD","N","Y","GOOD","34","12","4","1","","","","","","","y",""
"144","2003","Fall","Bell2","","","","","","","","","","","","n","2003-10-11 00:00:00","","","NULL","","VOL-BN ADD","N","Y","GOOD","34","14","1","","10","11","","","","","y",""
"119","2003","Spring","John3","","","","","","","","","","","","n","2003-04-12 00:00:00","","","NULL","","VOL-BN ADD","N","Y","GOOD","34","10","","","4","12","","","","","y",""
"161","2003","Fall","See2","","","","","","","","","","","","n","2003-10-11 00:00:00","","","NULL","","VOL-BN ADD","N","Y","GOOD","35","13","1","","10","11","Athericidae","","","","y",""
"166","2003","Fall","Up2","","","","","","","","","","","","Y","2003-10-11 00:00:00","","","NULL","","VOL-BN ADD","N","Y","GOOD","35","13","1","","","","Athericidae","","","","y",""
"379","2005","Fall","Ton1","","","","","","","","","","","","n","2005-10-15 00:00:00","","","NULL","","VOL-BN ADD","N","Y","GOOD","35","13","2","0","","","","","","","y",""
"383","2005","Fall","Wall1","","","","","","","","","","","","n","2005-10-15 00:00:00","","","NULL","","VOL-BN ADD","N","Y","GOOD","35","15","2","0","","","","","","","y",""
"2","2001","Spring","Fel1","","","","","","","","","","","","n","2001-05-19 00:00:00","","","NULL","","VOL-BN ADD","n","y","GOOD","35","15","","","5","19","","","","","y",""
"370","2005","Fall","John2","","","","","","","","","","","","y","2005-10-15 00:00:00","","","NULL","","VOL-BN ADD","N","Y","GOOD","35","17","4","0","","","","","","","y",""
"71","2002","Fall","Fowl1","","","","","","","","","","","","n","2002-10-12 00:00:00","","","NULL","","VOL-BN ADD","n","y","GOOD","35","9","","","10","12","","","","","y",""
"160","2003","Fall","See1","","","","","","","","","","","","y","2003-10-11 00:00:00","","","NULL","","VOL-BN ADD","N","Y","GOOD","35","11","2","","","","","","","","y",""
"380","2005","Fall","Ton1/2","","","","","","","","","","","","n","2005-10-15 00:00:00","","","NULL","","VOL-BN ADD","N","Y","GOOD","35","13","3","0","","","","","","","y",""
"205","2004","Spring","Fowl1","","","","","","","","","","","","n","2004-04-24 00:00:00","","","NULL","","VOL-BN ADD","N","Y","GOOD","36","11","","","","","","","","","y",""
"231","2004","Spring","Ing1","","","","","","","","","","","","n","2004-05-05 00:00:00","","","NULL","","UNK","","","GOOD","36","15","","","","","","","","","n",""
"86","2002","Fall","Up2","","","","","","","","","","","","n","2002-10-12 00:00:00","","","NULL","","VOL-BN ADD","N","Y","GOOD","36","14","","","10","12","","","","","y",""
"255","2004","Fall","Main4","","","","","","","","","","","","n","2004-10-16 00:00:00","","","NULL","","VOL-BN ADD","N","Y","GOOD","36","12","4","","","","","","","","y",""
"378","2005","Fall","Tar2","","","","","","","","","","","","n","2005-10-15 00:00:00","","","NULL","","VOL-BN ADD","N","Y","GOOD","36","15","2","0","","","","","","","y",""
"386","2005","Fall","Will1","","","","","","","","","","","","n","2005-10-15 00:00:00","","","NULL","","VOL-BN ADD","N","Y","GOOD","36","15","1","0","","","","","","","y",""
"389","2005","Fall","John6","","","","","","","","","","","","y","2005-10-25 00:00:00","","","NULL","","FOTR","Y","N","GOOD","36","15","2","0","","","","","","","n","Changed date to prof sample date to match samp dat"
"6","2001","Spring","John1","","","","","","","","","","","","n","2001-05-19 00:00:00","","","NULL","","VOL-BN ADD","n","y","GOOD","36","11","","","5","19","","","","","y",""
"128","2003","Spring","Min1","","","","","","","","","","","","n","2003-04-12 00:00:00","","","NULL","","VOL-BN ADD","N","Y","GOOD","36","11","","","4","12","","","","","y",""
"207","2004","Spring","John1","","","","","","","","","","","","n","2004-04-24 00:00:00","","","NULL","","VOL-BN ADD","N","Y","GOOD","36","14","","","","","","","","","y",""
"264","2004","Fall","Ton1","","","","","","","","","","","","n","2004-10-16 00:00:00","","","NULL","","VOL-BN ADD","N","Y","GOOD","36","17","3","","","","","","","","y",""
"368","2005","Fall","Ing1","","","","","","","","","","","","y","2005-10-15 00:00:00","","","NULL","","VOL-BN ADD","N","Y","GOOD","36","15","2","0","","","","","","","y",""
"385","2005","Fall","Wall3","","","","","","","","","","","","n","2005-10-15 00:00:00","","","NULL","","VOL-BN ADD","N","Y","GOOD","37","14","1","0","","","","","","","y",""
"171","2003","Fall","Fel2","","","","","","","","","","","","y","2003-10-20 00:00:00","","","Petrella- BN ADD","","FOTR","Y","N","GOOD","37","15","2","","","","","","","","n",""
"263","2004","Fall","Tar2","","","","","","","","","","","","n","2004-10-16 00:00:00","","","NULL","","VOL-BN ADD","N","Y","GOOD","37","15","3","","","","","","","","y",""
"8","2001","Spring","John3","","","","","","","","","","","","n","2001-05-19 00:00:00","","","NULL","","VOL-BN ADD","n","y","GOOD","38","11","","","5","19","","","","","y",""
"73","2002","Fall","John1","","","","","","","","","","","","y","2002-10-12 00:00:00","","","NULL","","VOL-BN ADD","N","Y","GOOD","38","17","","","","","","","","","y",""
"134","2003","Spring","Ton1","","","","","","","","","","","","y","2003-04-12 00:00:00","","","NULL","","VOL-BN ADD","N","Y","GOOD","38","15","","","","","","","","","y",""
"390","2005","Fall","MR-1","","","","","","","","","","","","n","2005-10-26 00:00:00","","","NULL","","UNK","Y","N","Good","39","17","3","0","","","","","","","n",""
"366","2005","Fall","Fel4","","","","","","","","","","","","n","2005-10-15 00:00:00","","","NULL","","VOL-BN ADD","N","Y","GOOD","39","16","2","0","","","","","","","y",""
"148","2003","Fall","Fowl1","","","","","","","","","","","","n","2003-10-11 00:00:00","","","NULL","","VOL-BN ADD","N","Y","GOOD","39","16","1","","10","11","","","","","y",""
"401","2005","Fall","LR-3","","","","","","","","","","","","n","2005-10-28 00:00:00","","","NULL","","UNK","Y","N","Good","39","12","2","0","","","","","","","n",""
"54","2002","Spring","John2","","","","","","","","","","","","n","2002-04-13 00:00:00","","","NULL","","VOL-BN ADD","N","Y","GOOD","39","12","","","4","13","","","","","y",""
"133","2003","Spring","Tar2","","","","","","","","","","","","n","2003-04-12 00:00:00","","","NULL","","VOL-BN ADD","N","Y","GOOD","39","14","","","4","12","","","","","y",""
"3","2001","Spring","For2","","","","","","","","","","","","n","2001-05-19 00:00:00","","","NULL","","VOL-BN ADD","n","y","GOOD","39","14","","","5","19","","","","","y",""
"275","2004","Fall","MR-3","","","","","","","","","","","","n","2004-10-28 00:00:00","","","NULL","","","","","GOOD","40","17","4","","","","","","","","y",""
"217","2004","Spring","Peb1","","","","","","","","","","","","Y","2004-04-24 00:00:00","","","NULL","","VOL-BN ADD","N","Y","GOOD","40","14","","","","","","","","","y",""
"13","2001","Spring","Peb1","","","","","","","","","","","","n","2001-05-19 00:00:00","","","NULL","","VOL-BN ADD","n","y","GOOD","40","13","","","5","19","","","","","y",""
"49","2002","Spring","Fel1","","","","","","","","","","","","n","2002-04-13 00:00:00","","","NULL","","VOL-BN ADD","N","Y","GOOD","41","12","","","4","13","","","","","y",""
"257","2004","Fall","Main6","","","","","","","","","","","","n","2004-10-16 00:00:00","","","NULL","","VOL-BN ADD","N","Y","GOOD","41","14","2","","","","","","","","y",""
"157","2003","Fall","Main6","","","","","","","","","","","","n","2003-10-11 00:00:00","","","NULL","","VOL-BN ADD","N","Y","GOOD","41","17","3","","10","11","Corydalidae","","","","y",""
"208","2004","Spring","John2","","","","","","","","","","","","n","2004-04-24 00:00:00","","","NULL","","VOL-BN ADD","N","Y","GOOD","41","14","","","","","","","","","y",""
"159","2003","Fall","Peb1","","","","","","","","","","","","n","2003-10-11 00:00:00","","","NULL","","VOL-BN ADD","N","Y","GOOD","42","14","1","","10","11","Corydalidae","","","","y",""
"55","2002","Spring","John3","","","","","","","","","","","","n","2002-04-13 00:00:00","","","NULL","","VOL-BN ADD","N","Y","GOOD","42","15","","","4","13","","","","","y",""
"68","2002","Fall","Bish1","","","","","","","","","","","","n","2002-10-12 00:00:00","","","NULL","","VOL-BN ADD","n","y","GOOD","42","16","","","10","12","","","","","y",""
"115","2003","Spring","Fowl1","","","","","","","","","","","","n","2003-04-12 00:00:00","","","NULL","","VOL-BN ADD","N","Y","GOOD","42","13","","","4","12","","","","","y",""
"274","2004","Fall","MR-2","","","","","","","","","","","","n","2004-10-28 00:00:00","","","NULL","","","","","GOOD","42","15","4","","","","","","","","y",""
"118","2003","Spring","John2","","","","","","","","","","","","n","2003-04-12 00:00:00","","","NULL","","VOL-BN ADD","N","Y","GOOD","42","12","","","4","12","","","","","y",""
"251","2004","Fall","John2","","","","","","","","","","","","n","2004-10-16 00:00:00","","","NULL","","VOL-BN ADD","N","Y","GOOD","42","16","3","","","","","","","","y",""
"53","2002","Spring","John1","","","","","","","","","","","","n","2002-04-13 00:00:00","","","NULL","","VOL-BN ADD","N","Y","GOOD","42","18","","","4","13","","","","","y",""
"260","2004","Fall","Peb1","","","","","","","","","","","","n","2004-10-16 00:00:00","","","NULL","","VOL-BN ADD","N","Y","GOOD","42","13","3","1","","","","","","","y",""
"79","2002","Fall","Main6","","","","","","","","","","","","n","2002-10-12 00:00:00","","","NULL","","VOL-BN ADD","n","y","GOOD","43","14","","","10","12","","","","","y",""
"7","2001","Spring","John2","","","","","","","","","","","","n","2001-05-19 00:00:00","","","NULL","","VOL-BN ADD","n","y","GOOD","43","13","","","5","19","","","","","y",""
"373","2005","Fall","Low2","","","","","","","","","","","","n","2005-10-15 00:00:00","","","NULL","","VOL-BN ADD","N","Y","GOOD","43","18","1","0","","","","","","","y",""
"375","2005","Fall","Main4.5","","","","","","","","","","","","n","2005-10-15 00:00:00","","","NULL","","VOL-BN ADD","N","Y","GOOD","43","16","3","0","","","","","","","y",""
"117","2003","Spring","John1","","","","","","","","","","","","n","2003-04-12 00:00:00","","","NULL","","VOL-BN ADD","N","Y","GOOD","43","18","","","4","12","","","","","y",""
"215","2004","Spring","Min1","","","","","","","","","","","","n","2004-04-24 00:00:00","","","NULL","","VOL-BN ADD","N","Y","GOOD","44","19","","","","","","","","","y",""
"203","2004","Spring","Fel1","","","","","","","","","","","","n","2004-04-24 00:00:00","","","NULL","","VOL-BN ADD","N","Y","GOOD","44","15","","","","","","","","","y",""
"362","2005","Fall","John5","","","","","","","","","","","","n","2005-10-09 00:00:00","","","NULL","","UNK","Y","N","GOOD","44","17","3","0","","","","","","","n",""
"150","2003","Fall","Ing1","","","","","","","","","","","","n","2003-10-11 00:00:00","","","NULL","","VOL-BN ADD","N","Y","GOOD","44","16","2","","10","11","","","","","y",""
"76","2002","Fall","John5","","","","","","","","","","","","y","2002-10-12 00:00:00","","","NULL","","VOL-BN ADD","N","Y","GOOD","44","12","","","","","","","","","y",""
"78","2002","Fall","Main4","","","","","","","","","","","","n","2002-10-12 00:00:00","","","NULL","","VOL-BN ADD","n","y","GOOD","45","12","","","10","12","","","","","y",""
"156","2003","Fall","Main4","","","","","","","","","","","","n","2003-10-11 00:00:00","","","NULL","","VOL-BN ADD","N","Y","GOOD","45","17","3","","10","11","","","","","y",""
"75","2002","Fall","John3","","","","","","","","","","","","y","2002-10-12 00:00:00","","","NULL","","VOL-BN ADD","N","Y","GOOD","48","14","","","","","","","","","y",""
"152","2003","Fall","John2","","","","","","","","","","","","n","2003-10-11 00:00:00","","","NULL","","VOL-BN ADD","N","Y","EXC","49","15","2","","10","11","","","","","y",""
"218","2004","Spring","See1","","","","","","","","","","","","n","2004-04-24 00:00:00","","","NULL","","VOL-BN ADD","N","Y","EXC","50","18","","","","","","","","","y",""
"221","2004","Spring","Ton1","","","","","","","","","","","","y","2004-04-24 00:00:00","","","DUP2","","PROF","","","EXC","51","17","","","","","","","","","y",""
"81","2002","Fall","Peb1","","","","","","","","","","","","n","2002-10-12 00:00:00","","","NULL","","VOL-BN ADD","n","y","EXC","51","15","","","10","12","","","","","y",""
"164","2003","Fall","Ton1","","","","","","","","","","","","n","2003-10-11 00:00:00","","","NULL","","VOL-BN ADD","N","Y","EXC","53","20","3","","10","11","","","","","y",""
"29","2002","Winter","Bish1","","","","","","","","","","","","n","2002-01-12 00:00:00","","","NULL","","VOL-BN ADD","N","Y","","","","","","1","12","","N","No Taxa Found","No Taxa Found","y",""
"30","2002","Winter","Fel1","","","","","","","","","","","","n","2002-01-12 00:00:00","","","NULL","","VOL-BN ADD","N","Y","","","","","","1","12","","Y","Plecoptera","Capniidae","y",""
"31","2002","Winter","For1","","","","","","","","","","","","n","2002-01-12 00:00:00","","","NULL","","VOL-BN ADD","N","Y","","","","","","1","12","","N","No Taxa Found","No Taxa Found","y",""
"32","2002","Winter","Fowl1","","","","","","","","","","","","n","2002-01-12 00:00:00","","","NULL","","VOL-BN ADD","N","Y","","","","","","1","12","","Y","Plecoptera","Capniidae","y",""
"33","2002","Winter","Frank1","","","","","","","","","","","","n","2002-01-12 00:00:00","","","NULL","","VOL-BN ADD","N","Y","","","","","","1","12","","N","No Taxa Found","No Taxa Found","y",""
"34","2002","Winter","John1","","","","","","","","","","","","n","2002-01-12 00:00:00","","","NULL","","VOL-BN ADD","N","Y","","","","","","1","12","","Y","Plecoptera","Capniidae","y",""
"35","2002","Winter","John2","","","","","","","","","","","","n","2002-01-12 00:00:00","","","NULL","","VOL-BN ADD","N","Y","","","","","","1","12","","Y","Plecoptera","Capniidae","y",""
"36","2002","Winter","John3","","","","","","","","","","","","n","2002-01-12 00:00:00","","","NULL","","VOL-BN ADD","N","Y","","","","","","1","12","","Y","Plecoptera","Capniidae","y",""
"37","2002","Winter","John5","","","","","","","","","","","","n","2002-01-12 00:00:00","","","NULL","","VOL-BN ADD","N","Y","","","","","","1","12","","Y","Plecoptera","Capniidae","y",""
"38","2002","Winter","John6","","","","","","","","","","","","n","2002-01-12 00:00:00","","","NULL","","VOL-BN ADD","N","Y","","","","","","1","12","","Y","Plecoptera","Capniidae","y",""
"39","2002","Winter","Main4","","","","","","","","","","","","n","2002-01-12 00:00:00","","","NULL","","VOL-BN ADD","N","Y","","","","","","1","12","","N","No Taxa Found","No Taxa Found","y",""
"40","2002","Winter","Main6","","","","","","","","","","","","n","2002-01-12 00:00:00","","","NULL","","VOL-BN ADD","N","Y","","","","","","1","12","","N","No Taxa Found","No Taxa Found","y",""
"41","2002","Winter","Peb1","","","","","","","","","","","","n","2002-01-12 00:00:00","","","NULL","","VOL-BN ADD","N","Y","","","","","","1","12","","N","No Taxa Found","No Taxa Found","y",""
"42","2002","Winter","See1","","","","","","","","","","","","n","2002-01-12 00:00:00","","","NULL","","VOL-BN ADD","N","Y","","","","","","1","12","","N","No Taxa Found","No Taxa Found","y",""
"43","2002","Winter","Ton2","","","","","","","","","","","","n","2002-01-12 00:00:00","","","NULL","","VOL-BN ADD","N","Y","","","","","","1","12","","Y","Plecoptera","Capniidae","y",""
"44","2002","Winter","Up2","","","","","","","","","","","","n","2002-01-12 00:00:00","","","NULL","","VOL-BN ADD","N","Y","","","","","","1","12","","N","No Taxa Found","No Taxa Found","y",""
"45","2002","Winter","Wall1","","","","","","","","","","","","n","2002-01-12 00:00:00","","","NULL","","VOL-BN ADD","N","Y","","","","","","1","12","","N","No Taxa Found","No Taxa Found","y",""
"46","2002","Winter","Wall2","","","","","","","","","","","","n","2002-01-12 00:00:00","","","NULL","","VOL-BN ADD","N","Y","","","","","","1","12","","N","No Taxa Found","No Taxa Found","y",""
"47","2002","Winter","Wall3","","","","","","","","","","","","n","2002-01-12 00:00:00","","","NULL","","VOL-BN ADD","N","Y","","","","","","1","12","","N","No Taxa Found","No Taxa Found","y",""
"93","2003","Winter","Bell1","","","","","","","","","","","","n","2003-01-11 00:00:00","","","NULL","","VOL-BN ADD","N","Y","","","","","","","","","N","No Taxa Found","No Taxa Found","y",""
"94","2003","Winter","Bish1","","","","","","","","","","","","n","2003-01-11 00:00:00","","","NULL","","VOL-BN ADD","N","Y","","","","","","","","","N","No Taxa Found","No Taxa Found","y",""
"95","2003","Winter","Fel1","","","","","","","","","","","","n","2003-01-11 00:00:00","","","NULL","","VOL-BN ADD","N","Y","","","","","","","","","N","No Taxa Found","No Taxa Found","y",""
"96","2003","Winter","Fowl1","","","","","","","","","","","","n","2003-01-11 00:00:00","","","NULL","","VOL-BN ADD","N","Y","","","","","","","","","Y","Plecoptera","Capniidae","y",""
"97","2003","Winter","Frank1","","","","","","","","","","","","n","2003-01-11 00:00:00","","","NULL","","VOL-BN ADD","N","Y","","","","","","","","","N","No Taxa Found","No Taxa Found","y",""
"98","2003","Winter","John1","","","","","","","","","","","","n","2003-01-11 00:00:00","","","NULL","","VOL-BN ADD","N","Y","","","","","","","","","Y","Plecoptera","Capniidae","y",""
"99","2003","Winter","John2","","","","","","","","","","","","n","2003-01-11 00:00:00","","","NULL","","VOL-BN ADD","N","Y","","","","","","","","","N","No Taxa Found","No Taxa Found","y",""
"100","2003","Winter","John3","","","","","","","","","","","","n","2003-01-11 00:00:00","","","NULL","","VOL-BN ADD","N","Y","","","","","","","","","Y","Plecoptera","Capniidae","y",""
"101","2003","Winter","John5","","","","","","","","","","","","n","2003-01-11 00:00:00","","","NULL","","VOL-BN ADD","N","Y","","","","","","","","","Y","Plecoptera","Capniidae","y",""
"102","2003","Winter","Main4","","","","","","","","","","","","n","2003-01-11 00:00:00","","","NULL","","VOL-BN ADD","N","Y","","","","","","","","","N","No Taxa Found","No Taxa Found","y",""
"103","2003","Winter","Main6","","","","","","","","","","","","n","2003-01-11 00:00:00","","","NULL","","VOL-BN ADD","N","Y","","","","","","","","","N","No Taxa Found","No Taxa Found","y",""
"104","2003","Winter","MR-1","","","","","","","","","","","","n","2003-01-11 00:00:00","","","NULL","","VOL-BN ADD","N","Y","","","","","","","","","Y","Plecoptera","Capniidae","y",""
"105","2003","Winter","Peb1","","","","","","","","","","","","n","2003-01-11 00:00:00","","","NULL","","VOL-BN ADD","N","Y","","","","","","","","","N","No Taxa Found","No Taxa Found","y",""
"106","2003","Winter","Tar2","","","","","","","","","","","","n","2003-01-11 00:00:00","","","NULL","","VOL-BN ADD","N","Y","","","","","","","","","N","No Taxa Found","No Taxa Found","y",""
"107","2003","Winter","Ton2","","","","","","","","","","","","n","2003-01-11 00:00:00","","","NULL","","VOL-BN ADD","N","Y","","","","","","","","","N","No Taxa Found","No Taxa Found","y",""
"108","2003","Winter","Up2","","","","","","","","","","","","n","2003-01-11 00:00:00","","","NULL","","VOL-BN ADD","N","Y","","","","","","","","","Y","Plecoptera","Capniidae","y",""
"109","2003","Winter","Wall2","","","","","","","","","","","","n","2003-01-11 00:00:00","","","NULL","","VOL-BN ADD","N","Y","","","","","","","","","N","No Taxa Found","No Taxa Found","y",""
"174","2004","Winter","Bell1","","","","","","","","","","","","n","2004-01-10 00:00:00","","","NULL","","VOL-BN ADD","N","Y","","","","","","","","","N","No Taxa Found","No Taxa Found","y",""
"175","2004","Winter","Bell2","","","","","","","","","","","","n","2004-01-10 00:00:00","","","NULL","","VOL-BN ADD","N","Y","","","","","","","","","N","No Taxa Found","No Taxa Found","y",""
"176","2004","Winter","Bish1","","","","","","","","","","","","n","2004-01-10 00:00:00","","","NULL","","VOL-BN ADD","N","Y","","","","","","","","","N","No Taxa Found","No Taxa Found","y",""
"177","2004","Winter","Fel1","","","","","","","","","","","","n","2004-01-10 00:00:00","","","NULL","","VOL-BN ADD","N","Y","","","","","","","","","Y","Plecoptera","Capniidae","y",""
"178","2004","Winter","Fowl1","","","","","","","","","","","","n","2004-01-10 00:00:00","","","NULL","","VOL-BN ADD","N","Y","","","","","","","","","Y","Plecoptera","Capniidae","y",""
"179","2004","Winter","Frank1","","","","","","","","","","","","y","2004-01-10 00:00:00","","","NULL","","VOL-BN ADD","N","Y","","","","","","","","","N","No Taxa Found","No Taxa Found","y",""
"180","2004","Winter","John1","","","","","","","","","","","","n","2004-01-10 00:00:00","","","NULL","","VOL-BN ADD","N","Y","","","","","","","","","Y","Plecoptera","Capniidae","y",""
"181","2004","Winter","John2","","","","","","","","","","","","n","2004-01-10 00:00:00","","","NULL","","VOL-BN ADD","N","Y","","","","","","","","","Y","Plecoptera","Capniidae","y",""
"182","2004","Winter","John3","","","","","","","","","","","","n","2004-01-10 00:00:00","","","NULL","","VOL-BN ADD","N","Y","","","","","","","","","Y","Plecoptera","Capniidae","y",""
"183","2004","Winter","John5","","","","","","","","","","","","n","2004-01-10 00:00:00","","","NULL","","VOL-BN ADD","N","Y","","","","","","","","","Y","Plecoptera","Capniidae","y",""
"184","2004","Winter","Main4","","","","","","","","","","","","n","2004-01-10 00:00:00","","","NULL","","VOL-BN ADD","N","Y","","","","","","","","","N","No Taxa Found","No Taxa Found","y",""
"185","2004","Winter","Main6","","","","","","","","","","","","n","2004-01-10 00:00:00","","","NULL","","VOL-BN ADD","N","Y","","","","","","","","","N","No Taxa Found","No Taxa Found","y",""
"186","2004","Winter","Min1","","","","","","","","","","","","n","2004-01-10 00:00:00","","","NULL","","VOL-BN ADD","N","Y","","","","","","","","","N","No Taxa Found","No Taxa Found","y",""
"187","2004","Winter","Peb1","","","","","","","","","","","","n","2004-01-10 00:00:00","","","NULL","","VOL-BN ADD","N","Y","","","","","","","","","N","No Taxa Found","No Taxa Found","y",""
"188","2004","Winter","See1","","","","","","","","","","","","n","2004-01-10 00:00:00","","","NULL","","VOL-BN ADD","N","Y","","","","","","","","","N","No Taxa Found","No Taxa Found","y",""
"189","2004","Winter","See2","","","","","","","","","","","","n","2004-01-10 00:00:00","","","NULL","","VOL-BN ADD","N","Y","","","","","","","","","N","No Taxa Found","No Taxa Found","y",""
"190","2004","Winter","Tar2","","","","","","","","","","","","n","2004-01-10 00:00:00","","","NULL","","VOL-BN ADD","N","Y","","","","","","","","","N","No Taxa Found","No Taxa Found","y",""
"191","2004","Winter","Ton1","","","","","","","","","","","","y","2004-01-10 00:00:00","","","NULL","","FOTR","Y","N","","","","","","","","","Y","Plecoptera","Capniidae","y",""
"192","2004","Winter","Ton1","","","","","","","","","","","","Y","2004-01-10 00:00:00","","","null","","VOL-BN ADD","N","Y","","","","","","","","","N","","","y",""
"193","2004","Winter","Ton2","","","","","","","","","","","","n","2004-01-10 00:00:00","","","NULL","","VOL-BN ADD","N","Y","","","","","","","","","N","No Taxa Found","No Taxa Found","y",""
"194","2004","Winter","Up2","","","","","","","","","","","","n","2004-01-10 00:00:00","","","NULL","","VOL-BN ADD","N","Y","","","","","","","","","N","No Taxa Found","No Taxa Found","y",""
"195","2004","Winter","Wall2","","","","","","","","","","","","y","2004-01-10 00:00:00","","","NULL","","VOL-BN ADD","N","Y","","","","","","","","","N","No Taxa Found","No Taxa Found","y",""
"196","2004","Winter","Will1","","","","","","","","","","","","n","2004-01-10 00:00:00","","","NULL","","VOL-BN ADD","","","","","","","","","","","N","No Taxa Found","No Taxa Found","y",""
"197","2004","Winter","Frank1","","","","","","","","","","","","Y","2004-01-13 00:00:00","","","FOTR","","FOTR","Y","N","","","","","","","","","N","","","n",""
"198","2004","Winter","Wall2","","","","","","","","","","","","Y","2004-01-13 00:00:00","","","FOTR","","FOTR","Y","N","","","","","","","","","N","","","n",""
"283","2005","Winter","Fel4","","","","","","","","","","","","n","2005-01-08 00:00:00","","","NULL","","VOL-BN ADD","N","Y","","","","","","","","","N","No Taxa Found","No Taxa Found","y",""
"284","2005","Winter","Fowl2","","","","","","","","","","","","n","2005-01-08 00:00:00","","","NULL","","VOL-BN ADD","N","Y","","","","","","","","","Y","Plecoptera","Capniidae","y",""
"285","2005","Winter","Ing1","","","","","","","","","","","","n","2005-01-08 00:00:00","","","NULL","","VOL-BN ADD","N","Y","","","","","","","","","N","No Taxa Found","No Taxa Found","y",""
"286","2005","Winter","John6","","","","","","","","","","","","n","2005-01-08 00:00:00","","","NULL","","VOL-BN ADD","N","Y","","","","","","","","","Y","Plecoptera","Capniidae","y",""
"287","2005","Winter","Low2","","","","","","","","","","","","n","2005-01-08 00:00:00","","","NULL","","VOL-BN ADD","N","Y","","","","","","","","","Y","Plecoptera","Capniidae","y",""
"288","2005","Winter","Main1","","","","","","","","","","","","n","2005-01-08 00:00:00","","","NULL","","VOL-BN ADD","N","Y","","","","","","","","","N","No Taxa Found","No Taxa Found","y",""
"289","2005","Winter","MR-1","","","","","","","","","","","","n","2005-01-08 00:00:00","","","NULL","","VOL-BN ADD","N","Y","","","","","","","","","Y","Plecoptera","Capniidae","y",""
"290","2005","Winter","MR-2","","","","","","","","","","","","n","2005-01-08 00:00:00","","","NULL","","VOL-BN ADD","N","Y","","","","","","","","","N","No Taxa Found","No Taxa Found","y",""
"291","2005","Winter","MR-3","","","","","","","","","","","","n","2005-01-08 00:00:00","","","NULL","","VOL-BN ADD","N","Y","","","","","","","","","N","No Taxa Found","No Taxa Found","y",""
"292","2005","Winter","Nott","","","","","","","","","","","","n","2005-01-08 00:00:00","","","NULL","","VOL-BN ADD","N","Y","","","","","","","","","N","No Taxa Found","No Taxa Found","y",""
"293","2005","Winter","Peb2","","","","","","","","","","","","n","2005-01-08 00:00:00","","","NULL","","VOL-BN ADD","N","Y","","","","","","","","","N","No Taxa Found","No Taxa Found","y",""
"294","2005","Winter","Sprag","","","","","","","","","","","","n","2005-01-08 00:00:00","","","NULL","","VOL-BN ADD","N","Y","","","","","","","","","N","No Taxa Found","No Taxa Found","y",""
"295","2005","Winter","Ton1","","","","","","","","","","","","n","2005-01-08 00:00:00","","","NULL","","VOL-BN ADD","N","Y","","","","","","","","","Y","Plecoptera","Capniidae","y",""
"296","2005","Winter","Ton1/2","","","","","","","","","","","","n","2005-01-08 00:00:00","","","NULL","","VOL-BN ADD","N","Y","","","","","","","","","Y","Plecoptera","Capniidae","y",""
"297","2005","Winter","Up1","","","","","","","","","","","","n","2005-01-08 00:00:00","","","NULL","","VOL-BN ADD","N","Y","","","","","","","","","Y","Plecoptera","Capniidae","y",""
"298","2005","Winter","Up2","","","","","","","","","","","","n","2005-01-08 00:00:00","","","NULL","","VOL-BN ADD","N","Y","","","","","","","","","N","No Taxa Found","No Taxa Found","y",""
"299","2005","Winter","Wall1","","","","","","","","","","","","n","2005-01-08 00:00:00","","","NULL","","VOL-BN ADD","N","Y","","","","","","","","","N","No Taxa Found","No Taxa Found","y",""
"300","2005","Winter","Will1","","","","","","","","","","","","n","2005-01-08 00:00:00","","","NULL","","VOL-BN ADD","N","Y","","","","","","","","","N","No Taxa Found","No Taxa Found","y",""
"406","2006","Winter","Fel1","","","","","","","","","","","","n","2006-01-21 00:00:00","","","NULL","","VOL-BN ADD","N","Y","","","","","","","","","N","No Taxa Found","No Taxa Found","y",""
"407","2006","Winter","Fel2","","","","","","","","","","","","n","2006-01-21 00:00:00","","","NULL","","VOL-BN ADD","N","Y","","","","","","","","","N","No Taxa Found","No Taxa Found","y",""
"408","2006","Winter","Fowl1","","","","","","","","","","","","n","2006-01-21 00:00:00","","","NULL","","VOL-BN ADD","N","Y","","","","","","","","","Y","Plecoptera","Capniidae","y",""
"409","2006","Winter","Ing1","","","","","","","","","","","","n","2006-01-21 00:00:00","","","NULL","","VOL-BN ADD","N","Y","","","","","","","","","N","No Taxa Found","No Taxa Found","y",""
"410","2006","Winter","John1","","","","","","","","","","","","n","2006-01-21 00:00:00","","","NULL","","VOL-BN ADD","N","Y","","","","","","","","","Y","Plecoptera","Capniidae","y",""
"411","2006","Winter","John2","","","","","","","","","","","","n","2006-01-21 00:00:00","","","NULL","","VOL-BN ADD","N","Y","","","","","","","","","Y","Plecoptera","Capniidae","y",""
"412","2006","Winter","John5","","","","","","","","","","","","n","2006-01-21 00:00:00","","","NULL","","VOL-BN ADD","N","Y","","","","","","","","","Y","Plecoptera","Capniidae","y",""
"413","2006","Winter","John6","","","","","","","","","","","","n","2006-01-21 00:00:00","","","NULL","","VOL-BN ADD","N","Y","","","","","","","","","Y","Plecoptera","Capniidae","y",""
"414","2006","Winter","Low2","","","","","","","","","","","","n","2006-01-21 00:00:00","","","NULL","","VOL-BN ADD","N","Y","","","","","","","","","Y","Plecoptera","Capniidae","y",""
"415","2006","Winter","Main1","","","","","","","","","","","","n","2006-01-21 00:00:00","","","NULL","","VOL-BN ADD","N","Y","","","","","","","","","N","No Taxa Found","No Taxa Found","y",""
"416","2006","Winter","See1","","","","","","","","","","","","n","2006-01-21 00:00:00","","","NULL","","VOL-BN ADD","N","Y","","","","","","","","","N","No Taxa Found","No Taxa Found","y",""
"417","2006","Winter","See2","","","","","","","","","","","","n","2006-01-21 00:00:00","","","NULL","","VOL-BN ADD","N","Y","","","","","","","","","N","No Taxa Found","No Taxa Found","y",""
"418","2006","Winter","Sprag","","","","","","","","","","","","n","2006-01-21 00:00:00","","","NULL","","VOL-BN ADD","N","Y","","","","","","","","","N","No Taxa Found","No Taxa Found","y",""
"419","2006","Winter","Ton1","","","","","","","","","","","","n","2006-01-21 00:00:00","","","NULL","","VOL-BN ADD","N","Y","","","","","","","","","N","No Taxa Found","No Taxa Found","y",""
"420","2006","Winter","Ton1/2","","","","","","","","","","","","n","2006-01-21 00:00:00","","","NULL","","VOL-BN ADD","N","Y","","","","","","","","","Y","Plecoptera","Capniidae","y",""
"421","2006","Winter","Up1","","","","","","","","","","","","n","2006-01-21 00:00:00","","","NULL","","VOL-BN ADD","N","Y","","","","","","","","","N","No Taxa Found","No Taxa Found","y",""
"422","2006","Winter","Up2","","","","","","","","","","","","n","2006-01-21 00:00:00","","","NULL","","VOL-BN ADD","N","Y","","","","","","","","","N","No Taxa Found","No Taxa Found","y",""
"447","2006","Spring","John1","","","","","","","","","","","","n","2006-04-29 00:00:00","","","Thompson","","VOL-BN ADD","N","Y","EXCELLENT","55","20","7","3","","","","","","","y",""
"448","2006","Spring","John2","","","","","","","","","","","","n","2006-04-29 00:00:00","","","Thompson","","VOL-BN ADD","N","Y","EXCELLENT","53","20","7","3","","","","","","","y",""
"491","2006","Fall","Main4.5","","","","","","","","","","","","n","2006-10-14 00:00:00","","","Johnson","","VOL-BN ADD","N","Y","Excellent","49","18","3","0","","","","","","","y",""
"90","2002","Fall","Tar2","","","","","","","","","","","","Y","2002-10-16 00:00:00","","","FOTR","","FOTR","Y","N","FAIR","31","12","","","","","","","","","n",""
"92","2002","Fall","John5","","","","","","","","","","","","Y","2002-10-26 00:00:00","","","FOTR","","FOTR","Y","N","FAIR","31","","","","","","","","","","n",""
"142","2003","Spring","Ton1","","","","","","","","","","","","Y","2003-04-18 00:00:00","","","FOTR","","FOTR","Y","N","FAIR","34","","","","","","","","","","n",""
"170","2003","Fall","Up2","","","","","","","","","","","","Y","2003-10-16 00:00:00","","","FOTR","","FOTR","Y","N","FAIR","33","10","","","","","","","","","n",""
"172","2003","Fall","John3","","","","","","","","","","","","Y","2003-10-20 00:00:00","","","FOTR","","FOTR","Y","N","FAIR","31","13","","","","","","","","","n",""
"173","2003","Fall","Low1","","","","","","","","","","","","Y","2003-10-20 00:00:00","","","FOTR","","FOTR","Y","N","FAIR","29","11","","","","","","","","","n",""
"225","2004","Spring","Main4","","","","","","","","","","","","Y","2004-04-29 00:00:00","","","FOTR","","FOTR","Y","N","FAIR","22","8","","","","","","","","","n",""
"226","2004","Spring","Main5","","","","","","","","","","","","Y","2004-04-29 00:00:00","","","FOTR","","FOTR","Y","N","FAIR","22","9","","","","","","","","","n",""
"227","2004","Spring","Main6","","","","","","","","","","","","Y","2004-04-29 00:00:00","","","FOTR","","FOTR","Y","N","FAIR","30","11","","","","","","","","","n",""
"228","2004","Spring","Peb1","","","","","","","","","","","","Y","2004-04-29 00:00:00","","","FOTR","","FOTR","Y","N","FAIR","31","11","","","","","","","","","n",""
"271","2004","Fall","Fel1","","","","","","","","","","","","Y","2004-10-21 00:00:00","","","FOTR","","FOTR","Y","N","FAIR","32","11","","","","","","","","","n",""
"272","2004","Fall","Fowl1","","","","","","","","","","","","Y","2004-10-21 00:00:00","","","FOTR","","FOTR","Y","N","FAIR","20","8","","","","","","","","","n",""
"302","2005","Spring","MR-10","","","","","","","","","","","","n","2005-04-08 00:00:00","","","WC","","PROF","","","FAIR","26","9","2","0","","","","","","","y",""
"304","2005","Spring","MR-3","","","","","","","","","","","","n","2005-04-08 00:00:00","","","WC","","PROF","","","FAIR","28","11","3","0","","","","","","","y",""
"306","2005","Spring","MR-5","","","","","","","","","","","","n","2005-04-08 00:00:00","","","WC","","PROF","","","FAIR","21","8","1","0","","","","","","","y",""
"308","2005","Spring","MR-7","","","","","","","","","","","","n","2005-04-08 00:00:00","","","WC","","PROF","","","FAIR","19","7","2","0","","","","","","","y",""
"309","2005","Spring","MR-8","","","","","","","","","","","","n","2005-04-08 00:00:00","","","WC","","PROF","","","FAIR","20","10","2","0","","","","","","","y",""
"310","2005","Spring","MR-9","","","","","","","","","","","","n","2005-04-08 00:00:00","","","WC","","PROF","","","FAIR","20","7","2","0","","","","","","","y",""
"312","2005","Spring","John5","","","","","","","","","","","","n","2005-04-10 00:00:00","","","FOTR","","PROF","","","FAIR","27","10","2","1","","","","","","","y",""
"313","2005","Spring","Fel2","","","","","","","","","","","","n","2005-04-23 00:00:00","","","FOTR","","PROF","","","FAIR","33","13","1","0","","","","","","","y",""
"316","2005","Spring","Frank1","","","","","","","","","","","","n","2005-04-23 00:00:00","","","FOTR","","PROF","","","FAIR","23","7","1","0","","","","","","","y","Date is vol samp date not prof recheck"
"321","2005","Spring","Low2","","","","","","","","","","","","n","2005-04-23 00:00:00","","","FOTR","","PROF","","","FAIR","23","9","2","1","","","","","","","y","Date is vol samp date not prof recheck"
"324","2005","Spring","Main5","","","","","","","","","","","","y","2005-04-23 00:00:00","","","FOTR","","PROF","N","Y","FAIR","21","8","1","0","","","","","","","y","Date is vol samp date not prof recheck"
"325","2005","Spring","Min1","","","","","","","","","","","","n","2005-04-23 00:00:00","","","FOTR","","PROF","","","FAIR","24","8","1","0","","","","","","","y","Date is vol samp date not prof recheck"
"326","2005","Spring","MR-1","","","","","","","","","","","","y","2005-04-23 00:00:00","","","FOTR","","PROF","","","FAIR","27","10","2","0","","","","","","","y","Date is vol samp date not prof recheck"
"327","2005","Spring","Nott","","","","","","","","","","","","n","2005-04-23 00:00:00","","","FOTR","","PROF","","","FAIR","20","8","1","0","","","","","","","y","Date is vol samp date not prof recheck"
"328","2005","Spring","Peb1","","","","","","","","","","","","n","2005-04-23 00:00:00","","","FOTR","","PROF","","","FAIR","28","11","1","0","","","","","","","y","Date is vol samp date not prof recheck"
"329","2005","Spring","Peb2","","","","","","","","","","","","n","2005-04-23 00:00:00","","","FOTR","","PROF","","","FAIR","26","9","1","0","","","","","","","y","Date is vol samp date not prof recheck"
"330","2005","Spring","See1","","","","","","","","","","","","n","2005-04-23 00:00:00","","","FOTR","","PROF","","","FAIR","24","10","1","0","","","","","","","y","Date is vol samp date not prof recheck"
"331","2005","Spring","Sprag","","","","","","","","","","","","n","2005-04-23 00:00:00","","","FOTR","","PROF","","","FAIR","23","11","2","0","","","","","","","y","Date is vol samp date not prof recheck"
"332","2005","Spring","Ton1","","","","","","","","","","","","n","2005-04-23 00:00:00","","","FOTR","","PROF","","","FAIR","28","8","2","0","","","","","","","y","Date is vol samp date not prof recheck"
"337","2005","Spring","LR-1","","","","","","","","","","","","n","2005-04-28 00:00:00","","","WC","","PROF","Y","N","FAIR","23","9","1","0","","","","","","","n",""
"338","2005","Spring","Main4.5","","","","","","","","","","","","y","2005-05-02 00:00:00","","","FOTR","","FOTR","Y","N","FAIR","20","8","2","0","","","","","","","n",""
"339","2005","Spring","Main5","","","","","","","","","","","","Y","2005-05-02 00:00:00","","","FOTR","","FOTR","Y","N","FAIR","21","8","","","","","","","","","n",""
"340","2005","Spring","Up1","","","","","","","","","","","","Y","2005-05-02 00:00:00","","","FOTR","","FOTR","Y","N","FAIR","20","8","1","0","","","","","","","n",""
"341","2005","Spring","Up2","","","","","","","","","","","","Y","2005-05-02 00:00:00","","","FOTR","","FOTR","Y","N","FAIR","28","9","1","1","","","","","","","n",""
"343","2005","Spring","Fowl2","","","","","","","","","","","","y","2005-05-03 00:00:00","","","FOTR","","FOTR","Y","N","FAIR","21","7","2","0","","","","","","","n",""
"345","2005","Spring","Main7","","","","","","","","","","","","n","2005-05-11 00:00:00","","","REP","","REP","N","Y","FAIR","33","10","1","1","","","","","","","n",""
"347","2005","Spring","Fowl1","","","","","","","","","","","","n","2005-05-18 00:00:00","","","REP","","REP","N","Y","FAIR","25","13","4","0","","","","","","","n",""
"349","2005","Spring","LR-4","","","","","","","","","","","","n","2005-05-18 00:00:00","","","REP","","REP","N","Y","FAIR","25","9","1","0","","","","","","","n",""
"351","2005","Spring","Mid3","","","","","","","","","","","","n","2005-05-18 00:00:00","","","REP","","REP","N","Y","FAIR","23","10","0","0","","","","","","","n",""
"353","2005","Spring","MR-13","","","","","","","","","","","","n","2005-05-18 00:00:00","","","REP","","REP","N","Y","FAIR","29","10","2","0","","","","","","","n",""
"355","2005","Spring","Rav1","","","","","","","","","","","","n","2005-05-18 00:00:00","","","REP","","REP","N","Y","FAIR","29","12","1","0","","","","","","","n",""
"356","2005","Spring","Tar1","","","","","","","","","","","","n","2005-05-18 00:00:00","","","REP","","REP","N","Y","FAIR","22","9","2","0","","","","","","","n",""
"357","2005","Spring","Up4","","","","","","","","","","","","n","2005-05-18 00:00:00","","","REP","","REP","N","Y","FAIR","31","11","2","0","","","","","","","n",""
"359","2005","Spring","Wall0","","","","","","","","","","","","n","2005-05-18 00:00:00","","","REP","","REP","N","Y","FAIR","32","10","2","0","","","","","","","n",""
"360","2005","Spring","Wall5","","","","","","","","","","","","n","2005-05-18 00:00:00","","","REP","","REP","N","Y","FAIR","22","9","1","0","","","","","","","n",""
"372","2005","Fall","John6","","","","","","","","","","","","Y","2005-10-15 00:00:00","","","null","","VOL-BN ADD","N","Y","FAIR","29","11","","","","","","","","","y",""
"423","2006","Spring","MR-1","","","","","","","","","","","","y","2006-04-06 00:00:00","","","Thompson-WC","","PROF","Y","N","FAIR","24","12","2","0","","","","","","","n",""
"428","2006","Spring","MR-3","","","","","","","","","","","","n","2006-04-06 00:00:00","","","Best-WC","","PROF","Y","N","FAIR","32","13","4","0","","","","","","","n",""
"435","2006","Spring","LR-3","","","","","","","","","","","","n","2006-04-27 00:00:00","","","Thompson-WC","","PROF","Y","N","FAIR","22","8","2","0","","","","","","","n",""
"436","2006","Spring","MR-1","","","","","","","","","","","","y","2006-04-28 00:00:00","","","Thompson-WC","","PROF","Y","N","FAIR","32","12","2","0","","","","","","","n",""
"437","2006","Spring","MR-13","","","","","","","","","","","","n","2006-04-28 00:00:00","","","Thompson-WC","","PROF","Y","N","FAIR","21","8","2","0","","","","","","","n",""
"439","2006","Spring","Bell1","","","","","","","","","","","","y","2006-04-29 00:00:00","","","Fochler","","VOL-BN ADD","N","Y","FAIR","26","8","1","0","","","","","","","y",""
"442","2006","Spring","Fel2","","","","","","","","","","","","n","2006-04-29 00:00:00","","","Pace","","VOL-BN ADD","N","Y","FAIR","23","9","1","1","","","","","","","y",""
"443","2006","Spring","Fel4","","","","","","","","","","","","n","2006-04-29 00:00:00","","","Corsun","","VOL-BN ADD","N","Y","FAIR","26","10","2","0","","","","","","","y",""
"445","2006","Spring","Fowl2","","","","","","","","","","","","n","2006-04-29 00:00:00","","","Flowers","","VOL-BN ADD","N","Y","FAIR","28","8","3","0","","","","","","","y",""
"450","2006","Spring","John5","","","","","","","","","","","","n","2006-04-29 00:00:00","","","Gray","","VOL-BN ADD","N","Y","FAIR","21","8","2","0","","","","","","","y",""
"451","2006","Spring","John6","","","","","","","","","","","","n","2006-04-29 00:00:00","","","Sendek","","VOL-BN ADD","N","Y","FAIR","20","9","2","0","","","","","","","y",""
"453","2006","Spring","Main4","","","","","","","","","","","","n","2006-04-29 00:00:00","","","Nightingale","","VOL-BN ADD","N","Y","FAIR","28","9","2","0","","","","","","","y",""
"454","2006","Spring","Main4.5","","","","","","","","","","","","n","2006-04-29 00:00:00","","","Nightingale","","VOL-BN ADD","N","Y","FAIR","32","12","2","0","","","","","","","y",""
"455","2006","Spring","Main5","","","","","","","","","","","","n","2006-04-29 00:00:00","","","Mogill-Cousin","","VOL-BN ADD","N","Y","FAIR","23","12","1","0","","","","","","","y",""
"459","2006","Spring","See1","","","","","","","","","","","","n","2006-04-29 00:00:00","","","Mogill","","VOL-BN ADD","N","Y","FAIR","32","14","1","0","","","","","","","y",""
"460","2006","Spring","Tar2","","","","","","","","","","","","n","2006-04-29 00:00:00","","","Weis","","VOL-BN ADD","N","Y","FAIR","29","11","2","0","","","","","","","y",""
"461","2006","Spring","Ton1","","","","","","","","","","","","n","2006-04-29 00:00:00","","","Williams","","VOL-BN ADD","N","Y","FAIR","25","10","1","0","","","","","","","y",""
"463","2006","Spring","Ton2","","","","","","","","","","","","n","2006-04-29 00:00:00","","","Weis","","VOL-BN ADD","N","Y","FAIR","23","11","1","0","","","","","","","y",""
"464","2006","Spring","Trues1","","","","","","","","","","","","n","2006-04-29 00:00:00","","","Boley","","VOL-BN ADD","N","Y","FAIR","25","11","1","0","","","","","","","y",""
"465","2006","Spring","Up1","","","","","","","","","","","","y","2006-04-29 00:00:00","","","Ross","","VOL-BN ADD","N","Y","FAIR","20","7","1","0","","","","","","","y",""
"467","2006","Spring","Wall1","","","","","","","","","","","","n","2006-04-29 00:00:00","","","Sadler","","VOL-BN ADD","N","Y","FAIR","31","12","2","0","","","","","","","y",""
"471","2006","Spring","Bell1","","","","","","","","","","","","y","2006-05-03 00:00:00","","","Glen","","PROF","Y","N","FAIR","27","7","1","0","","","","","","","n",""
"472","2006","Spring","LR-1","","","","","","","","","","","","n","2006-05-03 00:00:00","","","Thompson-WC","","PROF","Y","N","FAIR","25","13","3","0","","","","","","","n",""
"473","2006","Spring","Rav1","","","","","","","","","","","","n","2006-05-03 00:00:00","","","Rozman","","PROF","Y","N","FAIR","26","9","1","1","","","","","","","n",""
"474","2006","Spring","Tar1","","","","","","","","","","","","n","2006-05-03 00:00:00","","","Hammar","","PROF","Y","N","FAIR","30","11","2","0","","","","","","","n",""
"475","2006","Spring","Up1","","","","","","","","","","","","y","2006-05-03 00:00:00","","","Doyle/Mastenbrook","","PROF","Y","N","FAIR","20","8","1","0","","","","","","","n",""
"476","2006","Spring","Wall0","","","","","","","","","","","","n","2006-05-03 00:00:00","","","Jaskiewicz","","PROF","Y","N","FAIR","22","9","1","0","","","","","","","n",""
"478","2006","Spring","Main1","","","","","","","","","","","","y","2006-05-04 00:00:00","","","Findling","","PROF","Y","N","FAIR","25","11","1","0","","","","","","","n",""
"480","2006","Fall","Bell2","","","","","","","","","","","","n","2006-10-10 00:00:00","","","O'Connell","","","","","FAIR","29","14","1","0","","","","","","","n",""
"482","2006","Fall","Fowl1","","","","","","","","","","","","n","2006-10-14 00:00:00","","","Pace","","VOL-BN ADD","N","Y","FAIR","26","8","3","1","","","","","","","y",""
"483","2006","Fall","Fowl2","","","","","","","","","","","","n","2006-10-14 00:00:00","","","Pace","","VOL-BN ADD","N","Y","FAIR","27","12","3","0","","","","","","","y",""
"486","2006","Fall","John3","","","","","","","","","","","","n","2006-10-14 00:00:00","","","Thompson","","VOL-BN ADD","N","Y","FAIR","31","16","3","0","","","","","","","y",""
"487","2006","Fall","John5","","","","","","","","","","","","n","2006-10-14 00:00:00","","","Thompson","","VOL-BN ADD","N","Y","FAIR","28","12","3","0","","","","","","","y",""
"489","2006","Fall","Main1","","","","","","","","","","","","n","2006-10-14 00:00:00","","","Peterson","","VOL-BN ADD","N","Y","FAIR","20","8","1","0","","","","","","","y",""
"493","2006","Fall","Min1","","","","","","","","","","","","n","2006-10-14 00:00:00","","","Weis","","VOL-BN ADD","N","Y","FAIR","25","12","1","0","","","","","","","y",""
"495","2006","Fall","Sprag","","","","","","","","","","","","n","2006-10-14 00:00:00","","","Peterson","","VOL-BN ADD","N","Y","FAIR","34","9","3","1","","","","","","","y",""
"496","2006","Fall","Tar1","","","","","","","","","","","","n","2006-10-14 00:00:00","","","Sendek","","VOL-BN ADD","N","Y","FAIR","23","9","2","0","","","","","","","y",""
"498","2006","Fall","Ton1/2","","","","","","","","","","","","n","2006-10-14 00:00:00","","","Faber","","VOL-BN ADD","N","Y","FAIR","26","8","2","0","","","","","","","y",""
"499","2006","Fall","Up1","","","","","","","","","","","","n","2006-10-14 00:00:00","","","Ross","","VOL-BN ADD","N","Y","FAIR","30","10","1","1","","","","","","","y",""
"501","2006","Fall","Will1","","","","","","","","","","","","n","2006-10-14 00:00:00","","","Williams","","VOL-BN ADD","N","Y","FAIR","28","12","2","0","","","","","","","y",""
"504","2006","Fall","Peb1","","","","","","","","","","","","Y","2006-10-15 00:00:00","","","null","","VOL-BN ADD","N","Y","FAIR","24","9","","","","","","","","","n",""
"506","2006","Fall","Fel2","","","","","","","","","","","","y","2006-10-24 00:00:00","","","Petrella","","FOTR","Y","N","FAIR","23","10","1","0","","","","","","","n",""
"507","2006","Fall","LR-1","","","","","","","","","","","","n","2006-10-25 00:00:00","","","Flowers-WC","","PROF","Y","N","FAIR","30","12","4","0","","","","","","","n",""
"510","2006","Fall","MR-12","","","","","","","","","","","","n","2006-10-26 00:00:00","","","Best-WC","","PROF","Y","N","FAIR","20","7","2","0","","","","","","","n",""
"511","2006","Fall","MR-13","","","","","","","","","","","","n","2006-10-26 00:00:00","","","Thompson-WC","","PROF","Y","N","FAIR","21","9","3","0","","","","","","","n",""
"512","2006","Fall","MR-2","","","","","","","","","","","","n","2006-10-26 00:00:00","","","Mullett-WC","","PROF","Y","N","FAIR","33","16","5","0","","","","","","","n",""
"513","2006","Fall","MR-3","","","","","","","","","","","","n","2006-10-26 00:00:00","","","Benz-WC","","PROF","Y","N","FAIR","24","10","3","0","","","","","","","n",""
"514","2006","Fall","MR-4","","","","","","","","","","","","n","2006-10-26 00:00:00","","","Thompson-WC","","PROF","Y","N","FAIR","20","6","1","0","","","","","","","n",""
"515","2006","Fall","MR-5","","","","","","","","","","","","n","2006-10-26 00:00:00","","","Thompson-WC","","PROF","Y","N","FAIR","20","8","2","0","","","","","","","n",""
"516","2006","Fall","MR-6","","","","","","","","","","","","n","2006-10-26 00:00:00","","","Benz-WC","","PROF","Y","N","FAIR","22","8","3","0","","","","","","","n",""
"517","2006","Fall","MR-7","","","","","","","","","","","","n","2006-10-26 00:00:00","","","Mullett-WC","","PROF","Y","N","FAIR","27","10","3","0","","","","","","","n",""
"518","2006","Fall","MR-8","","","","","","","","","","","","n","2006-10-26 00:00:00","","","Best-WC","","PROF","Y","N","FAIR","20","11","3","0","","","","","","","n",""
"521","2006","Fall","LR-3","","","","","","","","","","","","n","2006-11-01 00:00:00","","","Flowers-WC","","PROF","Y","N","FAIR","30","12","3","0","","","","","","","n",""
"522","2006","Fall","LR-4","","","","","","","","","","","","n","2006-11-02 00:00:00","","","Flowers-WC","","PROF","Y","N","FAIR","25","9","2","0","","","","","","","n",""
"523","2006","Fall","MR-11","","","","","","","","","","","","n","2006-11-03 00:00:00","","","Thompson-WC","","PROF","Y","N","FAIR","24","11","2","0","","","","","","","n",""
"88","2002","Fall","John1","","","","","","","","","","","","Y","2002-10-16 00:00:00","","","FOTR","","FOTR","Y","N","GOOD","43","","","","","","","","","","n",""
"89","2002","Fall","John3","","","","","","","","","","","","Y","2002-10-16 00:00:00","","","FOTR","","FOTR","Y","N","GOOD","40","","","","","","","","","","n",""
"143","2003","Spring","Will1","","","","","","","","","","","","Y","2003-04-18 00:00:00","","","FOTR","","FOTR","Y","N","GOOD","25","","","","","","","","","","n",""
"169","2003","Fall","See1","","","","","","","","","","","","Y","2003-10-16 00:00:00","","","FOTR","","FOTR","Y","N","GOOD","36","13","","","","","","","","","n",""
"305","2005","Spring","MR-4","","","","","","","","","","","","n","2005-04-08 00:00:00","","","WC","","PROF","","","GOOD","39","12","2","0","","","","","","","y",""
"311","2005","Spring","John3","","","","","","","","","","","","n","2005-04-10 00:00:00","","","FOTR","","PROF","","","GOOD","34","11","3","0","","","","","","","y",""
"318","2005","Spring","John1","","","","","","","","","","","","n","2005-04-23 00:00:00","","","FOTR","","PROF","","","GOOD","44","20","5","2","","","","","","","y","Date is vol samp date not prof recheck"
"319","2005","Spring","John2","","","","","","","","","","","","n","2005-04-23 00:00:00","","","FOTR","","PROF","","","GOOD","39","16","5","1","","","","","","","y","Date is vol samp date not prof recheck"
"348","2005","Spring","Ing1","","","","","","","","","","","","y","2005-05-18 00:00:00","","","REP","","REP","N","Y","GOOD","45","16","1","0","","","","","","","n",""
"352","2005","Spring","Mid4","","","","","","","","","","","","n","2005-05-18 00:00:00","","","REP","","REP","N","Y","GOOD","33","12","2","0","","","","","","","n",""
"387","2005","Fall","Ing1","","","","","","","","","","","","Y","2005-10-25 00:00:00","","","FOTR","","FOTR","Y","N","GOOD","36","15","","","","","","","","","n",""
"388","2005","Fall","John2","","","","","","","","","","","","Y","2005-10-25 00:00:00","","","FOTR","","FOTR","Y","N","GOOD","35","17","","","","","","","","","n",""
"438","2006","Spring","MR-2","","","","","","","","","","","","y","2006-04-28 00:00:00","","","Thompson-WC","","PROF","Y","N","GOOD","34","10","2","0","","","","","","","n",""
"441","2006","Spring","Fel1","","","","","","","","","","","","n","2006-04-29 00:00:00","","","Pace","","VOL-BN ADD","N","Y","GOOD","36","14","1","1","","","","","","","y",""
"444","2006","Spring","Fowl1","","","","","","","","","","","","n","2006-04-29 00:00:00","","","Flowers","","VOL-BN ADD","N","Y","GOOD","45","18","6","3","","","","","","","y",""
"449","2006","Spring","John3","","","","","","","","","","","","n","2006-04-29 00:00:00","","","Gray","","VOL-BN ADD","N","Y","GOOD","37","12","4","1","","","","","","","y",""
"452","2006","Spring","Low2","","","","","","","","","","","","n","2006-04-29 00:00:00","","","Boley","","VOL-BN ADD","N","Y","GOOD","37","12","3","1","","","","","","","y",""
"457","2006","Spring","Min1","","","","","","","","","","","","n","2006-04-29 00:00:00","","","Mogill","","VOL-BN ADD","N","Y","GOOD","45","19","2","0","","","","","","","y",""
"462","2006","Spring","Ton1/2","","","","","","","","","","","","n","2006-04-29 00:00:00","","","Faber","","VOL-BN ADD","N","Y","GOOD","39","14","2","0","","","","","","","y",""
"470","2006","Spring","Main1","","","","","","","","","","","","y","2006-05-02 00:00:00","","","Suender","","PROF","Y","N","GOOD","40","14","3","0","","","","","","","n",""
"477","2006","Spring","LR-2","","","","","","","","","","","","n","2006-05-04 00:00:00","","","Thompson-WC","","PROF","Y","N","GOOD","37","14","3","0","","","","","","","n",""
"479","2006","Spring","MR-4","","","","","","","","","","","","y","2006-05-10 00:00:00","","","Thompson-WC","","PROF","Y","N","GOOD","41","14","2","0","","","","","","","n",""
"484","2006","Fall","John1","","","","","","","","","","","","n","2006-10-14 00:00:00","","","Corsun","","VOL-BN ADD","N","Y","GOOD","39","19","5","0","","","","","","","y",""
"485","2006","Fall","John2","","","","","","","","","","","","n","2006-10-14 00:00:00","","","Corsun","","VOL-BN ADD","N","Y","GOOD","40","16","4","0","","","","","","","y",""
"488","2006","Fall","Low2","","","","","","","","","","","","n","2006-10-14 00:00:00","","","Nightingale","","VOL-BN ADD","N","Y","GOOD","41","14","2","1","","","","","","","y",""
"490","2006","Fall","Main4","","","","","","","","","","","","n","2006-10-14 00:00:00","","","Johnson","","VOL-BN ADD","N","Y","GOOD","36","14","4","0","","","","","","","y",""
"497","2006","Fall","Ton1","","","","","","","","","","","","n","2006-10-14 00:00:00","","","Faber","","VOL-BN ADD","N","Y","GOOD","37","13","2","0","","","","","","","y",""
"500","2006","Fall","Up2","","","","","","","","","","","","n","2006-10-14 00:00:00","","","Ross","","VOL-BN ADD","N","Y","GOOD","35","10","2","1","","","","","","","y",""
"502","2006","Fall","Fel1","","","","","","","","","","","","n","2006-10-15 00:00:00","","","Flowers","","VOL-BN ADD","N","Y","GOOD","34","10","3","0","","","","","","","n",""
"508","2006","Fall","MR-1","","","","","","","","","","","","n","2006-10-26 00:00:00","","","Best-WC","","PROF","Y","N","GOOD","37","15","3","0","","","","","","","n",""
"520","2006","Fall","Peb1","","","","","","","","","","","","y","2006-10-26 00:00:00","","","Petrella","","FOTR","Y","N","GOOD","48","14","2","1","","","","","","","n",""
"524","2006","Fall","Fel5","","","","","","","","","","","","n","2006-11-06 00:00:00","","","Thompson-WC","","PROF","Y","N","GOOD","40","17","3","0","","","","","","","n",""
"525","2006","Fall","LR-2","","","","","","","","","","","","n","2006-11-06 00:00:00","","","Thompson-WC","","PROF","Y","N","GOOD","40","15","3","0","","","","","","","n",""
"91","2002","Fall","Ton2","","","","","","","","","","","","Y","2002-10-16 00:00:00","","","FOTR","","FOTR","Y","N","POOR","18","","","","","","","","","","n",""
"147","2003","Fall","Fel2","","","","","","","","","","","","Y","2003-10-11 00:00:00","","","null","","VOL-BN ADD","N","Y","POOR","7","4","","","","","","","","","y",""
"249","2004","Fall","Frank1","","","","","","","","","","","","Y","2004-10-16 00:00:00","","","null","","VOL-BN ADD","N","Y","POOR","10","5","","","","","","","","","y",""
"262","2004","Fall","See2","","","","","","","","","","","","Y","2004-10-16 00:00:00","","","null","","VOL-BN ADD","N","Y","POOR","4","2","","","","","","","","","y",""
"265","2004","Fall","Up2","","","","","","","","","","","","Y","2004-10-16 00:00:00","","","null","","VOL-BN ADD","N","Y","POOR","14","6","","","","","","","","","y",""
"301","2005","Spring","MR-1","","","","","","","","","","","","y","2005-04-08 00:00:00","","","WC","","PROF","","","POOR","17","5","2","0","","","","","","","",""
"303","2005","Spring","MR-2","","","","","","","","","","","","n","2005-04-08 00:00:00","","","WC","","PROF","","","POOR","16","7","3","1","","","","","","","y",""
"307","2005","Spring","MR-6","","","","","","","","","","","","n","2005-04-08 00:00:00","","","WC","","PROF","","","POOR","13","5","1","0","","","","","","","y",""
"314","2005","Spring","Fel4","","","","","","","","","","","","Y","2005-04-23 00:00:00","","","null","","VOL-BN ADD","N","Y","POOR","10","4","","","","","","","","","y",""
"315","2005","Spring","Fowl2","","","","","","","","","","","","Y","2005-04-23 00:00:00","","","null","","VOL-BN ADD","N","Y","POOR","17","5","","","","","","","","","y",""
"317","2005","Spring","Ing1","","","","","","","","","","","","y","2005-04-23 00:00:00","","","FOTR","","PROF","","","POOR","18","8","1","0","","","","","","","y","Date is vol samp date not prof recheck"
"320","2005","Spring","John6","","","","","","","","","","","","n","2005-04-23 00:00:00","","","FOTR","","PROF","","","POOR","12","4","2","0","","","","","","","y","Date is vol samp date not prof recheck"
"322","2005","Spring","Main1","","","","","","","","","","","","n","2005-04-23 00:00:00","","","FOTR","","PROF","","","POOR","16","7","1","0","","","","","","","y","Date is vol samp date not prof recheck"
"323","2005","Spring","Main4.5","","","","","","","","","","","","Y","2005-04-23 00:00:00","","","null","","VOL-BN ADD","N","Y","POOR","18","8","","","","","","","","","y","Date is vol samp date not prof recheck"
"333","2005","Spring","Ton2","","","","","","","","","","","","n","2005-04-23 00:00:00","","","FOTR","","PROF","","","POOR","10","5","0","0","","","","","","","y","Date is vol samp date not prof recheck"
"334","2005","Spring","Up1","","","","","","","","","","","","Y","2005-04-23 00:00:00","","","null","","VOL-BN ADD","N","Y","POOR","10","3","","","","","","","","","y",""
"335","2005","Spring","Up2","","","","","","","","","","","","Y","2005-04-23 00:00:00","","","null","","VOL-BN ADD","N","Y","POOR","14","5","","","","","","","","","y",""
"336","2005","Spring","Wall1","","","","","","","","","","","","n","2005-04-23 00:00:00","","","FOTR","","PROF","Y","N","POOR","12","4","2","0","","","","","","","y","Date is vol samp date not prof recheck"
"342","2005","Spring","Fel4","","","","","","","","","","","","y","2005-05-03 00:00:00","","","FOTR","","FOTR","Y","N","POOR","14","6","1","0","","","","","","","n",""
"344","2005","Spring","MR-1","","","","","","","","","","","","y","2005-05-09 00:00:00","","","REP","","REP","N","Y","POOR","18","8","0","0","","","","","","","n",""
"350","2005","Spring","Main15","","","","","","","","","","","","n","2005-05-18 00:00:00","","","REP","","REP","N","Y","POOR","18","6","1","0","","","","","","","n",""
"354","2005","Spring","Nton","","","","","","","","","","","","n","2005-05-18 00:00:00","","","REP","","REP","N","Y","POOR","14","7","0","0","","","","","","","n",""
"358","2005","Spring","Up5","","","","","","","","","","","","n","2005-05-18 00:00:00","","","REP","","REP","N","Y","POOR","16","6","0","0","","","","","","","n",""
"361","2005","Spring","Main13","","","","","","","","","","","","n","2005-05-19 00:00:00","","","REP","","REP","N","Y","POOR","10","6","0","0","","","","","","","n",""
"424","2006","Spring","MR-10","","","","","","","","","","","","n","2006-04-06 00:00:00","","","Best-WC","","PROF","Y","N","POOR","6","4","0","0","","","","","","","n",""
"425","2006","Spring","MR-11","","","","","","","","","","","","n","2006-04-06 00:00:00","","","Flowers-WC","","PROF","Y","N","POOR","8","4","1","0","","","","","","","n",""
"426","2006","Spring","MR-12","","","","","","","","","","","","n","2006-04-06 00:00:00","","","Benz-WC","","PROF","Y","N","POOR","5","3","0","0","","","","","","","n",""
"427","2006","Spring","MR-2","","","","","","","","","","","","y","2006-04-06 00:00:00","","","Benz-WC","","PROF","Y","N","POOR","10","5","2","0","","","","","","","n",""
"429","2006","Spring","MR-4","","","","","","","","","","","","y","2006-04-06 00:00:00","","","Flowers-WC","","PROF","Y","N","POOR","16","5","1","0","","","","","","","n",""
"430","2006","Spring","MR-5","","","","","","","","","","","","n","2006-04-06 00:00:00","","","Thompson-WC","","PROF","Y","N","POOR","5","3","0","0","","","","","","","n",""
"431","2006","Spring","MR-6","","","","","","","","","","","","n","2006-04-06 00:00:00","","","Benz-WC","","PROF","Y","N","POOR","4","2","1","0","","","","","","","n",""
"432","2006","Spring","MR-7","","","","","","","","","","","","n","2006-04-06 00:00:00","","","Best-WC","","PROF","Y","N","POOR","8","4","0","0","","","","","","","n",""
"433","2006","Spring","MR-8","","","","","","","","","","","","n","2006-04-06 00:00:00","","","Flowers-WC","","PROF","Y","N","POOR","5","3","1","0","","","","","","","n",""
"434","2006","Spring","MR-9","","","","","","","","","","","","n","2006-04-06 00:00:00","","","Thompson-WC","","PROF","Y","N","POOR","8","4","1","0","","","","","","","n",""
"440","2006","Spring","Bell3","","","","","","","","","","","","n","2006-04-29 00:00:00","","","Fochler","","VOL-BN ADD","N","Y","POOR","16","6","1","0","","","","","","","y",""
"446","2006","Spring","Ing1","","","","","","","","","","","","n","2006-04-29 00:00:00","","","Sadler","","VOL-BN ADD","N","Y","POOR","18","9","0","0","","","","","","","y",""
"456","2006","Spring","Main6","","","","","","","","","","","","n","2006-04-29 00:00:00","","","Cousin","","VOL-BN ADD","N","Y","POOR","17","8","1","0","","","","","","","y",""
"458","2006","Spring","MR-1","","","","","","","","","","","","y","2006-04-29 00:00:00","","","Sendek","","VOL-BN ADD","N","Y","POOR","19","6","1","0","","","","","","","y",""
"466","2006","Spring","Up2","","","","","","","","","","","","n","2006-04-29 00:00:00","","","Ross","","VOL-BN ADD","N","Y","POOR","17","8","1","0","","","","","","","y",""
"468","2006","Spring","Will1","","","","","","","","","","","","n","2006-04-29 00:00:00","","","Belair","","VOL-BN ADD","N","Y","POOR","11","6","0","0","","","","","","","y",""
"469","2006","Spring","LR-4","","","","","","","","","","","","n","2006-05-02 00:00:00","","","Thompson","","PROF","Y","N","POOR","15","7","1","0","","","","","","","n",""
"481","2006","Fall","Bell1","","","","","","","","","","","","n","2006-10-14 00:00:00","","","Sendek","","VOL-BN ADD","N","Y","POOR","18","7","1","0","","","","","","","y",""
"492","2006","Fall","Main6","","","","","","","","","","","","n","2006-10-14 00:00:00","","","Sadler","","VOL-BN ADD","N","Y","POOR","27","13","2","0","","","","","","","y",""
"494","2006","Fall","See1","","","","","","","","","","","","n","2006-10-14 00:00:00","","","Weis","","VOL-BN ADD","N","Y","POOR","18","8","1","0","","","","","","","y",""
"503","2006","Fall","Fel2","","","","","","","","","","","","Y","2006-10-15 00:00:00","","","null","","VOL-BN ADD","N","Y","POOR","16","9","","","","","","","","","n",""
"509","2006","Fall","MR-10","","","","","","","","","","","","n","2006-10-26 00:00:00","","","Mullett-WC","","PROF","Y","N","POOR","19","7","3","0","","","","","","","n",""
"519","2006","Fall","MR-9","","","","","","","","","","","","n","2006-10-26 00:00:00","","","Benz-WC","","PROF","Y","N","POOR","13","6","3","0","","","","","","","n",""
"","2007","Fall","Wall4","","","","","","","","","","","","","2007-10-13 00:00:00","","","","","","","","","0","0","0","","","","","","","","",""
"","2007","Fall","Mid1","","","","","","","","","","","","","2007-10-13 00:00:00","","","","","","","","","0","0","0","","","","","","","","",""
"","2007","Fall","Mur2","","","","","","","","","","","","","","","","","","","","","","0","0","0","","","","","","","","",""
"","2007","Fall","John7","","","","","","","","","","","","","","","","","","","","","","0","0","0","","","","","","","","",""
"","2007","Fall","Bish2","","","","","","","","","","","","","","","","","","","","","","0","0","0","","","","","","","","",""
