"PrimaryID","MICorpsID","BenTaxaID","Native?","FinalID","Common Name","Present in Rouge","FishBug","Sensitive Family","Sensit Grp","Phylum","Class","Order","Suborder","FAMILY","Genus","Species","ITIS_taxon_author_id","ITIS_usage","DEP_taxa_Code","Wh_Phylogentic_Code","Genus Species","level DEP id's to","lev_catag","DEP_HILS_ID","Dep_FEED_ID","PCORD_Codes_Rev","BentaxaID_autonum","GenDescrip","TaxonomyValid2_05"
"100","","2029","False","Apataniidae","","False","B","False","1","Arthropoda","Insecta","Trichoptera","","Apataniidae","","","84986","valid","","","","Apataniidae","Family","","","Apatanii","1859","","yes"
"101","","435","True","Dolichopodidae","aquatic long-legged fly","True","B","False","3","Arthropoda","Insecta","Diptera","","Dolichopodidae","","","","valid","1121100000","","","Dolichopodidae","Family","4","PR","Dolichof","286","Generally occur in marginal and lentic habitats (Merritt and Cummins, 1996).","yes"
"102","","1593","True","Coenagrionidae","narrow-winged damselfly","True","B","False","2","Arthropoda","Insecta","Odonata","zygoptera","Coenagrionidae","","","","valid","1030800000","","","Coenagrionidae","Family","8","PR","Coenagrf","1438","Occur in a wide range of lotic and lentic habitats (Merritt and Cummins, 1996).","yes"
"103","1 and 9","79","True","Coleoptera","Beetle","True","B","False","1.5","Arthropoda","Insecta","Coleoptera","","","","","","valid","1100000000","","","Coleoptera","Order","","","Coleopte","79","","yes"
"104","","1641","True","Cordulegastridae","biddy","True","B","False","2","Arthropoda","Insecta","Odonata","anisoptera","Cordulegastridae","","","","valid","1030400000","","","Cordulegastridae","Family","3","PR","Cordulef","1486","These burrowing Odonates occur in depositional zones of lotic systems (Merritt and Cummins, 1996).","yes"
"105","","1648","True","Corduliidae","emerald skimmers","True","B","False","2","Arthropoda","Insecta","Odonata","anisoptera","Corduliidae","","","","valid","1030500000","","","Corduliidae","Family","5","PR","Cordulii","1493","Exist in primarily in both depositional zones of small streams and large rivers (Merritt and Cummins, 1996).","yes"
"106","","1342","True","Corixidae","water  boatman","True","B","False","3","Arthropoda","Insecta","Hemiptera","","Corixidae","","","21464","valid","1050900000","","","Corixidae","Family","8","PR","Corixida","1187","These are generally lentic, but do occur in depositional zones og lotic systems (Merritt and Cummins, 1996). Family present in at least 40% of the non-reference quality low gradient sites surveyed to date in PA (McGarrill, personal communication).","yes"
"107","","135","True","Elmidae","riffle beetle adult","True","B","False","2","Arthropoda","Insecta","Coleoptera","","Elmidae","","","27629","valid","1101300000","","","Elmidae","Family","5","CG","Elmidae","135","Elmidae are most often found in lotic systems, but several taxa do occur in lentic systems. Larvae posses gills, and adults plastron, that enable them to remain submerged all the time. They may be the best water quality indicator among the beetles, as they are wholy aquatic, and highly intolerant of certain pollution types (Epler 1996). Elimdae found in at least 50% of reference quality limestone stream samples in PA to date (Botts, personal communication).","yes"
"108","","449","True","Empididae","aquatic dance fly","True","B","False","3","Arthropoda","Insecta","Diptera","","Empididae","","","","valid","1121200000","","","Empididae","Family","6","PR","Empidida","300","Occur in both erosional and depositional areas of streams (Merritt and Cummins, 1996)","yes"
"110","","2083","True","Helicopsychidae","snail-case caddisfly","True","B","False","1","Arthropoda","Insecta","Trichoptera","","Helicopsychidae","","","29582","valid","1081500000","","","Helicopsychidae","Family","3","SC","Helicopf","1913","Normally associated with running water (Wiggins, 1996). Generally in erosional habitats (Merritt and Cummins, 1996).","yes"
"111","22","1336","True","Hemiptera","True Bug","True","B","False","3","Arthropoda","Insecta","Hemiptera","","","","","21823","valid","1050000000","","","Hemiptera","Order","","","Hemipter","1181","","yes"
"112","","1095","True","Heptageniidae","flathead mayfly","True","B","False","1","Arthropoda","Insecta","Ephemeroptera","","Heptageniidae","","","","valid","1020600000","","","Heptageniidae","Family","3","SC","Heptagef","942","Taxon is widely distributed throughout Pennsylvania and a common inhabitant of stream riffles (Hoover 2000). They typically occur in lotic systems, or erosional zones of lentic systems nationwide, and are typically clingers (Merritt and Cummins, 1996).","yes"
"113","","47","False","Lymnaeidae","","False","B","False","","mollusca","Gastropoda","Basommatophora","","Lymnaeidae","","","","valid","8030200000","","","Lymnaeidae","Family","7","SC","Lymnaeid","47","Pulmonate, thus can breathe atmospheric oxygen.","yes"
"1","23","244","True","Diptera","True Fly","True","B","False","2.5","Arthropoda","Insecta","Diptera","","","","","","valid","1120000000","","","Diptera","Order","","","Diptera","244","","yes"
"2","","432","True","Dixidae","dixid midge","True","B","False","3","Arthropoda","Insecta","Diptera","","Dixidae","","","","valid","1120400000","","","Dixidae","Family","1","CG","Dixidae","283","Generally occur in marginal, depositional- lotic, and lentic habitats (Merritt and Cummins, 1996).","yes"
"3","","2061","True","Glossosomatidae","saddle-case maker","True","B","True","1","Arthropoda","Insecta","Trichoptera","","Glossosomatidae","","","77492","valid","1080600000","","","Glossosomatidae","Family","0","SC","Glossosf","1891","Larvae of this family are specialized for feeding on diatoms, green algae and fine organic material on rocks, often exposed (Masteller and Flint, 1991). Typically occur in lotic systems, in erosional zones (Merritt and Cummins, 1996).","yes"
"4","","2076","False","Goeridae","","False","B","False","1","Arthropoda","Insecta","Trichoptera","","Goeridae","","","77456","valid","","","","Goeridae","Family","","","Goeridae","1906","","yes"
"5","","481","False","Psychodidae","","False","B","False","3","Arthropoda","Insecta","Diptera","","Psychodidae","","","","valid","1120600000","","","Psychodidae","Family","10","CG","Psychodi","332","Generally occur in lentic and depositional zones of lotic systems (Merritt and Cummins, 1996).","yes"
"6","","2412","True","Psychomyiidae","net-tube caddis","True","B","True","1","Arthropoda","Insecta","Trichoptera","","Psychomyiidae","","","30258","valid","1080200000","","","Psychomyiidae","Family","2","CG","Psychomf","2241","These typicaly occur in lotic systems, in erosional habitats (Merritt and Cummins, 1996). For the most part, larvae live in cool running waters (Wiggins, 1996). Construct tubes of silk covered with sand and debris on rock and wod substrates in cool runnin","yes"
"7","","1979","False","Pteronarcyidae","","False","B","False","1","Arthropoda","Insecta","Plecoptera","","Pteronarcyidae","","","","valid","1040100000","","","Pteronarcyidae","Family","0","SH","Pteronaf","1809","Taxon typically occurs in small forested streams and rivers in Pennsylvania (Earle, personal communication). They are typically found in lotic systems, in both erosional and depositional zones (Merritt and Cummins, 1996).","yes"
"8","6","1798","True","Plecoptera","Stonefly","True","B","False","1","Arthropoda","Insecta","Plecoptera","","","","","","valid","1040000000","","","Plecoptera","Order","","PR","Plecopte","1643","","yes"
"9","","1374","True","Pleidae","pigmy back-swimmer","True","B","False","3","Arthropoda","Insecta","Hemiptera","","Pleidae","","","16153","valid","1050700000","","","Pleidae","Family","8","PR","Pleidae","1219","","yes"
"10","","2377","True","Polycentropodidae","spotted head","True","B","False","1","Arthropoda","Insecta","Trichoptera","","Polycentropodidae","","","77456","valid","1080300000","","","Polycentropodidae","Family","6","FC","Polycenf","2206","Polycentropodidae are known to inhabit medium size streams and larger rivers in Pennsylvania (Masteller and Flint, 1991). Typically occur in lotic systems, in erosional zones (Merritt and Cummins, 1996).","yes"
"11","","1277","False","Polymitarcyidae","pale burrowers","False","B","True","1","Arthropoda","Insecta","Ephemeroptera","","Polymitarcyidae","","","","valid","1021500000","","","Polymitarcyidae","Family","2","CG","Polymita","1122","Large river taxon? Occur in both erosional and depositional zones of lotic systems (Merritt and Cummins, 1996).","yes"
"12","","3000","True","Porifera","Freshwater Sponge","True","B","False","","Porifera","","","","","","","100884","valid","","363","","","Phyllum","","","Porifera","2826","","yes"
"13","","1284","False","Potamanthidae","hacklegill","False","B","False","1","Arthropoda","Insecta","Ephemeroptera","","Potamanthidae","","","","valid","1021300000","","","Potamanthidae","Family","4","CG","Potamant","1129","These occur in rivers and medium size streams. Larvae do not burrow, but sprawl of rocks and woody debris (Hoover, 2000). Live in depositional areas (Merritt and Cummins, 1996).","yes"
"14","","1291","False","Pseudironidae","","False","B","False","1","Arthropoda","Insecta","Ephemeroptera","","Pseudironidae","","","","valid","","","","","family","","","Pseudirf","1136","","yes"
"15","","2418","True","Rhyacophilidae","free-living caddisfly","True","B","True","1","Arthropoda","Insecta","Trichoptera","","Rhyacophilidae","","","28399","valid","1080500000","","","Rhyacophilidae","Family","1","SC","Rhyacopf","2247","This family occurs almost exclusively in cool, lotic waters (Wiggins 2000). Family present in at least 40% of the reference quality low gradient sites surveyed to date in PA (McGarrill, personal communication). Typically occur in lotic systems, in erosional zones (Merritt and Cummins, 1996).","yes"
"16","","1986","True","Taeniopterygidae","broadback stonefly","True","B","True","1","Arthropoda","Insecta","Plecoptera","","Taeniopterygidae","","","","valid","1040300000","","","Taeniopterygidae","Family","2","SH","Taeniopf","1816","Taxon is ubiquitous in PA, occurring in all sizes of creeks and rivers (Earle, personal communication). They are typically found in lotic systems, in erosional zones and along margins of depositional zones (Merritt and Cummins, 1996).","yes"
"17","","1479","True","Megaloptera","dobsonflies","True","B","False","1.5","Arthropoda","Insecta","Megaloptera","","","","","","valid","1060000000","","","Megaloptera","Order","8","PR","Megalopt","1324","","yes"
"18","","1362","True","Mesoveliidae","water treaders","True","B","False","3","Arthropoda","Insecta","Hemiptera","","Mesoveliidae","","","15153","valid","1051100000","","","Mesoveliidae","Family","9","PR","Mesovelf","1207","","yes"
"19","","1255","False","Metretopodidae","cleft minnow mayfly","False","B","True","1","Arthropoda","Insecta","Ephemeroptera","","Metretopodidae","","","","valid","1020300000","","","Metretopodidae","Family","2","CG","Metretop","1100","","yes"
"20","","1219","True","Leptophlebiidae","pronggill","True","B","True","1","Arthropoda","Insecta","Ephemeroptera","","Leptophlebiidae","","","","valid","1021200000","","","Leptophlebiidae","Family","4","CG","Leptophf","1064","Represented by 1 genus in PA, Tricorythodes. Taxon typically occurs in erosional areas of streams, has variable water quality needs and is widely distributed in Pennsylvania (Merritt and Cummins 1996, Hoover 2000).","yes"
"21","","1734","True","Libellulidae","common skimmer","True","B","False","2","Arthropoda","Insecta","Odonata","anisoptera","Libellulidae","","","","valid","1030600000","","","Libellulidae","Family","9","PR","Libelluf","1579","These are primarily lentic (Merritt and Cummins, 1996).","yes"
"22","","2288","True","Limnephilidae","northern caddisfly","True","B","False","1","Arthropoda","Insecta","Trichoptera","","Limnephilidae","","","20806","valid","1081000000","","","Limnephilidae","Family","4","SH","Limnephf","2117","Taxon is common in higher latitudes and elevations but wide ranging in habitat (Wiggins 2000). Family present in at least 40% of the reference quality low gradient sites surveyed to date in PA (McGarrill, personal communication). Limnephilidae occur in all types of lotic and lentic habitats (Merritt and Cummins, 1996).","yes"
"23","","2337","True","Molannidae","hoodcase maker","True","B","False","1","Arthropoda","Insecta","Trichoptera","","Molannidae","","","77492","valid","1081400000","","","Molannidae","Family","6","SC","Molannid","2166","Most larvae live in lakes, ponds slower areas of rivers, but 1 species does live in cold springs. They live on mud and sand substrates (Wiggins, 1996). Merritt and Cummins note that they mostly occur in lentic systems, and when in lotic systems, occur in ","yes"
"24","17","6","True","Oligochaeta","Aquatic Worm","True","B","False","3","Annelida","Oligochaeta","","","","","","","valid","11000000000","","","Oligochaeta","Class","10","CG","Oligocha","6","","yes"
"25","","1272","False","Oligoneuriidae","brush-legged mayfly","False","B","True","1","Arthropoda","Insecta","Ephemeroptera","","Oligoneuriidae","","","","valid","","","","","family","","","Oligoneu","1117","","yes"
"26","","467","True","Muscidae","stable flies","True","B","False","3","Arthropoda","Insecta","Diptera","","Muscidae","","","","valid","1121500000","","","Muscidae","Family","6","PR","Muscidae","318","","yes"
"27","","1364","True","Naucoridae","creeping water bugs","True","B","False","3","Arthropoda","Insecta","Hemiptera","","Naucoridae","","","21476","valid","1050800000","","","Naucoridae","Family","8","PR","Naucorid","1209","","yes"
"28","","1864","True","Nemouridae","nemourid broadback","True","B","True","1","Arthropoda","Insecta","Plecoptera","","Nemouridae","","","","valid","1040400000","","","Nemouridae","Family","2","SH","Nemourid","1703","Taxon is usually found in small to medium size streams in the state (Earle, personal communication). Nemouridae are generally found in lotic systems, in both erosional and depositional zones (Merritt and Cummins, 1996).","yes"
"29","","1266","False","Neoephemeridae","","False","B","False","1","Arthropoda","Insecta","Ephemeroptera","","Neoephemeridae","","","","valid","1020900000","","","Neoephemeridae","Family","3","CG","Neoephef","1111","In PA, there is only 1 known species of this taxon, which is only known to occur in Somerset Co. (Hoover, 2000). Generally occur in lotic depositional areas (Merritt and Cummins, 1996).","yes"
"30","","1366","True","Nepidae","water scorpion","True","B","False","3","Arthropoda","Insecta","Hemiptera","","Nepidae","","","21347","valid","1050600000","","","Nepidae","Family","8","PR","Nepidae","1211","","yes"
"32","","182","True","Noteridae","burrowing water beetle","True","B","False","2","Arthropoda","Insecta","Coleoptera","","Noteridae","","","25912","valid","1100400000","","","Noteridae","Family","5","PR","Noterida","182","","yes"
"33","","1369","True","Notonectidae","back-swimmer","True","B","False","3","Arthropoda","Insecta","Hemiptera","","Notonectidae","","","21347","valid","1051000000","","","Notonectidae","Family","8","PR","Notonecf","1214","","yes"
"34","","474","False","Nymphomyiidae","","False","B","False","3","Arthropoda","Insecta","Diptera","","Nymphomyiidae","","","","valid","1120500000","","","Nymphomyiidae","Family","6","SC","Nymphomf","325","","yes"
"35","","1372","False","Ochteridae","","False","B","False","3","Arthropoda","Insecta","Hemiptera","","Ochteridae","","","20552","valid","1051500000","","","Ochteridae","Family","8","PR","Ochterid","1217","","yes"
"36","","1556","True","Odonata","Dragon and damsel flies","True","B","False","2","Arthropoda","Insecta","Odonata","","","","","15930","valid","1030000000","","","Odonata","Order","","PR","Odonata","1401","","yes"
"37","","2343","True","Odontoceridae","strong-case maker","True","B","True","1","Arthropoda","Insecta","Trichoptera","","Odontoceridae","","","77492","valid","1081800000","","","Odontoceridae","Family","0","SH","Odontoce","2172","Odontoceridae are generally lotic, and occur within both erosional and depositional areas of these systems (Merritt and Cummins, 1996). In North America, these taxa typically burrow in the gravel, sand and silt deposits of running waters, and are not usua","yes"
"38","","476","False","Pelecorhynchidae","","False","B","False","3","Arthropoda","Insecta","Diptera","","Pelecorhynchidae","","","","valid","1121000000","","","Pelecorhynchidae","Family","5","PR","Pelecorh","327","","yes"
"39","","1891","False","Peltoperlidae","","False","B","False","1","Arthropoda","Insecta","Plecoptera","","Peltoperlidae","","","","valid","1040200000","","","Peltoperlidae","Family","2","SH","Peltopef","1727","This taxon only occurs in creeks that occur in highly forested areas (Earle, personal communication). Peltoperlidae are generally found in lotic systems, in both erosional and depositional zones (Merritt and Cummins, 1996).","yes"
"40","","2359","True","Phryganeidae","giant case maker","True","B","False","1","Arthropoda","Insecta","Trichoptera","","Phryganeidae","","","21464","valid","1080800000","","","Phryganeidae","Family","4","SH","Phryganf","2188","Larvae live in a wide range of habitats, from springs, marshes, lakes to temporary pools (Wiggins, 1996).  Typically live in depositional areas of lotic systems (Merritt and Cummins, 1996).","yes"
"41","","548","True","Stratiomyidae","soldier fly","True","B","False","3","Arthropoda","Insecta","Diptera","","Stratiomyidae","","","21347","valid","1121300000","","","Stratiomyidae","Family","8","CG","Stratiof","398","","yes"
"42","","","False","Bryozoa","Moss animal","False","B","False","","Bryozoa","","","","","","","","","","","","","Phylum","","","","","",""
"43","","107","True","Dytiscidae","predacious diving beetle ","True","B","False","2","Arthropoda","Insecta","Coleoptera","","Dytiscidae","","","","valid","1100300000","","","Dytiscidae","Family","5","PR","Dytiscid","107","Has relatively ubiquitous habitat requirements (Epler 1996). Family present in at least 40% of the non-reference quality low gradient sites surveyed to date in PA (McGarrill, personal communication).","yes"
"44","","135","True","Elmidae","riffle beetle larvae","True","B","False","2","Arthropoda","Insecta","Coleoptera","","Elmidae","","","27629","valid","1101300000","","","Elmidae","Family","5","CG","Elmidae","135","Elmidae are most often found in lotic systems, but several taxa do occur in lentic systems. Larvae posses gills, and adults plastron, that enable them to remain submerged all the time. They may be the best water quality indicator among the beetles, as they are wholy aquatic, and highly intolerant of certain pollution types (Epler 1996). Elimdae found in at least 50% of reference quality limestone stream samples in PA to date (Botts, personal communication).","yes"
"45","","","False","Corbicula fluminea","Asian clam","True","B","False","","Mollusca","Bivalvia","Veneroida","","Corbiculidae","Corbicula","fluminea","","","","","","","Species","","","","","",""
"46","16","1485","True","Sialidae","alderfly","True","B","False","2","Arthropoda","Insecta","Megaloptera","","Sialidae","","","","valid","1060100000","","","Sialidae","Family","6","PR","Sialidae","1330","Family present in at least 40% of the non-reference quality low gradient sites surveyed to date in PA (McGarrill, personal communication). Sialidae occur in varied habitats ranging from erosional zone sof lotic systems to lentic systems.  They are burrowers, clingers and climbers (Merritt and Cummins, 1996).","yes"
"47","","579","False","Tanyderidae","","False","B","False","3","Arthropoda","Insecta","Diptera","","Tanyderidae","","","","valid","1120800000","","","Tanyderidae","Family","6","CG","Tanyderi","429","","yes"
"48","11","583","True","Tipulidae","cranefly","True","B","False","2","Arthropoda","Insecta","Diptera","","Tipulidae","","","","valid","1121900000","","","Tipulidae","Family","4","SH","Tipulida","433","Tipulidae larvae are also ubiquitous and varied in habitat requirements (Young and Gelhaus 2000). They are generally lentic, but some do occur in both erosional and depositional zones of lotic systems. They are generally burrowers (Merritt and Cummins, 1996).","yes"
"49","2","2028","True","Trichoptera","Caddisfly","True","B","False","1.5","Arthropoda","Insecta","Trichoptera","","","","","","valid","1080000000","","","Trichoptera","Order","","","Trichopt","1858","","yes"
"50","","12","True","Turbellaria","flatworm","True","B","False","","Platyhelminthes","Turbellaria","","","","","","","valid","4000000000","","","Turbellaria","Class","9","PR","Turbella","12","","yes"
"51","","2442","True","Uenoidae","stonecase caddisfly","True","B","False","1","Arthropoda","Insecta","Trichoptera","","Uenoidae","","","77455","valid","1081100000","","","Uenoidae","Family","3","SC","Uenoidae","2271","Neophylax, the only genus of this family that occurs in PA, often occurs in relatively slow and warm water (Wiggins 2000).  Neophylax typically occur in lotic systems, in erosional zones (Merritt and Cummins, 1996).","yes"
"52","8","245","True","Athericidae","watersnipe fly","True","B","True","1","Arthropoda","Insecta","Diptera","","Athericidae","","","","valid","1120900000","","","Athericidae","Family","2","PR","Atherici","245","Athericidae occur most commonly in lotic systems, in both erosional and depositional zones. They are sprawlers and burrowners (Merritt and Cummins, 1996).","yes"
"53","","870","True","Baetidae","small minnow mayfly","True","B","False","1","Arthropoda","Insecta","Ephemeroptera","","Baetidae","","","","valid","1020400000","","","Baetidae","Family","6","CG","Baetidae","720","Are diverse and widely distributed in Pennsylvania (Hoover 2000). Baetis found in at least 50% of reference and non-reference quality limestone stream samples in PA to date (Botts, personal communication). They are most commonly found in lotic habitats, in both erosional and depositional zones (Merritt and Cummins, 1996).They are swimmers and clingers (Merritt and Cummins, 1996).","yes"
"54","","1340","False","Ceratocombidae","","False","B","False","3","Arthropoda","Insecta","Hemiptera","","Ceratocombidae","","","16156","valid","1050300000","","","Ceratocombidae","Family","9","PR","Ceratocf","1185","","yes"
"55","","249","True","Ceratopogonidae","no-see-um","True","B","False","3","Arthropoda","Insecta","Diptera","","Ceratopogonidae","","","","valid","1120200000","","","Ceratopogonidae","Family","6","PR","Ceratopf","249","Generally occur in lentic and depositional zones of lotic systems (Merritt and Cummins, 1996). Family present in at least 40% all low gradient survey sites studied to date in PA (McGarrill, personal communication).","yes"
"56","","977","True","Baetiscidae","armored mayfly","True","B","False","1","Arthropoda","Insecta","Ephemeroptera","","Baetiscidae","","","","valid","1021100000","","","Baetiscidae","Family","3","CG","Baetisci","825","1 genus occurs in PA. More common in northern and western streams and rivers of PA. The larvae inhabit sand and gravel areas of streams and rivers (Hoover, 2000). Occur in lotic depositional areas in sand, with detritus (Merritt and Cummins, 1996).","yes"
"162","","","True","Dorosoma cepedianum","Gizzard Shad","True","F","False","","Chordata","Actinopterygii","Clupeiformes","","Clupeidae","Dorosoma","cepedianum","","","","","","","Species","","","","","",""
"58","","982","False","Behningiidae","","False","B","False","1","Arthropoda","Insecta","Ephemeroptera","","Behningiidae","","","","valid","","","","","family","","","Behningi","830","","yes"
"59","","1337","True","Belostomatidae","giant water bug","True","B","False","3","Arthropoda","Insecta","Hemiptera","","Belostomatidae","","","21464","valid","1050500000","","","Belostomatidae","Family","9","PR","Belostof","1182","","yes"
"60","","2034","False","Beraeidae","","False","B","False","1","Arthropoda","Insecta","Trichoptera","","Beraeidae","","","77492","valid","1081200000","","","Beraeidae","Family","3","SC","Beraeida","1864","","yes"
"62","","247","False","Blephariceridae","","False","B","False","3","Arthropoda","Insecta","Diptera","","Blephariceridae","","","","valid","1120100000","","","Blephariceridae","Family","0","SC","Blepharf","247","Dependant on the rushing water of streams or spray of waterfalls, their distribution is limited to hilly or mountainous regions (Johannsen, 1934).","yes"
"63","","2038","True","Brachycentridae","humpless case maker","True","B","True","1","Arthropoda","Insecta","Trichoptera","","Brachycentridae","","","77456","valid","1080900000","","","Brachycentridae","Family","1","FC","Brachycf","1868","Taxon occurs in running waters from cold mountain springs to slow flowing channels of marshy rivers (Masteller and Flint, 1991). Typically occur in lotic systems, in erosional zones (Merritt and Cummins, 1996).","yes"
"64","","985","True","Caenidae","square gill mayfly","True","B","False","1","Arthropoda","Insecta","Ephemeroptera","","Caenidae","","","","valid","1021000000","","","Caenidae","Family","7","CG","Caenidae","833","These are commonly found in silt, especially in lakes and ponds (Hoover, 2000). Occur in lotic depositional areas (Merritt and Cummins, 1996).","yes"
"65","","2054","False","Calamoceratidae","","False","B","False","1","Arthropoda","Insecta","Trichoptera","","Calamoceratidae","","","29581","valid","1081600000","","","Calamoceratidae","Family","5","SH","Calamoce","1884","","yes"
"66","","1582","True","Calopterygidae","broad-winged damselfly","True","B","False","2","Arthropoda","Insecta","Odonata","zygoptera","Calopterygidae","","","","valid","1030700000","","","Calopterygidae","Family","5","PR","Caloptef","1427","These are generally lotic, occurring in erosional (margins and detritus) and depositional (detritus) zones (Merritt and Cummins, 1996).","yes"
"67","","1799","True","Capniidae","slender winter stonefly","True","B","True","1","Arthropoda","Insecta","Plecoptera","","Capniidae","","","","valid","1040600000","","","Capniidae","Family","3","SH","Capniida","1644","Taxon is ubiquitous in PA, occurring in all sizes of creeks, rivers & seeps (Earle, personal communication). Capniidae are generally found in lotic systems, in both erosional and depositional zones (Merritt and Cummins, 1996).","yes"
"68","","269","True","Chaoboridae","","True","B","False","3","Arthropoda","Insecta","Diptera","","Chaoboridae","","","","valid","1120300000","","","Chaoboridae","Family","8","PR","Chaobori","269","","yes"
"69","","1677","True","Gomphidae","clubtail","True","B","True","2","Arthropoda","Insecta","Odonata","anisoptera","Gomphidae","","","","valid","1030200000","","","Gomphidae","Family","4","PR","Gomphida","1522","Gomphidae are generally lotic, depositional, and are primarily burrowers (Merritt and Cummins, 1996).","yes"
"70","3","1480","True","Corydalidae","hellgrammite","True","B","True","1","Arthropoda","Insecta","Megaloptera","","Corydalidae","","","","valid","1060200000","","","Corydalidae","Family","3","PR","Corydali","1325","Corydalidae typically occur in erosional zones of lotic systems. They are clingers and climbers (Merritt and Cummins, 1996).","yes"
"72","","421","True","Culicidae","mosquito","True","B","False","3","Arthropoda","Insecta","Diptera","","Culicidae","","","","valid","1122000000","","","Culicidae","Family","8","FC","Culicida","272","","yes"
"73","","87","True","Curculionidae","weevil","True","B","False","2","Arthropoda","Insecta","Coleoptera","","Curculionidae","","","21347","valid","1101700000","","","Curculionidae","Family","6","SH","Curculio","87","","yes"
"74","","2501","False","Dreissenidae","Zebra Mussel","True","B","False","","mollusca","Bivalvia","Veneroida","","Dreissenidae","","","17484","valid","9020300000","","","Dreissenidae","Family","5","FC","Dreissef","2330","","yes"
"75","","104","True","Dryopidae","long-toed water beetle","True","B","False","2","Arthropoda","Insecta","Coleoptera","","Dryopidae","","","15756","valid","1101100000","","","Dryopidae","Family","5","SC","Dryopida","104","Live in only in fast flowing streams (Peckarsky et al., 1990). Larvae are terrestrial burrowers? (Merritt and Cummins, 1996). Adults are generally lentic, but do live in lotic systems, in erosional zones (Merritt and Cummins, 1996). Adults use plastron re","yes"
"76","","1350","True","Gerridae","water strider","True","B","False","3","Arthropoda","Insecta","Hemiptera","","Gerridae","","","21464","valid","1050400000","","","Gerridae","Family","9","PR","Gerridae","1195","","yes"
"77","","107","True","Dytiscidae","predacious diving beetle","True","B","False","2","Arthropoda","Insecta","Coleoptera","","Dytiscidae","","","","valid","1100300000","","","Dytiscidae","Family","5","PR","Dytiscid","107","Has relatively ubiquitous habitat requirements (Epler 1996). Family present in at least 40% of the non-reference quality low gradient sites surveyed to date in PA (McGarrill, personal communication).","yes"
"78","","1007","True","Ephemerellidae","common burrower","True","B","True","1","Arthropoda","Insecta","Ephemeroptera","","Ephemerellidae","","","","valid","1020800000","","","Ephemerellidae","Family","2","CG","Ephemerf","854","Are diverse and widely distributed in Pennsylvania. Are widely distributed in clean, lotic habitats, but some occur at the bottom of lakes, and in stagnant pools (Hoover 2000). Ephemerella found in at least 50% of reference quality limestone stream samples in PA to date (Botts, personal communication). They are typically found in erosional zones of lotic systems, nationwide. Ephemerellidae are typically clingers, but some are sprawlers and swimmers (Merritt and Cummins, 1996).","yes"
"79","","1077","False","Ephemeridae","commom burrower","False","B","False","1","Arthropoda","Insecta","Ephemeroptera","","Ephemeridae","","","","valid","1021400000","","","Ephemeridae","Family","4","CG","Ephemeri","924","Common burrowers represented by 4 genera in PA. The taxon burrows in silt, and substrates that contain silt, sand, and gravel. Occur in lentic or lotic depositional habitats (Hoover, 2000).","yes"
"80","4","850","True","Ephemeroptera","mayfly","True","B","False","1","Arthropoda","Insecta","Ephemeroptera","","","","","","valid","1020000000","","","Ephemeroptera","Order","","","Ephemero","700","","yes"
"81","","150","True","Haliplidae","crawling beetle","True","B","False","2","Arthropoda","Insecta","Coleoptera","","Haliplidae","","","21347","valid","1100200000","","","Haliplidae","Family","5","SH","Haliplid","150","Poor swimmers. Hind coxae store air for breathing and hydrostatic purposes. Found in the slower portions of streams and rivers (Epler, 1996; Peckarsky et al., 1990).","yes"
"82","","1358","True","Hebridae","velvet water bug","True","B","False","3","Arthropoda","Insecta","Hemiptera","","Hebridae","","","10608","valid","1051200000","","","Hebridae","Family","8","PR","Hebridae","1203","","yes"
"83","","463","True","Ephydridae","shore, brine fly","True","B","False","3","Arthropoda","Insecta","Diptera","","Ephydridae","","","","valid","1121410000","","","Ephydridae","Family","6","PI","Ephydrid","314","","yes"
"84","","156","False","Hydraenidae","","False","B","False","2","Arthropoda","Insecta","Coleoptera","","Hydraenidae","","","","valid","1100900000","","","Hydraenidae","Family","6","CG","Hydraeni","156","","yes"
"85","","2214","True","Lepidostomatidae","little brown sedge","True","B","True","1","Arthropoda","Insecta","Trichoptera","","Lepidostomatidae","","","77456","valid","1080910000","","","Lepidostomatidae","Family","1","SH","Lepidosf","2043","These taxa are generally lotic, occuring in both erosional and depositional habitats (Merritt and Cummins, 1996). Most larvae occur in small cold streams. In larger rivers they tend to frequent sections of slower current, and sometimes occur in the littor","yes"
"86","","2233","True","Leptoceridae","long-horned case maker","True","B","False","1","Arthropoda","Insecta","Trichoptera","","Leptoceridae","","","84975","valid","1081700000","","","Leptoceridae","Family","4","PR","Leptocef","2062","Occur in all types of lotic and lentic habitats (Merritt and Cummins, 1996). Live in most types of warmer permanent water systems in North America (Wiggins, 1996). Most larvae appear to occur in slower waters in PA (Masteller and Flint, 1991).","yes"
"87","","1205","False","Leptohyphidae","little stout crawlers","False","B","False","1","Arthropoda","Insecta","Ephemeroptera","","Leptohyphidae","","","","valid","","","","","family","","","Leptohyf","1052","","yes"
"88","","180","False","Lutrochidae","","False","B","False","2","Arthropoda","Insecta","Coleoptera","","Lutrochidae","","","","","1101500000","","","Lutrochidae","Family","6","UK","Lutrochi","180","","yes"
"89","","851","False","Acanthametropodidae","","False","B","False","1","Arthropoda","Insecta","Ephemeroptera","","Acanthametropodidae","","","","valid","","","","","family","","","Acanthaf","701","","yes"
"90","","4","True","Unionidae","freshwater mussel","True","B","False","2","mollusca","Bivalvia","Unionoida","","Unionidae","","","21823","valid","9000000000","","Bivalvia","","Class","","","Bivalvia","4","","yes"
"92","5 or 20","1","True","Gastropoda","Snail","True","B","False","3","Mollusca","Gastropoda","","","","","","14326","valid","8000000000","","","Gastropoda","Class","","","Gastropo","1","","yes"
"93","","1348","False","Gelastocoridae","","False","B","False","3","Arthropoda","Insecta","Hemiptera","","Gelastocoridae","","","20544","valid","1051400000","","","Gelastocoridae","Family","8","PR","Gelastof","1193","","yes"
"94","","1938","True","Perlodidae","perlodidae stonefly","True","B","True","1","Arthropoda","Insecta","Plecoptera","","Perlodidae","","","","valid","1040800000","","","Perlodidae","Family","2","PR","Perlodid","1772","Perlodidae are typically found in small, colder streams in Pennsylvania (Earle, personal communication). Perlodidae are typically found in lotic systems, and erosional zones of lentic systems (Merritt and Cummins, 1996).","yes"
"95","","1795","False","Petaluridae","","False","B","False","2","Arthropoda","Insecta","Odonata","anisoptera","Petaluridae","","","","valid","1030100000","","","Petaluridae","Family","5","PR","Petaluri","1640","","yes"
"96","","42","True","Ancylidae","limpet","True","B","False","3","mollusca","Gastropoda","Basommatophora","","Ancylidae","","","","valid","8030500000","","","Ancylidae","Family","7","SC","Ancylida","42","Limpets. Pulmonate, thus can breathe atmospheric oxygen. Ferrissia rivularis, in my experience, lives in a lot of streams and tolerates conditions others can't hack.  Diatom feeder.  Excellent upstream colonist.  F. rivularis is in a close tie w/ Physella","yes"
"97","","867","False","Arthropleidae","","False","B","False","1","Arthropoda","Insecta","Ephemeroptera","","Arthropleidae","","","","valid","1020700000","","","Arthropleidae","Family","3","SC","Arthropf","717","","yes"
"98","","40","False","Acroloxidae","","False","B","False","","mollusca","Gastropoda","Basommatophora","","Acroloxidae","","","","valid","8030100000","","","Pleuroceridae","Family","7","SC","Acroloxi","40","","yes"
"99","","1557","True","Aeshnidae","darner dragonfly nymph","True","B","False","2","Arthropoda","Insecta","Odonata","anisoptera","Aeshnidae","","","","valid","1030300000","","","Aeshnidae","Family","3","PR","Aeshnida","1402","Aeshnidae are primarily lentic, occurring most commonly in littoral habitats. Several taxa do occur in erosional zones of lotic systems however, associated with detritus and in sediments under rocks. They are primarily climbers (Merritt and Cummins, 1996).","yes"
"114","","2842","False","Macroveliidae","","False","B","False","3","Arthropoda","Insecta","Hemiptera","","Macrovellidae","","","22913","valid","","","","","Family","","","Macrovel","2668","","yes"
"115","","1897","True","Perlidae","perlid stonefly","True","B","True","1","Arthropoda","Insecta","Plecoptera","","Perlidae","","","","valid","1040700000","","","Perlidae","Family","3","PR","Perlidae","1732","Taxon that achieves its highest diversity in medium to large warm streams in the state (Earle, personal communication). Often associated with larger stream systems than other stoneflies (Earle personal communication). Perlidae are typically found in lotic systems, and erosional zones of lentic systems (Merritt and Cummins, 1996).","yes"
"116","","1294","True","Siphloneuridae","primitive minnow mayfly","True","B","False","1","Arthropoda","Insecta","Ephemeroptera","","Siphlonuridae","","","","valid","1020200000","","","Siphlonuridae","Family","7","CG","Siphlonf","1139","Generally lentic (Merritt and Cummins, 1996). Occur in floodplain pools in PA (Hoover, 2000).","yes"
"117","","192","False","Ptilodactylidae","","False","B","False","2","Arthropoda","Insecta","Coleoptera","","Ptilodactylidae","","","","valid","1101400000","","","Ptilodactylidae","Family","5","SH","Ptilodac","192","Adults are not aquatic. Larvae feed on rotting wood in streams (Epler, 1996). Often found in mud or sand along riparian zone (Peckarsky et al., 1990). Are generally lotic, and live in erosional and depositional zones (Merritt and Cummins, 1996). Family pr","yes"
"118","","487","True","Ptychopteridae","phantom crane fly","True","B","False","3","Arthropoda","Insecta","Diptera","","Ptychopteridae","","","","valid","1120700000","","","Ptychopteridae","Family","8","CG","Ptychopf","338","","yes"
"119","","3045","False","Pulmonata","Pulmonate Snail","False","B","False","3","Mollusca","Gastropoda","","","","","","","","","","","","subclass","","","Pulmonat","2871","","yes"
"120","","58","True","Physidae","pouch snail","True","B","False","3","mollusca","Gastropoda","Basommatophora","","Physidae","","","","valid","8030300000","","","Physidae","Family","8","SC","Physidae","58","Taxon is not a riffle taxon persay, typically on the edge of flow (amphibious), common in slow runs, pools, grazing on mud or allocthynous stuff.  Physella acuta could be the most snail in the state.  Excellent colonist, tough as nails.  They have a thermal tolerance up to like 130 degrees or something!  1 spp. that hasn't been found yet is really globally rare, only lives in seasonal pools and occasionally lakes (Physa vernalis) (Evans, personal communication). Physidae found in at least 50% of reference quality limestone stream samples in PA to date (Botts, personal communication).","yes"
"121","","1376","False","Saldidae","","False","B","False","3","Arthropoda","Insecta","Hemiptera","","Saldidae","","","10608","valid","1051300000","","","Saldidae","Family","8","PR","Saldidae","1221","","yes"
"122","","491","False","Scathophagidae","","False","B","False","3","Arthropoda","Insecta","Diptera","","Scathophagidae","","","","","1121700000","","","Scathophagidae","Family","6","SH","Scathoph","342","","yes"
"123","","3071","True","Sciomyzidae","marsh fly","True","B","False","3","ARTHROPODA","INSECTA","DIPTERA","","Sciomyzidae","","","","valid","","3370513067","","","family","","","Sciomyzi","2897","","yes"
"124","","854","False","Ameletidae","","False","B","False","1","Arthropoda","Insecta","Ephemeroptera","","Ameletidae","","","","valid","1020100000","","","Ameletidae","Family","0","CG","Ameletid","704","Ameletidae is common in first- and second-order streams and often associated with submerged vegetation in Pennsylvania (Hoover 2000). They are most commonly found in lotic habitats, in both erosional and depositional zones. They are swimmers and clingers (Merritt and Cummins, 1996).","yes"
"125","","864","False","Ametropodidae","","False","B","False","1","Arthropoda","Insecta","Ephemeroptera","","Ametropodidae","","","","valid","","","","","family","","","Ametropo","714","","yes"
"126","15","13","True","Amphipoda","scud","True","B","False","2","Arthropoda","Crustacea","Amphipoda","","","","","81857","valid","13030000000","","","Amphipoda","Order","6","CG","Amphipod","13","Amphipoda are common in unpolluted streams, springs, and subterranean waters, although habitat requirements do vary with different species.  They are primarily restricted to the littoral benthos, and are general scavengers (Peckarsky et al. 1990). Amphipods are generally cold stenotherms, and require high levels of dissolved oxygen to survive (Pennak 1978). Gammarus found in at least 50% of reference and non-reference quality limestone stream samples in PA to date (Botts, personal communication).","yes"
"129","","194","True","Scirtidae","marsh beetle","True","B","False","2","Arthropoda","Insecta","Coleoptera","","Scirtidae","","","","","1101200000","","","Scirtidae","Family","8","SC","Scirtida","194","","yes"
"130","","2439","False","Sericostomatidae","","False","B","False","1","Arthropoda","Insecta","Trichoptera","","Sericostomatidae","","","28399","valid","1081300000","","","Sericostomatidae","Family","3","SH","Sericost","2268","","yes"
"131","","1381","True","Veliidae","short-legged strider","True","B","False","3","Arthropoda","Insecta","Hemiptera","","Veliidae","","","10608","valid","1050200000","","","Veliidae","Family","8","PR","Veliidae","1226","Veliidae typically occur on the surface of lentic systems, but do also occur on stream surfaces as well (Merritt and Cummins, 1996).","yes"
"132","","558","True","Syrphidae","flower fly","True","B","False","3","Arthropoda","Insecta","Diptera","","Syrphidae","","","","valid","1121800000","","","Syrphidae","Family","10","CG","Syrphida","408","","yes"
"133","","571","True","Tabanidae","horse fly","True","B","False","3","Arthropoda","Insecta","Diptera","","Tabanidae","","","","valid","1121400000","","","Tabanidae","Family","6","PI","Tabanida","421","Family present in at least 40% of the low gradient sites surveyed to date in PA (McGarrill, personal communication). Tabanidae most frequently occur in depositional areas of lotic systems, although a few genera occur in erosional habitats (Merritt and Cummins, 1996).","yes"
"134","19","2610","True","Chironomidae","midge","True","B","False","3","Arthropoda","Insecta","Diptera","","Chironomidae","","","","valid","","3370513105","","","Family","","","chironoF","2437","Chironomidae often account for 50% or more of the species richness of a system, and have a range of acceptable living conditions that is more extensive than any other aquatic insect (Coffman and Ferrington “Chironomidae” in Merritt and Cummins 1996).Chironomidae are found in at least 50% of reference and non-reference quality limestone stream samples in PA to date (Botts, personal communication). Family present in at least 40% all low gradient survey sites studied to date in PA (McGarrill, personal communication).","yes"
"135","12","221","True","Decapoda","Crayfish","True","B","False","2","Arthropoda","Crustacea","Decapoda","","","","","21347","valid","13040000000","","","Decapoda","Order","","UK","Decapoda","221","","yes"
"136","","1822","False","Chloroperlidae","","False","B","False","1","Arthropoda","Insecta","Plecoptera","","Chloroperlidae","","","","valid","1040900000","","","Chloroperlidae","Family","0","PR","Chlorope","1663","Chloroperlidae are typically found in small, colder streams in Pennsylvania (Earle, personal communication). Chloroperlidae are tyically found in erosional zones of lotic systems (Merritt and Cummins, 1996).","yes"
"137","","80","True","Chrysomelidae","aquatic leaf beetle","True","B","False","2","Arthropoda","Insecta","Coleoptera","","Chrysomelidae","","","","valid","1101600000","","","Chrysomelidae","Family","5","SH","Chrysome","80","","yes"
"138","13","3202","True","Zygoptera","Damselfly","True","B","False","2","Arthropoda","Insecta","Odonata","Zygoptera","","","","27414","valid","","3370534","","","suborder","","","Zygopter","3027","","yes"
"139","25","497","True","Simuliidae","black fly larvae","True","B","False","2","Arthropoda","Insecta","Diptera","","Simuliidae","","","","valid","1122100000","","","Simuliidae","Family","6","FC","Simuliid","348","Simuliidae has extensive variation in aquatic habitat inhabitance across species (Peterson “Simuliidae” in Merritt and Cummins 1996). Simulium found in at least 50% of reference quality limestone stream samples in PA to date (Botts, personal communication). Family present in at least 40% of the non-reference quality low gradient sites surveyed to date in PA (McGarrill, personal communication). They typically occur in erosional zones of lotic habitats and are clingers (Merritt and Cummins, 1996).","yes"
"140","","2504","True","Sphaeriidae","fingernail clam","True","B","False","2","mollusca","Bivalvia","Veneroida","","Sphaeriidae","","","","valid","9020100000","","","Sphaeriidae","Family","8","FC","Sphaerii","2333","Family present in at least 40% of the reference quality low gradient sites surveyed to date in PA (McGarrill, personal communication). The family is abundant in standing waters, but a few species are common in running waters. The young are brooded by the parent, and released as well developed juveniles. They live for a year or two (Peckarsky et al. 1990).","yes"
"141","","199","True","Staphylinidae","rove beetle","True","B","False","2","Arthropoda","Insecta","Coleoptera","","Staphylinidae","","","","valid","1100800000","","","Staphylinidae","Family","5","PR","Staphyli","199","","yes"
"142","","1361","False","Hydrometridae","","False","B","False","3","Arthropoda","Insecta","Hemiptera","","Hydrometridae","","","11755","valid","1050100000","","","Hydrometridae","Family","9","PR","Hydromet","1206","","yes"
"143","","162","True","Hydrophilidae","water scavenger beetle","True","B","False","2","Arthropoda","Insecta","Coleoptera","","Hydrophilidae","","","","valid","1100700000","","","Hydrophilidae","Family","5","PR","Hydrophf","162","Second largest water beetle family. Standing water is favored by most. If in flowing water, both adults and larvae are usually in backwater (Epler, 1996; Peckarsky et al., 1990; Merritt and Cummins, 1996). Adults rely on self contained air reserves (Merri","yes"
"144","","146","True","Gyrinidae","whirligig beetle","True","B","False","2","Arthropoda","Insecta","Coleoptera","","Gyrinidae","","","","valid","1100100000","","","Gyrinidae","Family","4","PR","Gyrinida","146","Adults are surface dwellers (Epler, 1996), and while lotic and lentic, prefer depositional areas (Merritt and Cummins, 1996). Larvae are lentic and lotic Merritt and Cummins, 1996).","yes"
"145","18","11","True","Hirudinea","Leech","True","B","False","3","Annelida","Hirudinea","","","","","","21222","valid","10000000000","","","Hirudinea","Class","8","PR","Hirudine","11","","yes"
"146","","155","False","Histeridae","","False","B","False","2","Arthropoda","Insecta","Coleoptera","","Histeridae","","","","valid","1101800000","","","Histeridae","Family","5","SH","Histerid","155","","yes"
"147","","2511","True","Hydracarina","Aquatic Mite","True","B","False","","Arthropoda","Arachnida","Acarina","","","","","","not listed","","","","","subcohort","","","Hydraca","2338","Inhabit all habitats. Most abundant and characteristic of streams, rivers, lakes, especially where there are quantities of rooted vegetation (Pennak 1978). In erosional zones of streams, mites are found crawling in rocks of buried in gravel, and can be co","yes"
"148","24","2087","True","Hydropsychidae","Net Spinning Caddisfly","True","B","False","2","Arthropoda","Insecta","Trichoptera","","Hydropsychidae","","","14293","valid","1080400000","","","Hydropsychidae","Family","5","FC","Hydropsf","1917","Hydropsychidae are widely distributed and quite varied in their habitat requirements, and are often the dominant caddisfly in running waters (Wiggins 2000). Typically occur in lotic systems, in erosional zones, although some do occur in lentic systems (Merritt and Cummins, 1996).","yes"
"149","","2144","True","Hydroptilidae","micro caddisfly","True","B","False","1","Arthropoda","Insecta","Trichoptera","","Hydroptilidae","","","28399","valid","1080700000","","","Hydroptilidae","Family","4","PI","Hydroptf","1973","Generally lotic, erosional (Merritt and Cummins, 1996). These taxa occur in varied habitats in North America, ranging from cold springs to rivers to lakes (Wiggins, 1996). Family present in at least 40% of the reference quality low gradient sites surveyed","yes"
"150","","3243","True","Lestidae","spread-winged damselfly","True","B","False","2","Arthropoda","Insecta","Odonata","zygoptera","LESTIDAE","","","","valid","","","","","Family","","","Lestidae","3068","","yes"
"151","","1846","False","Leuctridae","","False","B","False","1","Arthropoda","Insecta","Plecoptera","","Leuctridae","","","","valid","1040500000","","","Leuctridae","Family","0","SH","Leuctrid","1686","Leuctridae are restricted to small to medium creeks and seeps in PA (Earle, personal communication). Family present in at least 40% all low gradient survey sites studied to date in PA (McGarrill, personal communication).  Leuctridae are generally found in lotic systems, in both erosional and depositional zones (Merritt and Cummins, 1996).","yes"
"152","","1189","True","Isonychiidae","brush-legged mayfly","True","B","True","1","Arthropoda","Insecta","Ephemeroptera","","Isonychiidae","","","","valid","1020500000","","","Isonychiidae","Family","3","CG","Isonychf","1036","Isonychiidae are thought to be relatively pollution intolerant in Pennsylvania (Hoover 2000). They occur in erosional zones of lotic systems, and are swimmers and clingers (Merritt and Cummins, 1996).","yes"
"153","26","1436","True","Isopoda","Sowbug","True","B","False","2","Arthropoda","Crustacea","Isopoda","","","","","21356","valid","13050000000","","","Isopoda","Order","8","CG","Isopoda","1281","","yes"
"154","","63","True","Planorbidae","snail coiled in one plane","True","B","False","3","mollusca","Gastropoda","Basommatophora","","Planorbidae","","","","valid","8030400000","","","Planorbidae","Family","6","SC","Planorbi","63","Pulmonate, thus can breathe atmospheric oxygen.","yes"
"155","","3022","True","Prosobranchia","Gilled Snails","True","B","False","1","Mollusca","Gastropoda","","","","","","31330","valid","","","","","subclass","","","Prosobra","2848","","yes"
"156","7","187","True","Psephenidae","Water Penny","True","B","False","1","Arthropoda","Insecta","Coleoptera","","Psephenidae","","","21189","valid","1101000000","","","Psephenidae","Family","4","SC","Psepheni","187","Psephenid adults are not aquatic. Larvae are typically found on submerged wood, rocks and boulders (Epler 1996).","yes"
"157","","2349","True","Philopotamidae","finger-net caddisfly","True","B","False","1","Arthropoda","Insecta","Trichoptera","","Philopotamidae","","","28395","valid","1080100000","","","Philopotamidae","Family","3","FC","Philopot","2178","These organisms are filter feeders, and are generally widespread in the state. Philopotamidae spin long nets that catch particulate matter in the current, feeding on the finest particulate matter of all caddisflies, and live in areas of the stream with moderate flow (Wiggins 2000). Typically occur in lotic systems, in erosional zones (Merritt and Cummins, 1996). Are thought to filter the finest particles through their nets of all trichoptera (Masteller and Flint, 1991).","yes"
"158","","478","False","Phoridae","","False","B","False","3","Arthropoda","Insecta","Diptera","","Phoridae","","","","valid","1121600000","","","Phoridae","Family","6","CG","Phoridae","329","","yes"
"217","","","True","Elliptio dilatata","spike","True","B","True","","Mollusca","Bivalvia","Unionoida","","Unionidae","Elliptio","dilatata","","","","","","","Species","","","","","",""
"218","","","True","Fusconaia flava","Wabash pigtoe","True","B","True","","Mollusca","Bivalvia","Unionoida","","Unionidae","Fusconaia","flava","","","","","","","Species","","","","","",""
"219","","","True","Lampsilis cardium","Plain pocketbook","True","B","True","","Mollusca","Bivalvia","Unionoida","","Unionidae","Lampsilis","cardium","","","","","","","Species","","","","","",""
"220","","","True","Lampsilis siliquoidea","Fat mucket","True","B","True","","Mollusca","Bivalvia","Unionoida","","Unionidae","Lampsilis","siliquoidea","","","","","","","Species","","","","","",""
"221","","","True","Lasmigona complanata","White heelsplitter","True","B","True","","Mollusca","Bivalvia","Unionoida","","Unionidae","Lasmigona","complanata","","","","","","","Species","","","","","",""
"222","","","True","Lasmigona compressa","Brook heelsplitter","True","B","True","","Mollusca","Bivalvia","Unionoida","","Unionidae","Lasmigona","compressa","","","","","","","Species","","","","","",""
"223","","","True","Pyganodon grandis","Common floater","True","B","True","","Mollusca","Bivalvia","Unionoida","","Unionidae","Pyganodon","grandis","","","","","","","Species","","","","","",""
"224","","","True","Strophitus undulatus","Creeper","True","B","True","","Mollusca","Bivalvia","Unionoida","","Unionidae","Strophitus","undulatus","","","","","","","Species","","","","","",""
"225","","","True","Utterbackia imbecilis","Paper pondshell","True","B","True","","Mollusca","Bivalvia","Unionoida","","Unionidae","Utterbackia","imbecilis","","","","","","","Species","","","","","",""
"216","","","True","Alasmidonta viridis","Slippershell","True","B","True","","Mollusca","Bivalvia","Unionoida","","Unionidae","Alasmindonta","viridis","","","","","","","Species","","","","","",""
"226","","","True","Unidentified Segmented worms","segmented worm","True","B","False","","Annelida","","","","","","","","","","","","","Order","","","","","",""
"227","","","True","Collembola","Springtails","True","B","False","","Arthropoda","Entoghnatha","Collembola","","","","","","","","","","","","","","","","",""
"228","","","False","Unidentified crustaceans","Crustaceans","True","B","False","","","","","","","","","","","","","","","","","","","","",""
"229","","","False","Phoridae","","False","B","False","","","","","","","","","","","","","","","","","","","","",""
"230","","","False","Sarcophagidae","","False","B","False","","","","","","","","","","","","","","","","","","","","",""
"231","","","True","Tricorythidae","","False","B","False","","","","","","","","","","","","","","","","","","","","",""
"232","","","False","Unidentified snails, limpets","","False","B","False","","","","","","","","","","","","","","","","","","","","",""
"233","","","False","Viviparidae","","False","B","False","","","","","","","","","","","","","","","","","","","","",""
"234","","","False","Unidentified moth","","False","B","False","","","","","","","","","","","","","","","","","","","","",""
"235","","","False","Unidentified bivalves","","False","B","False","","","","","","","","","","","","","","","","","","","","",""
"236","","","False","Unidentified flatworms","","False","B","False","","","","","","","","","","","","","","","","","","","","",""
"237","","","False","Dipseudopsidae","","False","B","False","","","","","","","","","","","","","","","","","","","","",""
"211","","","True","Etheostoma  microperca","Least darter","True","F","True","","Chordata","Actinopterygii","Perciformes","","Percidae","Etheostoma","microperca","","","","","","","Species","","","","","",""
"212","","","True","Etheostoma nigrum","Johnny darter","True","F","False","","Chordata","Actinopterygii","Perciformes","","Percidae","Etheostoma","nigrum","","","","","","","Species","","","","","",""
"213","","","True","Percina caprodes","Log perch","True","F","True","","Chordata","Actinopterygii","Perciformes","","Percidae","Percina","caprodes","","","","","","","Species","","","","","",""
"214","","","True","Percina maculata","Blackside darter","True","F","False","","Chordata","Actinopterygii","Perciformes","","Percidae","Percina","maculata","","","","","","","Species","","","","","",""
"215","","","False","Neogobius melanostomus","Round goby","True","F","False","","Chordata","Actinopterygii","Perciformes","","Gobiidae","Neogobius","melanostomus","","","","","","","Species","","","","","",""
"159","","","True","Amia calva","Bowfin","True","F","False","","Chordata","Actinopterygii","Amiiformes","","Amiidae","Amia","calva","","","","","","","Species","","","","","",""
"161","","","True","Macromiidae","river cruiser","True","B","False","2","Arthropoda","Insecta","Odonata","Anisoptera","Macromiidae","Macromia","taeniolata","","","","","","","Species","","","","","",""
"163","","","True","Campostoma anomalum","Central Stoneroller","True","F","False","","Chordata","Actinopterygii","Cypriniformes","","Cyprinidae","Campostoma","anomalum","","","","","","","Species","","","","","",""
"164","","","False","Carassius auratus","Goldfish","True","F","False","","Chordata","Actinopterygii","Cypriniformes","","Cyprinidae","Carassius","auratus","","","","","","","Species","","","","","",""
"165","","","True","Clinostomus elongatus","Redside Dace","True","F","True","","Chordata","Actinopterygii","Cypriniformes","","Cyprinidae","Clinostomus","elongatus","","","","","","","Species","","","","","",""
"174","","","True","Notropis hudsonius","Spottail shiner","True","F","False","","Chordata","Actinopterygii","Cypriniformes","","Cyprinidae","Notropis","hudsonius","","","","","","","Species","","","","","",""
"166","","","True","Cyprinella spiloptera","Spotfin shiner","True","F","False","","Chordata","Actinopterygii","Cypriniformes","","Cyprinidae","Cyprinella","spiloptera","","","","","","","Species","","","","","",""
"167","","","False","Cyprinus carpio","Common carp","True","F","False","","Chordata","Actinopterygii","Cypriniformes","","Cyprinidae","Cyprinus","carpio","","","","","","","Species","","","","","",""
"168","","","True","Luxilus cornutus","Common shiner","True","F","False","","Chordata","Actinopterygii","Cypriniformes","","Cyprinidae","Luxilus","cornutus","","","","","","","Species","","","","","",""
"175","","","True","Notropis volucellus","Mimic shiner","True","F","False","","Chordata","Actinopterygii","Cypriniformes","","Cyprinidae","Notropis","volucellus","","","","","","","Species","","","","","",""
"176","","","True","Pimephales notatus","Bluntnose minnow","True","F","False","","Chordata","Actinopterygii","Cypriniformes","","Cyprinidae","Pimephales","notatus","","","","","","","Species","","","","","",""
"177","","","True","Pimephales promelas","Fathead minnow","True","F","False","","Chordata","Actinopterygii","Cypriniformes","","Cyprinidae","Pimephales","promelas","","","","","","","Species","","","","","",""
"178","","","True","Phoximus eos","northern redbelly dace","True","F","False","","Chordata","Actinopterygii","Cypriniformes","","Cyprinidae","Phoximus","eos","","","","","","","Species","","","","","",""
"179","","","True","Rhinichthys obtusus","Western blacknose dace","True","F","False","","Chordata","Actinopterygii","Cypriniformes","","Cyprinidae","Rhinichthys","obtusus","","","","","","","Species","","","","","",""
"180","","","True","Semotilus atromaculatus","Creek chub","True","F","False","","Chordata","Actinopterygii","Cypriniformes","","Cyprinidae","Semotilus","atromaculatus","","","","","","","Species","","","","","",""
"181","","","True","Catostomus commersonii","White sucker","True","F","False","","Chordata","Actinopterygii","Cypriniformes","","Catostomidae","Catostomus","commersonii","","","","","","","Species","","","","","",""
"182","","","True","Hypentelium nigricans","Northern hogsucker","True","F","False","","Chordata","Actinopterygii","Cypriniformes","","Catostomidae","Hypentelium","nigricans","","","","","","","Species","","","","","",""
"183","","","True","Minytrema melanops","Spotted sucker","True","F","False","","Chordata","Actinopterygii","Cypriniformes","","Catostomidae","Minytrema"," melanops","","","","","","","Species","","","","","",""
"184","","","True","Moxostoma macrolepidotum","Northern redhorse","True","F","False","","Chordata","Actinopterygii","Cypriniformes","","Catostomidae","Moxostoma","macrolepidotum","","","","","","","Species","","","","","",""
"185","","","True","Ameiurus melas","Black bullhead","True","F","False","","Chordata","Actinopterygii","Siluriformes","","Ictaluridae","Ameiurus","melas","","","","","","","Species","","","","","",""
"186","","","True","Ameiurus natalis","Yellow bullhead","True","F","False","","Chordata","Actinopterygii","Siluriformes","","Ictaluridae","Ameiurus","natalis","","","","","","","Species","","","","","",""
"187","","","True","Ameiurus nebulosus","Brown bullhead","True","F","False","","Chordata","Actinopterygii","Siluriformes","","Ictaluridae","Ameiurus","nebulosus","","","","","","","Species","","","","","",""
"188","","","True","Noturus flavus","Stonecat","True","F","False","","Chordata","Actinopterygii","Siluriformes","","Ictaluridae","Noturus","flavus","","","","","","","Species","","","","","",""
"189","","","True","Esox Americanus vermiculatus","Grass pickerel","True","F","False","","Chordata","Actinopterygii","Esociformes","","Esocidae","Esox","Americanus vermiculatus","","","","","","","Species","","","","","",""
"190","","","True","Esox lucius","American pike","True","F","False","","Chordata","Actinopterygii","Esociformes","","Esocidae","Esox","lucius","","","","","","","Species","","","","","",""
"191","","","True","Umbra limi","Central mudminnow","True","F","False","","Chordata","Actinopterygii","Esociformes","","Umbidae","Umbra","limi","","","","","","","Species","","","","","",""
"170","","","True","Notemigonus crysoleucas","Golden shiner","True","F","False","","Chordata","Actinopterygii","Cypriniformes","","Cyprinidae","Notemigonus","crysoleucas","","","","","","","Species","","","","","",""
"171","","","True","Notropis atherinoides","Common emerald shiner","True","F","False","","Chordata","Actinopterygii","Cypriniformes","","Cyprinidae","Notropis","atherinoides","","","","","","","Species","","","","","",""
"172","","","True","Notropis heterodon","Blackchin shiner","True","F","False","","Chordata","Actinopterygii","Cypriniformes","","Cyprinidae","Notropis","heterodon","","","","","","","Species","","","","","",""
"173","","","True","Notropis heterolepis","Blacknose shiner","True","F","False","","Chordata","Actinopterygii","Cypriniformes","","Cyprinidae","Notropis","heterolepis","","","","","","","Species","","","","","",""
"192","","","True","Cottus bairdii","Mottled sculpin","True","F","True","","Chordata","Actinopterygii","Scorpaeniformes","","Cottidae","Cottus","bairdii","","","","","","","Species","","","","","",""
"193","","","False","Fundulus heteroclitus","Mummichog","True","F","False","","Chordata","Actinopterygii","Cyprinodontiformes","","Fundulidae","Fundulus","heteroclitus","","","","","","","Species","","","","","",""
"194","","","False","Gambusia affinis","Mosquito fish","True","F","False","","Chordata","Actinopterygii","Cyprinodontiformes","","Poecilidae","Gambusia","affinis","","","","","","","Species","","","","","",""
"195","","","True","Labidesthes sicculus","Borrk silverside","True","F","False","","Chordata","Actinopterygii","Atheriniformes","","Atherinopsidae","Labidesthes","sicculus","","","","","","","Species","","","","","",""
"196","","","True","Culaea inconstans","Brook stickleback","True","F","False","","Chordata","Actinopterygii","Gasterosteiformes","","Gasterosteidae","Culaea","inconstans","","","","","","","Species","","","","","",""
"197","","","False","Oncorhynchus mykiss","Rainbow trout","True","F","True","","Chordata","Actinopterygii","Salmoniformes","","Salmonidae","Oncorhynchus","mykiss","","","","","","","Species","","","","","",""
"198","","","False","Salmo trutta","Brown trout","True","F","True","","Chordata","Actinopterygii","Salmoniformes","","Salmonidae","Salmo","trutta","","","","","","","Species","","","","","",""
"199","","","False","Morone americana","White perch","True","F","False","","Chordata","Actinopterygii","Perciformes","","Moronidae","Morone","americana","","","","","","","Species","","","","","",""
"200","","","True","Ambloplites rupestris","Rock bass","True","F","True","","Chordata","Actinopterygii","Perciformes","","Centrarchidae","Ambloplites","rupestris","","","","","","","Species","","","","","",""
"201","","","True","Lepomis cyanellus","Green sunfish","True","F","False","","Chordata","Actinopterygii","Perciformes","","Centrarchidae","Lepomis","cyanellus","","","","","","","Species","","","","","",""
"202","","","True","Lepomis gibbosus","Pumpkinseed","True","F","False","","Chordata","Actinopterygii","Perciformes","","Centrarchidae","Lepomis","gibbosus","","","","","","","Species","","","","","",""
"203","","","True","Lepomis macrochirus","Bluegill","True","F","False","","Chordata","Actinopterygii","Perciformes","","Centrarchidae","Lepomis","macrochirus","","","","","","","Species","","","","","",""
"204","","","True","Lepomis peltastes","Northern sunfish","True","F","False","","Chordata","Actinopterygii","Perciformes","","Centrarchidae","Lepomis","peltastes","","","","","","","Species","","","","","",""
"207","","","True","Micropterus salmoides","Largemouth bass","True","F","False","","Chordata","Actinopterygii","Perciformes","","Centrarchidae","Micropterus","salmoides","","","","","","","Species","","","","","",""
"208","","","True","Pomoxis nigromaculatus","Black crappie","True","F","False","","Chordata","Actinopterygii","Perciformes","","Centrarchidae","Pomoxis","nigromaculatus","","","","","","","Species","","","","","",""
"209","","","True","Etheostoma  caeruleum","Rainbow darter","True","F","True","","Chordata","Actinopterygii","Perciformes","","Percidae","Etheostoma","caeruleum","","","","","","","Species","","","","","",""
"210","","","True","Etheostoma exile","Iowa darter","True","F","True","","Chordata","Actinopterygii","Perciformes","","Percidae","Etheostoma","exile","","","","","","","Species","","","","","",""
"169","","","True","Nocomis biguttatus","Horneyhead chub","True","F","False","","Chordata","Actinopterygii","Cypriniformes","","Cyprinidae","Nocomis","biguttotus","","","","","","","Species","","","","","",""
"205","","","True","Lepomis hybrid","Sunfish hybrid","True","F","False","","Chordata","Actinopterygii","Perciformes","","Centrarchidae","Lepomis","","","","","","","","Genus","","","","","",""
"206","","","True","Micropterus dolomieui","Smallmouth bass","True","F","True","","Chordata","Actinopterygii","Perciformes","","Centrarchidae","Micropterus","dolomieui","","","","","","","Species","","","","","",""
"238","","","True","Phanogomphus lividus","ashy clubtail","True","B","False","","Arthropoda","Insecta","Odonata","anisoptera","Gomphidae","Phanogomphus","lividus","","","","","","","species","","","","","",""
"239","","","True","Arigomphus villosipes","unicorn clubtail","True","B","False","","Arthropoda","Insecta","Odonata","anisoptera","Gomphidae","Arigomphus","villosipes","","","","","","","species","","","","","",""
"240","","","True","Epitheca Princeps","prince baskettail","True","B","False","","Arthropoda","Insecta","Odonata","anisoptera","Corduliidae","Epitheca","Princeps","","","","","","","species","","","","","",""
