"ID","BRANCH","FIELDID","FOTR/WC?","years sampled","2012","2011","2010","2009","2008","2007","2006","2005","2004","2003","2002","2001","#YRSSAM","F22","F21 DATE","F21 SQI","F21 TAXA","F21 EPT","F21 FAM WQ","F21 ORD WQ","F21 ppm Cl","F20 DATE","F20 SQI","F20 TAXA","F20 EPT","F20 SENS","F19 Date","F19 SQI","F19 TAXA","F19 EPT","F19 SENS","F18 DATE","F18 SQI","F18 TAXA","F18 EPT","F18 SENS","F18","F17","F17 DATE","F17 SQI","F17 TAXA","F17 EPT","F17 SENS","F16","F16 DATE","F16 sample ID","F16 SQI","F16 TAXA","F16 EPT","F16 SENS","F15 DATE","F15 sample ID","F15 ID","F15 COLL","F15 SQI","F15 LAB","F15 TAXA","F15 INSECT TAXA","F15 EPT","F15 SENS","F15","F14","F14 DATE","F14 ID","F14 COLL","F14 SQI","F14 LAB","F14 TAXA","F14 EPT","F14 SENS","F13 DATE","F13 ID","F13 COLL","F13 SQI","F13 LAB","F13 TAXA","F13 EPT","F13 SENS","F12 DATE","F12 ID","F12 COLL","F12 SQI","F12 LAB","F12 TAXA","F12 EPT","F12 SENS","F11 DATE","F11 ID","F11 COLL","F11 SQI","F11 LAB","F11 TAXA","F11 EPT","F11 SENS","F10 DATE","F10 ID","F10 COLL","F10 SQI","F10 TAXA","F10 LAB","F10 EPT","F10 SENS","F09 DATE","F09 COLL","F09 ID","F09 LAB","F09 SQI","F09 TAXA","F09 EPT","F09 SENS","F08 DATE","F08 COLL","F08 ID","F08 LAB","F08 SQI","F08 TAXA","F08 EPT","F08 SENS","F07 DATE","F07 COLL","F07 ID","F07 LAB","F07 SQI","F07 TAXA","F07 EPT","F07 SENS","F06 DATE","F06 COLL","F06 SQI","F06 TAXA","F06 EPT","F06 SENS","F05 DATE","F05 SQI","F05 TAXA","F05 EPT","F05 SENS","F04 DATE","F04 SQI","F04 TAXA","F04 EPT","F04 SENS","F03 SQI","F03 TAXA","F03 EPT","F03 SENS","F02 SQI","F02 TAXA","F01 SQI","F01 TAXA"
"82","MN","Main4","FOTR","08, 06, 05,04,03,02,01","8","","Y","","Y","","Y","Y","Y","Y","Y","Y","7","15","","","","","","","","","","","","","","","","","","2018-10-13 00:00:00","14.5","7","1","0","8","","","","","","","5","2016-10-15 00:00:00","","32","13","3","0","","","","","","","","","","","","Y","","","","","","","","","","","","","","","","","2012-10-20 00:00:00","Mogill","Steiner, L","39","Mogill","14","2","0","","","","","","","","","2010-10-24 00:00:00","Eisenman","Eisenman","38","13","McCulloch","3","0","","","","","","","","","10/18","Sadler","Sadler","McCulloch","36","16","4","0","","","","","","","","","2006-10-14 00:00:00","Johnson","35.6","14","4","0","2005-10-15 00:00:00","30.3","11","3","0","16-Oct","37","12","4","","43","17","3","","45.6","12","20.7","9"
"50","MN","Main4.5","FOTR","08, 07, 06, 05","","7","","","Y","Y","Y","Y","","","","","4","","","","","","","","","","","","","","10/19/19","43.3","15","3","0","","","","","","","6","2017-10-14 00:00:00","38.7","15","1","0","","","","","","","","2015-10-17 00:00:00","1462","Berger","Weis","28.6","Berger","11","8","2","0","13","","","","","","","","","","2013-10-19 00:00:00","Agosta","Kukulski","24.4","Petrella","11","1","0","","","","","","","","","2011-10-15 00:00:00","Dudek","Tykoski","27","McCulloch","13","3","0","","","","","","","","","","","","","","","","","10/18","Sadler","Sadler","McCulloch","31","14","3","0","2007-10-13 00:00:00","Johnson","Corsun","McCulloch","23.6","13","1","0","2006-10-14 00:00:00","Johnson","49.2","18","3","0","2005-10-15 00:00:00","36.6","16","3","0","","","","","","","","","","","","",""
"30","MN","Main5","FOTR","07, 05, 04","","7","Y","","","Y","","Y","Y","","","","3","5","10/22/21","35","15","2","5.23","5.05","","10/17/2020","22.3","8","1","0","10/19/19","30.1","13","2","0","","","","","","","6","2017-10-14 00:00:00","23.2","9","1","0","","","","","","","","2015-10-17 00:00:00","1461","Berger","Weis","24","Berger","10","5","2","0","13","","","","","","","","","","2013-10-19 00:00:00","Lucas","Weis","31","Petrella","12","2","0","","","","","","","","","2011-10-15 00:00:00","Dudek","Tykoski","22","McCulloch","7","3","0","2010-10-16 00:00:00","McCulloch","Schlecht","39","19","McCulloch","4","0","","","","","","","","","","","","","","","","","2007-10-13 00:00:00","Johnson","Corsun","McCulloch","22.4","9","2","0","","","","","","","2005-10-15 00:00:00","33","15","3","0","16-Oct","37","14","3","","","","","","","","",""
"70","MN","Main6","FOTR","09, 06, 04, 03,02","5","8","Y","Y","","","Y","","Y","Y","Y","","5","4","","","","","","","","10/17/2020","27.5","15","3","0","10/19/19","31.4","15","2","0","","","","","","","3","2017-10-14 00:00:00","28.5","14","1","0","12","2016-10-15 00:00:00","","31","15","3","0","2015-10-17 00:00:00","1456","Camilleri","Bakkila","29.6","McCulloch","15","12","3","0","4","","","","","","","","","","2013-10-19 00:00:00","Lucas","Weis","31.2","Petrella","12","2","0","2012-10-20 00:00:00","Nowicki","Nowicki","40","Petrella","13","3","0","2011-10-15 00:00:00","Gall","Marcot","36","McCulloch","11","2","0","2010-10-16 00:00:00","Ross","Jones","36","13","McCulloch","2","1","10/17","Babcock","Stowe","McCulloch","35","14","2","0","","","","","","","","","","","","","","","","","2006-10-14 00:00:00","Sadler","26.6","13","2","0","","","","","","16-Oct","34.8","14","2","","38.7","17","3","","38.4","14","",""
"2378","MN","Main7","WC","","FOTR","8","Y","","","","","","","","","","","","","","","","","","","","","","","","","","","","","","","","","","","WC","2017-10-27 00:00:00","31.7","15","3","0","","","","","","","","","","","","","","","","","","","WC","2014-10-23 00:00:00","Mullett","Mullett","29.5","Thompson","12","3","0","2013-10-11 00:00:00","Mullett","Mullett","28.6","Thompson","11","1","0","2012-10-22 00:00:00","Petrella","Kamarinas","19","Kamarinas","7","1","0","2011-11-02 00:00:00","Ross","Petrella","14","Petrella","6","0","0","2010-10-16 00:00:00","Ross","Jones","27","11","McCulloch","2","0","","","","","","","","","","","","","","","","","","","","","","","","","","","","","","","","","","","","","","","","","","","","","","","",""
"2379","MN","Main8","FOTR","","FOTR","","Y","","","","","","","","","","","","","","","","","","","","","","","","","","","","","2018-10-26 00:00:00","31.1","12","1","0","","","","","","","","FOTR","2016-10-19 00:00:00","","16","8","0","0","2015-10-27 00:00:00","1467","Petrella","Thompson","15.9","Thompson","7","4","0","0","SP/ST","","","","","","","","","","2013-10-30 00:00:00","Petrella","Thompson","20.9","Petrella","12","0","0","2012-10-24 00:00:00","Petrella","Petrella","23","Petrella","9","1","0","2011-10-26 00:00:00","Petrella","Halliday","26","Petrella","12","0","0","2010-11-08 00:00:00","Petrella","Petrella","26","15","Petrella","0","0","","","","","","","","","","","","","","","","","","","","","","","","","","","","","","","","","","","","","","","","","","","","","","","",""
"26","M","Mid1","FOTR","09, 08, 07","14","","","Y","Y","Y","","","","","","","3","","","","","","","","","","","","","","","","","","","","","","","","","","","","","","","","","","","","","","","","","","","","","","","","","6","2014-10-25 00:00:00","Krabbenhoff","Bakkila","38.4","McCulloch","19","3","0","","","","","","","","","2012-10-20 00:00:00","Kandalian","Sano","37","McCulloch","16","3","0","","","","","","","","","","","","","","","","","10/17","Nightingale","Nightingale","Nightingale","38","16","2","0","10/18","Peterson","Peterson","McCulloch","25","10","2","0","2007-10-13 00:00:00","Knoppow","Knoppow","McCulloch","27.7","10","3","0","","","","","","","","","","","","","","","","","","","","","","","",""
"2416","M","Mid3","","","","","","","","","","","","","","","","","","","","","","","","","","","","","","0","0","0","0","","","","","","","","","0","0","0","0","","","","","","","","","","","","","","","","","","","","","","","","","","","","","","","","","","","","","","","","","","","","","","","","","","","","","","","","","","","","","","","","","","","","","","","","","","","","","","","","","","","","","","","","","","","","","","","","","","","","","","","","","","",""
"2417","M","Mid5","","","","","","","","","","","","","","","","","","","","","","","","","","","","","","0","0","0","0","","","","","","","","","0","0","0","0","","","","","","","","","","","","","","","","","","","","","","","","","","","","","","","","","","","","","","","","","","","","","","","","","","","","","","","","","","","","","","","","","","","","","","","","","","","","","","","","","","","","","","","","","","","","","","","","","","","","","","","","","","",""
"2413","M","Mid6","","","","","","","","","","","","","","","","","","","","","","","","","","","","","","","0","0","0","","","","","","","","","","0","0","0","","","","","","","","","","","","","","","","","","","","","","","","","","","","","","","","","","","","","","","","","","","","","","","","","","","","","","","","","","","","","","","","","","","","","","","","","","","","","","","","","","","","","","","","","","","","","","","","","","","","","","","","","","",""
"55","U","Min1","FOTR","08, 06, 04, 03","12","","","","Y","","Y","","Y","Y","","","4","","","","","","","","","10/19/2020","15.9","9","1","0","10/19/19","19.6","7","2","0","","","","","","","7","2017-10-14 00:00:00","20.5","9","1","0","","","","","","","","2015-10-17 00:00:00","1468","Cloutier","Stack","20.4","McCulloch","8","3","1","0","8","Y","","","","","","","","","","","","","","","","","2012-10-20 00:00:00","Sadler","Front","27","Front","13","1","0","","","","","","","","","","","","","","","","","","","","","","","","","11/4","Petrella","Petrella","McCulloch","42","15","2","0","","","","","","","","","2006-10-14 00:00:00","Weis","24.7","12","1","0","","","","","","16-Oct","29","15","1","","26.7","8","1","","","","",""
"2","U","Min2","FOTR","09","12","","Y","Y","","","","","","","","","1","","","","","","","","","","","","","","","","","","","","","","","","","","","","","","","3","","","","","","","2015-10-17 00:00:00","1469","Cloutier","Stack","14.1","McCulloch","8","5","0","0","8","","","","","","","","","","","","","","","","","","2012-10-20 00:00:00","Sadler","Front","23","Petrella","9","1","0","","","","","","","","","2010-10-16 00:00:00","Babcock","Steiner","20","10","McCulloch","1","0","10/17","Corsun","Corsun","McCulloch","23","11","0","0","","","","","","","","","","","","","","","","","","","","","","","","","","","","","","","","","","","","","","","",""
"3","U","Min3","FOTR","09","","","Y","Y","","","","","","","","","1","","","","","","","","","","","","","","10/19/19","14.6","6","1","0","","","","","","","7","2017-10-14 00:00:00","27.5","11","1","0","3","","","","","","","","","","","","","","","","","","","","","","","","","","","2013-10-19 00:00:00","Rodrigues","Rodrigues","26.8","Rodrigues","10","1","0","","","","","","","","","","","","","","","","","2010-10-16 00:00:00","Babcock","Steiner","15","7","McCulloch","1","0","10/17","Gruelle","Corsun","McCulloch","23","10","1","0","","","","","","","","","","","","","","","","","","","","","","","","","","","","","","","","","","","","","","","",""
"2409","U","Min4","","","","","","","","","","","","","","","","","10/16/21","26","15","1","5.22","6.38","","","","","","","","","","","","","","","","","","","","","","","","","","","","","","","","","","","","","","","","","","","","","","","","","","","","","","","","","","","","","","","","","","","","","","","","","","","","","","","","","","","","","","","","","","","","","","","","","","","","","","","","","","","","","","","","","","","","","","","","","","","","","","","","","",""
"16","MN","MN-1","WC","09, 08","WC","WC","Y","Y","Y","","","","","","","","2","","","","","","","","","","","","","","","","","","","","","","","","","","","","","","","","","","","","","","","","","","","","","","","","","WC","","","","","","","","","2013-10-11 00:00:00","Mullett","Mullett","37.5","Thompson","15","3","0","2012-10-03 00:00:00","Mullett","Mullett","33","Thompson","14","3","0","2011-10-17 00:00:00","Mullett","Mullett","28","Thompson","12","3","0","2010-10-20 00:00:00","Flowers","Flowers","31","13","Thompson","2","0","10/21","Thompson","Thompson","Thompson","31","13","3","0","10/30","Flowers","Thompson","Thompson","44","17","2","0","","","","","","","","","","","","","","","","","","","1","","","","","","","","","","","","",""
"17","MN","MN-2","WC","09, 08","WC","WC","Y","Y","Y","","","","","","","","2","","","","","","","","","","","","","","","","","","","","","","","","","","","","","","","WC","2016-10-24 00:00:00","","38","16","3","0","","","","","","","","","","","","","","","","","","","","","2013-10-11 00:00:00","Mullett","Mullett","26.2","Thompson","11","3","0","2012-10-03 00:00:00","Mullett","Mullett","27","Thompson","13","3","0","2011-10-17 00:00:00","Mullett","Mullett","24","Thompson","11","2","0","2010-10-20 00:00:00","Flowers","Flowers","28","11","Thompson","2","0","10/21","Thompson","Thompson","Thompson","29","12","2","0","10/30","Thompson","Thompson","Thompson","32","13","2","0","","","","","","","","","","","","","","","","","","","","","","","","","","","","","","","",""
"6","MN","MN-3","WC","09","","","","Y","","","","","","","","","1","","","","","","","","","","","","","","","","","","","","","","","","","","","","","","","","","","","","","","","","","","","","","","","","","","","","","","","","","","","","","","","","","","","","","","","","","","","","","","","","","","","","","","","","","","9/24","Thompson","Thompson","Thompson","17","10","0","0","","","","","","","","","","","","","","","","","","","","","","","","","","","","","","","","","","","","","","","",""
"2384","MN","MN-4","WC","","WC","WC","Y","","","","","","","","","","","","","","","","","","","","","","","","","","","","","","","","","","","","","","","","","","","","","","","","","","","","","","","","","","","WC","2014-10-23 00:00:00","Mullett","Mullett","19.7","Thompson","11","2","0","2013-10-24 00:00:00","Petrella","Thompson/M","27.1","Thompson","12","2","0","2012-10-03 00:00:00","Mullett","Mullett","28","Thompson","12","2","0","2011-10-17 00:00:00","Mullett","Mullett","28","Thompson","15","3","0","2010-10-20 00:00:00","Flowers","Flowers","28","12","Thompson","2","0","","","","","","","","","","","","","","","","","","","","","","","","","","","","","","","","","","","","","","","","","","","","","","","",""
"2397","MN","MN-5","","","","","","","","","","","","","","","","","","","","","","","","","","","","","","","","","","2018-10-25 00:00:00","40.8","17","3","1","WC","","","","","","","WC","2016-10-24 00:00:00","","41","17","3","1","2015-10-22 00:00:00","1496","Flowers","Thompson","42.4","Thompson","19","13","3","1","WC","WC","2014-10-23 00:00:00","Mullett","Mullett","33.1","Thompson","15","3","0","","","","","","","","","","","","","","","","","","","","","","","","","","","","","","","","","","","","","","","","","","","","","","","","","","","","","","","","","","","","","","","","","","","","","","","","","","","","","","","",""
"2407","MN","MN-6","","","","","","","","","","","","","","","","","","","","","","","","","","","","","","","","","","","","","","","","","","","","","","","","","","","","","2015-10-22 00:00:00","1502","Flowers","Thompson","37.6","Thompson","20","13","3","0","WC","","","","","","","","","","","","","","","","","","","","","","","","","","","","","","","","","","","","","","","","","","","","","","","","","","","","","","","","","","","","","","","","","","","","","","","","","","","","","","","","","","","","","","","","",""
"2408","MN","MN-7","","","","","","","","","","","","","","","","","","","","","","","","","","","","","","","","","","2018-10-25 00:00:00","25.3","13","2","0","WC","WC","2017-10-27 00:00:00","22.8","9","3","0","WC","","","","","","","2015-10-22 00:00:00","1501","Flowers","Thompson","25.3","Thompson","11","6","3","0","WC","","","","","","","","","","","","","","","","","","","","","","","","","","","","","","","","","","","","","","","","","","","","","","","","","","","","","","","","","","","","","","","","","","","","","","","","","","","","","","","","","","","","","","","","",""
"79","M","MR-1","WC","09,08,07,06,05,04","WC","","","Y","Y","Y","Y","Y","Y","","","","6","","","","","","","","","","","","","","","","","","","","","","","","","","","","","","","WC","2016-10-14 00:00:00","","37","16","2","1","","","","","","","","","","","","","","","","","","","","","2013-10-11 00:00:00","Thompson","Thompson","36.2","Thompson","14","2","0","2012-10-03 00:00:00","Thompson","Thompson","38","Thompson","17","4","1","","","","","","","","","","","","","","","","","10/16","Nightingale","Nightingale","Thompson","39","15","5","0","10/23","Thompson","Thompson","Thompson","44","21","3","0","2007-10-19 00:00:00","Best","Best","Best","50.6","22","5","0","2006-10-26 00:00:00","Best-WC","36.9","15","3","0","2005-10-26 00:00:00","36.7","17","3","0","28-Oct","29.4","12","1","","","","","","","","",""
"56","M","MR-10","WC","","","","","","","Y","Y","Y","Y","","","","4","","","","","","","","","","","","","","","","","","","","","","","","","","","","","","","","","","","","","","","","","","","","","","","","","","","","","","","","","","","","","","","","","","","","","","","","","","","","","","","","","","","","","","","","","","","","","","","","","","","","","","","","","","2007-10-19 00:00:00","Flowers","Flowers","Best","28.1","13","3","0","2006-10-26 00:00:00","Mullett-WC","18.7","7","3","0","2005-10-26 00:00:00","17.9","8","3","0","29-Oct","16.5","5","2","","","","","","","","",""
"59","M","MR-11","WC","08,07,06,05","","","","","Y","Y","Y","Y","","","","","4","","","","","","","","","","","","","","","","","","","","","","","","","","","","","","","","","","","","","","2015-10-21 00:00:00","1490","Mullett","Flowers","26.6","Thompson","11","6","2","0","WC","","","","","","","","","","","","","","","","","","","","","","","","","","","","","","","","","","","","","","","","","","","","","","","","","","10/23","Mullett","Nightengale","Thompson","28","10","2","0","2007-10-19 00:00:00","Benz","Cullen","Best","16.4","8","1","0","2006-11-03 00:00:00","Thompson-WC","23.9","11","2","0","2005-11-03 00:00:00","22.6","9","2","0","","","","","","","","","","","","",""
"60","M","MR-12","WC","08,07,06,05","","WC","","","Y","Y","Y","Y","","","","","4","","","","","","","","","","","","","","","","","","","","","","","","","","","","","","","","","","","","","","","","","","","","","","","","","","","","","","","","","","","","","","","","","","","","","","","","","","2011-10-05 00:00:00","Mullett","Mullett","27","Thompson","13","2","0","","","","","","","","","","","","","","","","","10/31","Benz","Validokath","Thompson","18","8","2","0","2007-10-19 00:00:00","Best","Best","Best","27.4","10","3","0","2006-10-26 00:00:00","Best-WC","19.5","7","2","0","2005-11-03 00:00:00","21.9","10","3","0","","","","","","","","","","","","",""
"28","MN","Main1","FOTR","08, 07, 06","","6","","","Y","Y","Y","","","","","","3","6","10/16/21","33","15","2","6.43","6.24","","10/17/2020","21.6","10","1","0","","","","","","","","","","","7","","","","","","","8","2016-10-15 00:00:00","","33","17","4","0","","","","","","","","","","","","9","2014-10-25 00:00:00","McCulloch","Gallagher","27.7","McCulloch","16","3","0","","","","","","","","","","","","","","","","","2011-10-15 00:00:00","Mogill","Front","15","McCulloch","8","1","1","","","","","","","","","","","","","","","","","10/18","Weis","Mogill","McCulloch","25","12","1","0","2007-10-13 00:00:00","Williams","Ross","Ross","22.5","11","1","0","2006-10-14 00:00:00","Peterson","19.7","8","1","0","","","","","","","","","","","","","","","","","",""
"2389","MN","Main10","WC","","","","","","","","","","","","","","","","","","","","","","","","","","","","","","","","","","","","","","","","","","","","","","","","","","","","","","","","","","","","","","","P","","","","","","","","","2013-10-24 00:00:00","Petrella","Thompson","21.5","Thompson","12","3","0","","","","","","","","","","","","","","","","","","","","","","","","","","","","","","","","","","","","","","","","","","","","","","","","","","","","","","","","","","","","","","","","","","","","","","","",""
"2418","MN","Main11","","","","","","","","","","","","","","","","","","","","","","","","","","","","","","","","","","","","","","","","","","","0","0","0","","","","","","","","","","","","","","","","","","","","","","","","","","","","","","","","","","","","","","","","","","","","","","","","","","","","","","","","","","","","","","","","","","","","","","","","","","","","","","","","","","","","","","","","","","","","","","","","","","","","","","","","","","",""
"29","MN","Main3","FOTR","09, 08, 07","","6","","Y","Y","Y","","","","","","","3","15","","","","","","","","","","","","","","","","","","2018-10-13 00:00:00","26.3","8","1","0","8","","","","","","","5","2016-10-15 00:00:00","","25","11","3","0","","","","","","","","","","","","","","","","","","","","","2013-10-19 00:00:00","Agosta","Kukulski","34.8","Rodrigues","14","2","0","","","","","","","","","2011-10-15 00:00:00","Mogill","Front","38","McCulloch","14","3","0","","","","","","","","","10/17","Eisenman","Eisenman","McCulloch","37","12","2","0","10/18","Gruelle","Eisenman","McCulloch","27","10","2","0","2007-10-13 00:00:00","Elliott","Elliott","McCulloch","35.9","12","3","0","","","","","","","","","","","","","","","","","","","","","","","",""
"75","M","Wall2","FOTR","09, 07, 05, 03, 02, 01","16","12","","Y","","Y","","Y","","Y","Y","Y","6","","10/16/21","28","15","2","5.59","5.77","","10/20/2020","32.5","13","2","0","10/19/19","22.3","8","1","0","2018-10-13 00:00:00","10.3","6","1","0","11","","","","","","","","","","","","","","2015-10-17 00:00:00","1457","Thompson","Thompson","43.8","McCulloch","17","11","2","0","10","","","","","","","","","","","","","","","","","","2012-10-20 00:00:00","Stopa","Stopa","34","Petrella","14","2","0","2011-10-15 00:00:00","Sadler","Kandalian","40","McCulloch","16","2","0","","","","","","","","","10/17","Van Buren","Mogill","McCulloch","31","14","2","0","","","","","","","","","2007-10-13 00:00:00","Robertson","Gruelle","McCulloch","39.1","17","2","0","","","","","","","2005-10-15 00:00:00","19.8","17","1","0","","","","","","26.8","11","1","","18.1","8","24.6","11"
"49","M","Wall3","FOTR","09, 07, 05, 04","16","12","","Y","","Y","","Y","Y","","","","4","","10/16/21","27","12","1","5.2","5.23","","10/20/2020","34","15","2","0","","","","","","2018-10-13 00:00:00","27.5","10","2","0","11","","","","","","","","","","","","","","","","","","","","","","","","","11","2014-10-25 00:00:00","Lucas","Tluczek","27.6","McCulloch","11","1","0","","","","","","","","","2012-10-20 00:00:00","Stopa","Stopa","30","Kamarinas","12","1","0","2011-10-15 00:00:00","Sadler","Kandalian","50","McCulloch","17","2","0","","","","","","","","","10/17","Van Buren","Mogill","McCulloch","30","13","2","0","","","","","","","","","2007-10-13 00:00:00","Robertson","Gruelle","McCulloch","27.4","10","1","0","","","","","","","2005-10-15 00:00:00","32.9","14","1","0","16-Oct","26.1","10","1","","","","","","","","",""
"27","M","Wall4","FOTR","09, 08, 07","10","","","Y","Y","Y","","","","","","","3","","","","","","","","","","","","","","","","","","","","","","","","","12","2017-10-14 00:00:00","11.6","7","1","0","","","","","","","","","","","","","","","","","","","14","2014-10-25 00:00:00","Thompson","Sadler","31.7","McCulloch","12","1","0","","","","","","","","","2012-10-20 00:00:00","Kelly","Cloutier","31","Kamarinas","12","2","0","","","","","","","","","","","","","","","","","10/17","Gall","Gall","McCulloch","41","15","3","0","10/18","Stowe","Peterson/Stowe","McCulloch","28","10","3","0","2007-10-13 00:00:00","Knoppow","Knoppow","McCulloch","38.2","12","3","0","","","","","","","","","","","","","","","","","","","","","","","",""
"66","M","Will1","FOTR","08, 06, 05, 04, 03","15","","","","Y","","Y","Y","Y","Y","","","5","","","","","","","","","","","","","","","","","","","","","","","","","","","","","","","","","","","","","","2015-10-17 00:00:00","1479","McCulloch","Getschman","30.6","McCulloch","15","9","0","0","1","Y","","","","","","","","","","","","","","","","","2012-10-20 00:00:00","McCulloch","Kamarinas","28","Kamarinas","12","1","0","","","","","","","","","","","","","","","","","","","","","","","","","10/18","Corsun","Best","McCulloch","35","16","2","0","","","","","","","","","2006-10-14 00:00:00","Williams","27.7","12","2","0","2005-10-15 00:00:00","30","15","1","0","16-Oct","24.5","13","1","","26.9","12","0","","","","",""
"2405","M","Will2","","","","","","","","","","","","","","","","","","","","","","","","","","","","","","","","","","","","","","","","","","","","","","","","","","","","","2015-10-17 00:00:00","1480","Getschman","McCulloch","25.2","McCulloch","9","8","2","0","1","","","","","","","","","","","","","","","","","","","","","","","","","","","","","","","","","","","","","","","","","","","","","","","","","","","","","","","","","","","","","","","","","","","","","","","","","","","","","","","","","","","","","","","","",""
"2406","M","Will3","","","","","","","","","","","","","","","","","","","","","","","","","","","","","","","","","","","","","","","","","","","","","","","","","","","","","2015-11-03 00:00:00","1465","Petrella","Petrella","21.6","Thompson","12","7","2","0","SP/EC/CR","","","","","","","","","","","","","","","","","","","","","","","","","","","","","","","","","","","","","","","","","","","","","","","","","","","","","","","","","","","","","","","","","","","","","","","","","","","","","","","","","","","","","","","","",""
"61","M","MR-13","WC","08,07,06,05","WC","WC","Y","","Y","Y","Y","","","","","","4","","","","","","","","","","","","","","","","","","","","","","","","","WC","2017-10-23 00:00:00","23.5","11","3","0","WC","2016-10-17 00:00:00","","28","11","2","0","","","","","","","","","","","","WC","2014-10-29 00:00:00","Thompson","Thompson","23.2","Thompson","12","3","0","2013-10-11 00:00:00","Thompson","Thompson","19.1","Thompson","11","3","0","2012-10-03 00:00:00","Thompson","Thompson","23","Thompson","10","2","0","2011-10-05 00:00:00","Mullett","Mullett","23","Thompson","10","3","0","2010-10-20 00:00:00","Thompson","Thompson","21","9","Thompson","3","0","","","","","","","","","10/31","Benz","Validokath","Thompson","18","8","2","0","2007-11-07 00:00:00","Best","Best","Best","21","10","3","0","2006-10-26 00:00:00","Thompson-WC","20.6","9","3","0","","","","","","","","","","","","","","","","","",""
"41","M","MR-14","WC","09, 08,07","","","","Y","Y","Y","","","","","","","3","","","","","","","","","","","","","","","","","","","2018-10-22 00:00:00","20.7","11","1","0","ST","ST","2017-10-28 00:00:00","25","11","1","0","","","","","","","","","","","","","","","","","","","","","","","","","","","","","","","","","","","","","","","","","","","","","","","","","","","","","","","","","","","","10/30","Thompson","Thompson","Thompson","33","16","1","0","10/31","Thompson","Thompson","Thompson","31","12","2","0","2007-10-04 00:00:00","Thompson","Thompson","Best","37.3","14","3","0","","","","","","","","","","","","","","","","","","","","","","","",""
"42","M","MR-15","WC","09, 08,07","","WC","","Y","Y","Y","","","","","","","3","","","","","","","","","","","","","","","","","","","","","","","","","WC","2017-10-23 00:00:00","21.6","7","2","0","WC","","","","","","","","","","","","","","","","","","","","","","","","","","","","","","","","","","","","","","","","","","","2011-10-05 00:00:00","Mullett","Mullett","22","Thompson","10","3","0","","","","","","","","","10/16","Flowers","Flowers","Thompson","23","10","3","0","10/23","Benz","Cullen","Thompson","22","10","3","0","2007-10-11 00:00:00","Best","Best","Best","34.1","15","3","0","","","","","","","","","","","","","","","","","","","","","","","",""
"43","M","MR-16","WC","09, 08,07","","","","Y","Y","Y","","","","","","","3","","","","","","","","","","","","","","","","","","","2018-10-28 00:00:00","23.4","11","2","0","WC","","","","","","","","","","","","","","","","","","","","","","","","","","","","","","","","","","","","","","","","","","","","","","","","","","","","","","","","","","","","","","","","","","10/16","Flowers","Flowers","Thompson","25","9","4","0","10/31","Thompson","Thompson","Thompson","29","15","2","0","2007-10-12 00:00:00","Best","Best","Best","23.7","11","2","0","","","","","","","","","","","","","","","","","","","","","","","",""
"12","M","MR-17","WC","09, 08","","","Y","Y","Y","","","","","","","","2","","","","","","","","","","","","","","","","","","","","","","","","","","","","","","","","","","","","","","2015-10-21 00:00:00","1455","Mullett","Flowers","31.8","Thompson","15","6","2","0","WC","","","","","","","","","","","","","","","","","","","","","","","","","","","","","","","","","","2010-10-18 00:00:00","Mullett","Mullett","41","16","Thompson","5","0","10/16","Nightingale","Nightingale","Thompson","46","19","4","0","10/23","Nightingale","Nightengale","Thompson","46","19","5","0","","","","","","","","","","","","","","","","","","","","","","","","","","","","","","","",""
"13","M","MR-18","WC","09, 08","","WC","Y","Y","Y","","","","","","","","2","","","","","","","","","","","","","","","","","","","","","","","","","","","","","","","","","","","","","","","","","","","","","","","","","","","","","","","","","","","","","","","","","","","","","","","","","","2011-10-05 00:00:00","Thompson","Thompson","33","Thompson","13","3","0","2010-10-18 00:00:00","Mullett","Mullett","29","14","Thompson","3","0","10/16","Thompson","Thompson","Thompson","39","16","3","0","10/23","Nightingale","Nightengale","Thompson","33","13","2","0","","","","","","","","","","","","","","","","","","","","","","","","","","","","","","","",""
"14","M","MR-19","WC","09, 08","WC","","Y","Y","Y","","","","","","","","2","","","","","","","","","","","","","","","","","","","","","","","","","","","","","","","","","","","","","","","","","","","","","","","","","","","","","","","","","","2013-10-01 00:00:00","Thompson","Thompson","21.7","Thompson","9","1","0","2012-10-04 00:00:00","Thompson","Thompson","31","Thompson","14","2","0","","","","","","","","","2010-10-18 00:00:00","Mullett","Mullett","25","11","Thompson","1","0","10/16","Flowers","Flowers","Thompson","26","10","2","0","10/23","Flowers","Flowers","Thompson","30","12","2","0","","","","","","","","","","","","","","","","","","","","","","","","","","","","","","","",""
"80","M","MR-2","WC","09, 08,07,06,05,04","","","","Y","Y","Y","Y","Y","Y","","","","6","","","","","","","","","","","","","","","","","","","","","","","","","","","","","","","","","","","","","","","","","","","","","","","","","","","","","","","","","","","","","","","","","","","","","","","","","","","","","","","","","","","","","","","","","","10/16","Nightingale","Nightingale","Thompson","45","15","4","0","10/24","Thompson","Thompson","Thompson","37","14","4","0","2007-10-30 00:00:00","Best","Best","Best","42","12","3","0","2006-10-26 00:00:00","Mullett-WC","32.8","16","5","0","2005-10-26 00:00:00","31.1","11","3","0","28-Oct","42.2","15","4","","","","","","","","",""
"15","M","MR-20","WC","09, 08","WC","WC","Y","Y","Y","","","","","","","","2","","10/1/21","40","21","4","5.6","6.16","","","","","","","","","","","","","","","","","","WC","2017-10-20 00:00:00","45.1","18","4","0","WC","2016-09-28 00:00:00","","48","20","4","0","","","","","","","","","","","","","","","","","","","","","2013-10-11 00:00:00","Thompson","Thompson","38.9","Thompson","15","4","0","2012-10-03 00:00:00","Thompson","Thompson","44","Thompson","21","4","0","2011-10-07 00:00:00","Thompson","Thompson","41","Thompson","20","4","0","2010-10-20 00:00:00","Thompson","Thompson","43","21","Thompson","3","0","10/16","Thompson","Thompson","Thompson","40","17","3","0","10/23","Thompson","Thompson","Thompson","51","18","4","0","","","","","","","","","","","","","","","","","","","","","","","","","","","","","","","",""
"5","M","MR-21","WC","08","","","","","Y","","","","","","","","1","","","","","","","","","","","","","","","","","","","","","","","","","","","","","","","","","","","","","","","","","","","","","","","","","","","","","","","","","","","","","","","","","","","","","","","","","","","","","","","","","","","","","","","","","","","","","","","","","","10/23","Flowers","Flowers","Thompson","23","10","1","0","","","","","","","","","","","","","","","","","","","","","","","","","","","","","","","",""
"2380","M","MR-22","","","WC","WC","Y","","","","","","","","","","","","10/10/21","35","15","2","4.96","6.13","","11/3/2020","35.1","12","4","2","10/20/19","36.5","16","3","1","","","","","","","","","","","","","ST","2016-10-20 00:00:00","","34","17","2","0","","","","","","","","","","","","ST","2014-10-25 00:00:00","Thompson","Thompson","33.8","Thompson","15","2","1","","","","","","","","","","","","","","","","","2011-10-16 00:00:00","Thompson","Thompson","33","Thompson","13","2","1","2010-10-16 00:00:00","Thompson","Thompson","21","10","Thompson","1","1","","","","","","","","","","","","","","","","","","","","","","","","","","","","","","","","","","","","","","","","","","","","","","","",""
"2381","M","MR-23","FOTR","","FOTR","WC","Y","","","","","","","","","","","","","","","","","","","","","","","","10/27/19","31","14","2","0","","","","","","","","","","","","","","","","","","","","2015-10-25 00:00:00","1487","Thompson","Thompson","33.3","Thompson","16","11","4","0","ST","ST","2014-10-26 00:00:00","Thompson","Thompson","31.1","Thompson","12","3","0","2013-10-27 00:00:00","Thompson","Thompson","38.1","Thompson","15","4","1","2012-10-19 00:00:00","Thompson","Thompson","23","Thompson","11","2","0","2011-10-16 00:00:00","Thompson","Thompson","26","Thompson","12","3","0","2010-10-17 00:00:00","Thompson","Thompson","34","15","Thompson","3","0","","","","","","","","","","","","","","","","","","","","","","","","","","","","","","","","","","","","","","","","","","","","","","","",""
"2386","M","MR-24","WC","","WC","WC","","","","","","","","","","","","","","","","","","","","","","","","","","","","","","2018-10-28 00:00:00","16.4","8","1","0","ST","ST","2017-10-28 00:00:00","18.4","9","0","0","","","","","","","","2015-10-02 00:00:00","1498","Gregor","Thompson","27.5","Thompson","13","8","2","0","WC","WC","2014-10-01 00:00:00","Flowers","Flowers","29.4","Thompson","10","2","0","2013-10-01 00:00:00","Thompson","Thompson","36","Thompson","14","2","0","2012-10-04 00:00:00","Thompson","Thompson","36","Thompson","16","3","0","2011-10-17 00:00:00","Thompson","Thompson","26","Thompson","9","1","0","","","","","","","","","","","","","","","","","","","","","","","","","","","","","","","","","","","","","","","","","","","","","","","","","","","","","","","",""
"2388","M","MR-25","FOTR","","FOTR","","","","","","","","","","","","","","","","","","","","","","","","","","10/27/19","28","12","2","0","2018-10-14 00:00:00","26.3","9","2","0","ST","","","","","","","","","","","","","","2015-10-25 00:00:00","1486","Thompson","Thompson","31.4","Thompson","15","13","3","0","ST","ST","2014-10-26 00:00:00","Thompson","Thompson","32.4","Thompson","12","4","0","2013-10-27 00:00:00","Thompson","Thompson","25.8","Thompson","10","2","0","2012-10-20 00:00:00","Thompson","Thompson","25","Thompson","11","0","0","","","","","","","","","","","","","","","","","","","","","","","","","","","","","","","","","","","","","","","","","","","","","","","","","","","","","","","","","","","","","","","",""
"2394","M","MR-26","FOTR","","","","","","","","","","","","","","","","","","","","","","","11/30/2020","32.2","16","1","0","","","","","","","","","","","","","","","","","","ST","2016-10-30 00:00:00","","37","17","2","0","","","","","","","","","","","","ST","2014-10-25 00:00:00","Thompson","Thompson","13.3","Thompson","7","0","0","2013-11-03 00:00:00","Thompson","Thompson","32.8","Thompson","13","0","0","","","","","","","","","","","","","","","","","","","","","","","","","","","","","","","","","","","","","","","","","","","","","","","","","","","","","","","","","","","","","","","","","","","","","","","",""
"2398","M","MR-27","","","","","","","","","","","","","","","","","","","","","","","","","","","","","","","","","","2018-10-13 00:00:00","29.9","14","4","0","5","ST","2017-10-29 00:00:00","32.3","14","2","0","ST","2016-10-31 00:00:00","","44","20","4","1","2015-10-27 00:00:00","1499","Thompson","Thompson","40.8","Thompson","23","18","4","1","ST","ST","2014-10-26 00:00:00","Thompson","Thompson","38.8","Thompson","18","5","1","","","","","","","","","","","","","","","","","","","","","","","","","","","","","","","","","","","","","","","","","","","","","","","","","","","","","","","","","","","","","","","","","","","","","","","","","","","","","","","",""
"44","M","MR-2a","WC","09, 08,07","","WC","","Y","Y","Y","","","","","","","3","","10/13/21","35","15","4","5.61","5.6","","","","","","","","","","","","2018-10-12 00:00:00","45.8","20","5","0","WC","","","","","","","","","","","","","","","","","","","","","","","","","","","","","","","","","","","","","","","","","","","","","","","","","","2011-10-05 00:00:00","Thompson","Thompson","43","Thompson","16","4","0","","","","","","","","","10/16","Thompson","Thompson","Thompson","35","16","4","0","10/23","Thompson","Thompson","Thompson","37","13","4","0","2007-10-30 00:00:00","Best","Best","Best","34","15","5","1","","","","","","","","","","","","","","","","","","","","","","","",""
"62","M","MR-3","WC","","WC","","","","","Y","Y","Y","Y","","","","4","","10/14/21","47","19","5","5.39","5.7","","","","","","","10/11/19","43.8","18","5","0","","","","","","","","","","","","","WC","2016-10-14 00:00:00","","43","18","4","0","","","","","","","","","","","","","","","","","","","","","","","","","","","","","2012-10-04 00:00:00","Thompson","Thompson","40","Thompson","17","4","0","","","","","","","","","","","","","","","","","","","","","","","","","","","","","","","","","2007-10-12 00:00:00","Thompson","Thompson","Best","44.1","22","4","0","2006-10-26 00:00:00","Benz-WC","23.8","10","3","0","2005-10-26 00:00:00","32.3","13","4","0","28-Oct","40.5","17","4","","","","","","","","",""
"57","M","MR-4","WC","","","","","","","Y","Y","Y","Y","","","","4","","","","","","","","","","","","","","10/11/19","25.7","10","3","0","2018-10-26 00:00:00","27.6","10","2","0","WC","WC","2017-10-23 00:00:00","27.6","11","3","0","WC","2016-10-17 00:00:00","","28","12","2","0","2015-10-21 00:00:00","1489","Mullett","Flowers","36.9","Thompson","16","7","2","0","WC","","","","","","","","","","","","","","","","","","","","","","","","","","","","","","","","","","","","","","","","","","","","","","","","","","","","","","","","","","2007-10-19 00:00:00","Benz","Cullen","Best","33.9","10","3","1","2006-10-26 00:00:00","Thompson-WC","19.8","6","1","0","2005-10-26 00:00:00","18.3","8","1","0","28-Oct","19.1","9","3","","","","","","","","",""
"63","M","MR-5","WC","","","","","","","Y","Y","Y","Y","","","","4","","","","","","","","","","","","","","","","","","","","","","","","","","","","","","","","","","","","","","","","","","","","","","","","","","","","","","","","","","","","","","","","","","","","","","","","","","","","","","","","","","","","","","","","","","","","","","","","","","","","","","","","","","2007-10-19 00:00:00","Thompson","Thompson","Best","24.7","11","2","0","2006-10-26 00:00:00","Thompson-WC","19.9","8","2","0","2005-10-26 00:00:00","17.3","9","1","0","28-Oct","13.4","5","1","","","","","","","","",""
"64","M","MR-6","WC","","","","","","","Y","Y","Y","Y","","","","4","","","","","","","","","","","","","","","","","","","","","","","","","","","","","","","","","","","","","","","","","","","","","","","","","","","","","","","","","","","","","","","","","","","","","","","","","","","","","","","","","","","","","","","","","","","","","","","","","","","","","","","","","","2007-10-19 00:00:00","Best","Best","Best","19.2","8","2","0","2006-10-26 00:00:00","Benz-WC","21.7","8","3","0","2005-10-26 00:00:00","23.5","9","3","0","28-Oct","17.6","8","2","","","","","","","","",""
"65","M","MR-7","WC","","","","","","","Y","Y","Y","Y","","","","4","","","","","","","","","","","","","","","","","","","","","","","","","","","","","","","","","","","","","","","","","","","","","","","","","","","","","","","","","","","","","","","","","","","","","","","","","","","","","","","","","","","","","","","","","","","","","","","","","","","","","","","","","","2007-10-19 00:00:00","Best","Best","Best","22.2","9","3","0","2006-10-26 00:00:00","Mullett-WC","27","10","3","0","2005-10-26 00:00:00","23.5","11","3","0","28-Oct","17.1","9","3","","","","","","","","",""
"58","M","MR-8","WC","","","","Y","","","Y","Y","Y","Y","","","","4","","","","","","","","","","","","","","","","","","","","","","","","","","","","","","","WC","2016-10-15 00:00:00","","15","7","1","0","","","","","","","","","","","","","","","","","","","","","","","","","","","","","","","","","","","","","","","","","","","","","2010-10-20 00:00:00","Thompson","Thompson","22","12","Thompson","3","0","","","","","","","","","","","","","","","","","2007-10-19 00:00:00","Thompson","Thompson","Best","17.9","10","2","0","2006-10-26 00:00:00","Best-WC","19.5","11","3","0","2005-10-26 00:00:00","26.3","10","3","0","28-Oct","18.6","7","2","","","","","","","","",""
"45","M","MR-9","WC","","","","","","","","Y","Y","Y","","","","3","","","","","","","","","","","","","","","","","","","","","","","","","","","","","","","","","","","","","","","","","","","","","","","","","WC","2014-10-29 00:00:00","Thompson","Thompson","29","Thompson","13","3","0","","","","","","","","","","","","","","","","","","","","","","","","","","","","","","","","","","","","","","","","","","","","","","","","","","","","","","","","","2006-10-26 00:00:00","Benz-WC","13.4","6","3","0","2005-10-26 00:00:00","15.4","7","3","0","28-Oct","18.7","9","2","","","","","","","","",""
"31","MN","Mur2","FOTR","09, 08, 07","","","Y","Y","Y","Y","","","","","","","4","","10/16/21","23","8","1","7.51","7.58","","","","","","","","","","","","2018-10-13 00:00:00","19.6","10","0","0","9","","","","","","","10","2016-10-15 00:00:00","","16","7","1","0","","","","","","","","","","","","","","","","","","","","","","","","","","","","","","","","","","","","","","","","","","","","","2010-10-24 00:00:00","Eisenman","Eisenman","29","9","McCulloch","1","0","10/17","Eisenman","Eisenman","McCulloch","26","9","1","0","10/18","Eisenman","Gruelle","McCulloch","25","13","1","0","2007-10-13 00:00:00","Elliott","Elliott","McCulloch","27.8","12","1","0","","","","","","","","","","","","","","","","","","","","","","","",""
"51","MN","Nott","FOTR","08, 07, 05, 04","","","Y","","Y","Y","","Y","Y","","","","4","5","10/16/21","20","9","0","7.42","7.72","","10/17/2020","26.5","8","2","0","","","","","","2018-10-13 00:00:00","25.8","10","1","0","9","","","","","","","10","2016-10-15 00:00:00","","27","9","2","0","","","","","","","","","","","","","","","","","","","","","","","","","","","","","","","","","","","","","","","","","","","","","2010-10-16 00:00:00","McCulloch","Schlecht","22","10","McCulloch","1","0","","","","","","","","","10/18","Ross","Ross","McCulloch","32","15","2","0","2007-10-13 00:00:00","Sadler","Sadler","McCulloch","27.2","13","1","0","","","","","","","2005-10-15 00:00:00","28.1","13","3","0","16-Oct","34","14","3","","","","","","","","",""
"7","M","Nton","FOTR","08, 07","","10","","","Y","Y","","","","","","","2","9","10/7/21","42","16","2","4.85","5.32","","10/17/2020","30.3","9","2","0","","","","","","","","","","","","","","","","","","","","","","","","","2015-10-17 00:00:00","1474","Liu","Krabbenhoft","17.3","McCulloch","7","4","0","0","3","","","","","","","","","","2013-10-19 00:00:00","Nowicki","Dombrowski","38","Cloutier","12","2","0","","","","","","","","","2011-10-15 00:00:00","Stowe","Stopa","26","McCulloch","9","2","0","","","","","","","","","","","","","","","","","11/4","Peterson","McCulloch","McCulloch","27","10","1","0","2007-10-13 00:00:00","Flowers","Flowers","Ross","25.7","11","1","0","","","","","","","","","","","","","","","","","","","","","","","",""
"76","MN","Peb1","FOTR","07, 06, 04, 03,02,01","6","11","Y","","","Y","Y","","Y","Y","Y","Y","6","","","","","","","","","","","","","","","","","","","","","","","","","8","2017-10-14 00:00:00","23.8","10","0","0","","","","","","","","2015-11-05 00:00:00","1481","Wallace","Petrella","25.3","Petrella","9","5","1","0","7","10","2014-10-25 00:00:00","Cloutier","Kukulski","37.8","Thompson","13","1","0","2013-10-19 00:00:00","Cloutier","Cloutier","38","Cloutier","13","2","0","2012-10-20 00:00:00","Rigsby","Rigsby","28","Petrella","7","2","0","2011-10-15 00:00:00","Ross","Ross","37","Petrella","13","2","0","2010-10-16 00:00:00","Mogill","Elliott","32","14","McCulloch","1","0","","","","","","","","","","","","","","","","","2007-11-01 00:00:00","Petrella","Ross","none","37.7","13","2","1","2006-10-26 00:00:00","Petrella","48","14","2","1","","","","","","16-Oct","40.1","13","3","1","37.2","14","1","","47","15","28.6","9"
"32","MN","Peb2","FOTR","09, 08, 07","6","11","","Y","Y","Y","","","","","","","3","14","10/16/21","19","6","1","10","10","","","","","","","","","","","","2018-10-13 00:00:00","23.9","9","0","0","10","8","2017-10-14 00:00:00","27.9","12","0","0","4","2016-10-15 00:00:00","","25","11","1","0","","","","","","","","","","","","","","","","","","","","","2013-10-19 00:00:00","Cloutier","Cloutier","23.4","Cloutier","9","1","0","2012-10-25 00:00:00","Petrella","Petrella","26","Petrella","11","2","0","2011-10-15 00:00:00","Ross","Ross","24","Petrella","11","1","0","","","","","","","","","10/17","Babcock","Stowe","McCulloch","24","9","1","0","10/18","Erickson","Dudek","McCulloch","29","13","1","0","2007-10-13 00:00:00","Peterson","Peterson","McCulloch","17.5","7","1","0","","","","","","","","","","","","","","","","","","","","","","","",""
"2385","MN","Peb3","FOTR","","FOTR","","","","","","","","","","","","","","","","","","","","","10/17/2020","22.3","8","1","0","9/27/19","36","15","1","0","2018-10-13 00:00:00","23.6","9","1","0","10","","","","","","","4","2016-10-15 00:00:00","","20","8","1","0","2015-11-05 00:00:00","1482","Wallace","Petrella","20.3","Petrella","9","4","1","0","7","10","2014-10-25 00:00:00","Cloutier","Kukulski","29.6","Kukulski","12","2","0","2013-10-28 00:00:00","Petrella","Petrella","26.8","Petrella","12","1","0","2012-10-22 00:00:00","Petrella","Petrella","30","Petrella","12","2","0","2011-10-26 00:00:00","Petrella","Halliday","34","Petrella","14","1","1","","","","","","","","","","","","","","","","","","","","","","","","","","","","","","","","","","","","","","","","","","","","","","","","","","","","","","","",""
"33","U","See2","FOTR","09","7","9","Y","Y","","","","","Y","Y","","","3","10","","","","","","","","","","","","","10/19/19","18","6","1","0","","","","","","","9","2017-10-14 00:00:00","19.2","7","2","0","13","2016-10-15 00:00:00","","20","6","2","0","","","","","","","","","","","","13","2014-10-25 00:00:00","Berger","Clark","24.4","McCulloch","7","2","0","","","","","","","","","2012-10-20 00:00:00","Wallace","Wallace","25","Petrella","8","2","0","2011-10-15 00:00:00","VanBuren","Peerbolte","29","McCulloch","10","2","0","2010-10-16 00:00:00","Stowe","Stowe","20","8","McCulloch","1","0","10/17","Weis","Williams","McCulloch","35","11","3","0","","","","","","","","","","","","","","","","","","","","","","","","","","","","20-Oct","13.4","5","1","1","35.6","13","1","","","","",""
"4","U","See3","FOTR","09","7","9","Y","Y","","","","","","","","","1","","","","","","","","","10/19/2020","21.5","10","1","0","10/19/19","18.2","6","1","0","","","","","","","9","2017-10-14 00:00:00","18.3","10","1","0","13","2016-10-15 00:00:00","","15","7","1","0","","","","","","","","","","","","13","2014-10-25 00:00:00","Berger","Clark","23.5","McCulloch","10","2","0","","","","","","","","","2012-10-20 00:00:00","Wallace","Wallace","24","Kamarinas","9","2","0","2011-10-15 00:00:00","VanBuren","Peerbolte","27","McCulloch","11","2","0","2010-10-16 00:00:00","Stowe","Stowe","23","7","McCulloch","1","0","10/17","Weis","Williams","McCulloch","16","6","1","0","","","","","","","","","","","","","","","","","","","","","","","","","","","","","","","","","","","","","","","",""
"2421","U","See4","","","","","","","","","","","","","","","","","10/16/21","28","8","2","5.38","5.51","","","0","0","0","0","","0","0","0","0","","","","","","","","","0","0","0","0","","","","","","","","","","","","","","","","","","","","","","","","","","","","","","","","","","","","","","","","","","","","","","","","","","","","","","","","","","","","","","","","","","","","","","","","","","","","","","","","","","","","","","","","","","","","","","","","","","","","","","","","","","",""
"52","MN","Sprag","FOTR","09, 08, 07, 06","8","","Y","Y","Y","Y","Y","","","","","","4","6","10/16/21","28","13","2","4.19","3.89","","10/17/2020","23.4","10","1","0","","","","","","","","","","","7","","","","","","","8","2016-10-15 00:00:00","","53","19","3","1","","","","","","","","","","","","9","2014-10-25 00:00:00","McCulloch","McCulloch","44.4","McCulloch","16","2","1","","","","","","","","","2012-10-20 00:00:00","Mogill","Mogill","28","Mogill","11","2","1","","","","","","","","","2010-10-03 00:00:00","Petrella","training","36","12","McCulloch","4","2","9/27","Petrella","Petrella","McCulloch","49","19","3","2","10/18","Weis","Mogill","McCulloch","33","13","4","2","2007-10-13 00:00:00","Williams","Ross","Ross","46.4","16","3","2","2006-10-14 00:00:00","Peterson","33.6","9","3","1","","","","","","","","","","","","","","","","","",""
"35","U","Tar1","FOTR","","","","","","","","","","Y","Y","Y","","3","","","","","","","","","","","","","","","","","","","","","","","","","","","","","","","","","","","","","","","","","","","","","","","","","","","","","","","","","","","","","","","","","","","","","","","","","","","","","","","","","","","","","","","","","","","","","","","","","","","","","","","","","","","","","","","","","","","","","","","","","","","","","13-Oct","23.4","12","1","","33.4","11","2","","30","12","",""
"83","U","Tar2","FOTR","09, 07, 06, 05, 04,03,02","","","","Y","","Y","Y","Y","Y","Y","Y","","7","","","","","","","","","","","","","","","","","","","2018-10-13 00:00:00","21","7","2","0","12","11","2017-10-14 00:00:00","27.8","13","2","0","","","","","","","","2015-10-17 00:00:00","1464","Cassady","Cassady","27.4","Cassady","11","7","1","0","9","15","2014-10-25 00:00:00","Spencer","Mrockza","21.5","McCulloch","9","2","0","","","","","","","","","","","","","","","","","","","","","","","","","","","","","","","","","10/29","Petrella","Petrella","McCulloch","27","12","3","0","","","","","","","","","2007-10-13 00:00:00","Pace","Mogill","McCulloch","39","18","3","0","2006-10-14 00:00:00","Sendek","22.9","9","2","0","2005-10-15 00:00:00","34","15","2","0","16-Oct","39","15","3","","29","13","2","","21","12","",""
"67","M","Ton1","FOTR","08, 06, 05,04,03,","FOTR","Tr","Y","","Y","","Y","Y","Y","Y","","","5","TR","10/2/21","42","17","3","6.45","7","","10/17/2020","41","13","2","0","9/28/19","36.2","17","4","0","2018-10-27 00:00:00","35.8","13","3","0","ST","T","2017-09-30 00:00:00","42.5","16","2","0","","","","","","","","2015-10-03 00:00:00","1454","Petrella","Thompson","51.1","Petrella","20","13","5","0","Training/WC","T","2014-09-06 00:00:00","Petrella","Thompson","51.2","Thompson","16","4","0","2013-09-07 00:00:00","Petrella","Thompson","46","Petrella","17","3","0","2012-09-15 00:00:00","Petrella","Thompson","44","Petrella","22","2","0","2011-10-01 00:00:00","Petrella","Petrella","55","McCulloch","20","3","0","2010-10-16 00:00:00","Thompson","Thompson","45","17","McCulloch","2","0","","","","","","","","","10/18","Corsun","Best","McCulloch","39","17","2","0","","","","","","","","","2006-10-14 00:00:00","Faber","36.9","13","2","0","2005-10-15 00:00:00","33","13","2","0","16-Oct","31.3","17","3","","49.2","20","3","","","","",""
"22","M","Ton1/2","FOTR","08, 06, 05 ","15","","Y","","Y","","Y","Y","","","","","3","","","","","","","","","","","","","","","","","","","","","","","","","","","","","","","7","2016-10-15 00:00:00","","33","10","3","0","2015-10-17 00:00:00","1473","Krabbenhoft","Liu","33.1","McCulloch","10","6","3","0","3","Y","","","","","","","","","","","","","","","","","2012-10-20 00:00:00","McCulloch","McCulloch","36","Kamarinas","11","2","0","","","","","","","","","2010-10-16 00:00:00","Thompson","Thompson","35","13","McCulloch","2","0","","","","","","","","","11/4","Peterson","McCulloch","McCulloch","36","15","3","0","","","","","","","","","2006-10-14 00:00:00","Faber","26.3","8","2","0","2005-10-15 00:00:00","31.2","13","3","0","","","","","","","","","","","","",""
"68","M","Ton2","FOTR","09, 07, 03, 02, 01","","10","","Y","","Y","","","","Y","Y","Y","5","9","10/7/21","35","17","2","5.5","6.82","","","","","","","","","","","","","","","","","","","","","","","","7","2016-10-15 00:00:00","","20","8","1","0","","","","","","","","","","","","","","","","","","","","","2013-10-19 00:00:00","Nowicki","Dombrowski","25.3","Tykoski","9","2","0","","","","","","","","","2011-10-15 00:00:00","Stopa","Stowe","18","McCulloch","8","1","0","","","","","","","","","10/29","Wallace D","Petrella","McCulloch","26","10","2","0","","","","","","","","","2007-10-13 00:00:00","Flowers","Flowers","Ross","27","10","2","0","","","","","","","","","","","","","","","","","17.4","8","1","","15.5","6","15.5","5"
"34","U","Up1","FOTR","08, 06,05","9","","Y","","Y","","Y","Y","","","","","3","","","","","","","","","","","","","","","","","","","","","","","","","","","","","","","11","2016-10-15 00:00:00","","21","11","0","0","","","","","","","","","","","","","","","","","","","","","2013-10-19 00:00:00","Rodrigues","Rodrigues","26.2","Rodrigues","11","2","0","2012-10-20 00:00:00","Stowe","Stowe","19","McCulloch","12","3","0","","","","","","","","","2010-10-16 00:00:00","Wallace","Wallace","33","13","McCulloch","1","1","","","","","","","","","10/18","VanBuren","VanBuren","McCulloch","24","10","1","1","","","","","","","","","2006-10-14 00:00:00","Ross","30","10","1","1","2005-10-15 00:00:00","23.6","10","2","0","","","","","","","","","","","","",""
"77","U","Up2","FOTR","08, 06, 05, 04, 03, 02","9","","Y","","Y","","Y","Y","Y","Y","Y","","6","10","10/22/21","22","8","1","7","7","","10/10/2020","32.1","13","3","0","","","","","","","","","","","","11","2017-10-14 00:00:00","28.5","10","2","0","11","2016-10-15 00:00:00","","26","13","1","0","2015-10-17 00:00:00","1463","Cassady","Cassady","25.1","Cassady","9","5","2","0","9","15","2014-10-25 00:00:00","Spencer","Marcot","16.3","McCulloch","6","1","0","","","","","","","","","2012-10-20 00:00:00","Stowe","Marcot","28","Petrella","10","0","1","","","","","","","","","2010-10-16 00:00:00","Wallace","Wallace","20","8","McCulloch","1","1","","","","","","","","","10/18","VanBuren","VanBuren","McCulloch","20","9","1","0","","","","","","","","","2006-10-14 00:00:00","Ross","34.9","10","2","1","2005-10-15 00:00:00","20.5","7","1","1","20-Oct","29.9","11","2","","35.7","13","1","","38.6","14","",""
"46","U","UR-1","WC","09, 08, 07","WC","","","Y","Y","Y","","","","","","","3","","","","","","","","","","","","","","","","","","","2018-10-05 00:00:00","26.7","10","2","0","WC","","","","","","","WC","2016-10-14 00:00:00","","26","10","2","0","","","","","","","","","","","","WC","2014-10-27 00:00:00","Thompson","Thompson","34.4","Thompson","15","3","0","2013-10-14 00:00:00","Flowers","Flowers","29.1","Thompson","11","3","0","2012-10-03 00:00:00","Flowers","Flowers","24","Thompson","10","1","0","","","","","","","","","","","","","","","","","10/16","Benz","Mullett","Thompson","21","7","2","0","11/6","Thompson","Thompson","Thompson","26","9","3","0","2007-10-12 00:00:00","Best","Best","Best","34.8","16","2","0","","","","","","","","","","","","","","","","","","","","","","","",""
"18","U","UR-2","WC","09, 08","WC","WC","Y","Y","Y","","","","","","","","2","","","","","","","","","","","","","","","","","","","2018-10-05 00:00:00","31.4","11","2","0","WC","WC","2017-10-19 00:00:00","19.3","7","2","0","WC","2016-10-14 00:00:00","","22","8","2","0","","","","","","","","","","","","WC","2014-10-27 00:00:00","Thompson","Flowers","29.6","Thompson","12","3","0","","","","","","","","","2012-10-03 00:00:00","Flowers","Flowers","25","Thompson","10","2","0","2011-10-05 00:00:00","Flowers","Flowers","26","Thompson","7","3","0","2010-10-07 00:00:00","Flowers","Flowers","9","5","Thompson","0","0","10/16","Benz","Mullett","Thompson","28","11","2","0","10/29","Thompson","Thompson","Thompson","23","9","2","0","","","","","","","","","","","","","","","","","","","","","","","","","","","","","","","",""
"19","U","UR-3","WC","09, 08","","WC","Y","Y","Y","","","","","","","","2","","","","","","","","","","","","","","11/4/19","22.7","8","2","0","2018-10-13 00:00:00","29.6","10","2","0","12","WC","2017-10-19 00:00:00","22","9","1","0","","","","","","","","","","","","","","","","","","","","","","","","","","","","","","","","","","","","","","","","","","","","2011-10-05 00:00:00","Flowers","Flowers","24","Thompson","9","2","0","2010-10-07 00:00:00","Flowers","Flowers","24","9","Thompson","2","0","10/16","Benz","Mullett","Thompson","24","8","2","0","10/29","Thompson","Thompson","Thompson","22","10","3","0","","","","","","","","","","","","","","","","","","","","","","","","","","","","","","","",""
"2383","U","UR-4","WC","","WC","WC","Y","","","","","","","","","","","","","","","","","","","","","","","","11/5/19","24.2","10","3","0","2018-10-24 00:00:00","22.4","10","3","0","WC","","","","","","","","","","","","","","","","","","","","","","","","","WC","2014-10-27 00:00:00","Thompson","Flowers","28.2","Thompson","13","3","0","2013-10-14 00:00:00","Flowers","Flowers","26.6","Thompson","11","3","0","2012-10-03 00:00:00","Flowers","Flowers","22","Thompson","11","2","0","2011-10-05 00:00:00","Flowers","Flowers","28","Thompson","15","3","0","2010-10-18 00:00:00","Thompson","Thompson","31","16","Thompson","2","0","","","","","","","","","","","","","","","","","","","","","","","","","","","","","","","","","","","","","","","","","","","","","","","",""
"2402","U","UR-5","","","","","","","","","","","","","","","","","","","","","","","","","","","","","","","","","","","","","","","","WC","2017-10-19 00:00:00","26.6","10","2","0","WC","2016-10-14 00:00:00","","32","13","2","0","2015-10-20 00:00:00","1488","Gregor","Flowers","24.4","Thompson","10","6","1","0","WC","","","","","","","","","","","","","","","","","","","","","","","","","","","","","","","","","","","","","","","","","","","","","","","","","","","","","","","","","","","","","","","","","","","","","","","","","","","","","","","","","","","","","","","","",""
"1","M","Wall0","FOTR","09","10","1","","Y","","","","","","","","","1","","","","","","","","","","","","","","","","","","","","","","","","","","","","","","","","","","","","","","","","","","","","","","","","","14","2014-10-25 00:00:00","Thompson","Sadler","22.5","McCulloch","12","1","0","","","","","","","","","2012-10-20 00:00:00","Cloutier","Kelly","22","Cloutier","8","2","0","2011-10-15 00:00:00","Bakkila","Weis","26","McCulloch","9","3","0","","","","","","","","","10/17","Gall","Gall","McCulloch","29","10","3","0","","","","","","","","","","","","","","","","","","","","","","","","","","","","","","","","","","","","","","","",""
"8","M","Wall1","FOTR","08, 05","13","","Y","","Y","","","Y","","","","","2","3","","","","","","","","10/15/2020","21.5","12","1","0","10/19/19","25.2","9","1","0","","","","","","","12","2017-10-14 00:00:00","14.4","8","1","0","14","2016-10-15 00:00:00","","14","7","1","0","2015-10-17 00:00:00","1458","Watkins","Thompson","25.7","McCulloch","13","8","1","0","10","11","2014-10-25 00:00:00","Lucas","Tluczek","15.3","McCulloch","7","1","0","","","","","","","","","2012-10-20 00:00:00","Ross","Ross","30","Kamarinas","15","2","0","","","","","","","","","2010-10-16 00:00:00","Peerbolte","Peerbolte","24","10","McCulloch","2","0","","","","","","","","","10/18","Thompson","Thompson","McCulloch","19","8","2","0","","","","","","","","","","","","","","","2005-10-15 00:00:00","32.7","15","2","0","","","","","","","","","","","","",""
"53","U","Bell1","FOTR","08, 06, 05, 04","1","","Y","","Y","","Y","Y","Y","Y","","","4","1","10/16/21","27","12","2","5.37","5.6","","10/17/2020","12.5","8","0","0","10/19/19","21.4","12","1","0","","","","","","","1","2017-10-14 00:00:00","25.6","14","2","0","","","","","","","","2015-10-17 00:00:00","1476","Agosta","Stopa","22.4","McCulloch","9","5","1","0","12","12","2014-10-25 00:00:00","Wallace","Clyne","22.3","McCulloch","11","2","0","","","","","","","","","2012-10-20 00:00:00","Peerbolte","Peerbolte","22","Kamarinas","12","2","0","","","","","","","","","2010-10-16 00:00:00","Dudek","Erickson","14","7","McCulloch","0","0","","","","","","","","","10/18","Nightingale","Nightingale","McCulloch","21","9","1","0","","","","","","","","","2006-10-14 00:00:00","Sendek","18.3","7","1","0","2005-10-13 00:00:00","21.4","9","0","0","13-Oct","20.5","9","1","","27","","","","","","",""
"78","U","Bell2","FOTR","09, 08, 07, 06, 05, 03","SCH","","Y","Y","Y","Y","Y","Y","","Y","","","6","2","10/16/21","32","12","1","8.3","7.42","","10/17/2020","18.5","8","0","0","10/16/19","10.1","5","0","0","2018-10-11 00:00:00","17","10","0","0","SC","SC","2017-10-12 00:00:00","18","12","0","0","SC","2016-10-11 00:00:00","","24","12","1","0","2015-10-13 00:00:00","1478","O'Connell","O'Connell","18.3","McCulloch","10","7","1","0","SCH","Sch","2014-10-23 00:00:00","O'Connell","O'Connell","29.8","McCulloch","14","1","0","2013-10-17 00:00:00","Petrella","Oconnell","18.6","Petrella","11","0","0","2012-10-16 00:00:00","O'Connell","O'Connell","30","Kamarinas","15","1","0","2011-10-13 00:00:00","O'Connell","O'Connell","24","Petrella","17","0","0","2010-10-16 00:00:00","","O'Connell","35","16","Petrella","1","0","10/13","O'Connell","Petrella","McCulloch","36","17","2","0","10/13","O'Connell","none","Petrella","28","15","1","0","2007-10-11 00:00:00","Schoolcraft","none","Petrella","17.9","12","0","0","2006-10-10 00:00:00","O'Connell","29.3","14","1","0","2005-10-13 00:00:00","24.4","10","1","0","","","","","","31","14","1","","","","",""
"54","U","Bell3","FOTR","08, 07, 05, 04","1","","Y","","Y","Y","","Y","Y","","","","4","1","10/16/21","33","13","1","5.7","7.29","","10/17/2020","25.6","10","2","0","10/19/19","31.2","12","2","0","","","","","","","1","2017-10-14 00:00:00","25.9","11","1","0","","","","","","","","2015-10-17 00:00:00","1477","Agosta","Stopa","18.7","McCulloch","9","6","0","0","12","12","2014-10-25 00:00:00","Wallace","Clyne","11.3","McCulloch","6","0","0","","","","","","","","","2012-10-25 00:00:00","Ross","Petrella","20","Kamarinas","9","3","0","","","","","","","","","2010-10-16 00:00:00","Dudek","Erickson","16","6","McCulloch","1","0","","","","","","","","","10/18","Nightingale","Nightingale","McCulloch","12","4","1","0","2007-10-13 00:00:00","Pace","Mogill","McCulloch","34.4","11","2","0","","","","","","","2005-10-15 00:00:00","19","8","0","0","16-Oct","26.7","9","1","","","","","","","","",""
"2414","M","Bish1","","","","","","","","","","","","","","","","","","","","","","","","","","","","","","","","","","","","","","","","","","","0","0","0","","","","","","","","","","","","","","","","","","","","","","","","","","","","","","","","","","","","","","","","","","","","","","","","","","","","","","","","","","","","","","","","","","","","","","","","","","","","","","","","","","","","","","","","","","","","","","","","","","","","","","","","","","",""
"23","M","Bish2","FOTR","09, 08, 07","FOTR","1","","Y","Y","Y","","","","","","","3","3","10/11/21","21","9","1","4.67","5.09","","10/17/2020","20.2","8","1","0","10/19/19","22.7","9","1","0","","","","","","","2","2017-10-14 00:00:00","19.5","8","1","0","","","","","","","","2015-10-17 00:00:00","1484","Koloski","Koloski","20.2","McCulloch","8","5","0","0","5","","","","","","","","","","2013-10-19 00:00:00","Faber","Faber","23.8","Faber","10","1","0","2012-10-25 00:00:00","Petrella","Bradley","17","Kamarinas","8","1","0","2011-10-15 00:00:00","Bakkila","Weis","14","McCulloch","5","1","0","","","","","","","","","10/17","Erickson","Dudek","McCulloch","25","11","1","0","10/18","Thompson","Thompson","McCulloch","38","14","1","0","2007-10-13 00:00:00","Riha","McCulloch","McCulloch","25.5","10","1","0","","","","","","","","","","","","","","","","","","","","","","","",""
"2403","MN","Evan1","","","","","","","","","","","","","","","","","","","","","","","","","","","","","","","","","","","","","","","","","","","","","","","","","","","","","","","","","","","","","","","","","","","","","","","","","","","","","","","","","","","","","","","","","","","","","","","","","","","","","","","","","","","","","","","","","","","","","","","","","","","","","","","","","","","","","","","","","","","","","","","","","","","","","","","",""
"2404","MN","Evan2","","","","","","","","","","","","","","","","4","10/16/21","14","8","1","6.1","6.71","","10/17/2020","21.3","10","1","0","10/19/19","15.7","9","1","0","","","","","","","3","2017-10-14 00:00:00","12.5","8","0","0","12","2016-10-15 00:00:00","","16","8","1","0","","","","","","","","","","","","","","","","","","","","","","","","","","","","","","","","","","","","","","","","","","","","","","","","","","","","","","","","","","","","","","","","","","","","","","","","","","","","","","","","","","","","","","","","","","","","","","","","","","","",""
"2420","MN","Evan3","","","","","","","","","","","","","","","","","10/16/21","2","2","0","10","10","","","0","0","0","0","","0","0","0","0","","","","","","","","","0","0","0","0","","","","","","","","","","","","","","","","","","","","","","","","","","","","","","","","","","","","","","","","","","","","","","","","","","","","","","","","","","","","","","","","","","","","","","","","","","","","","","","","","","","","","","","","","","","","","","","","","","","","","","","","","","",""
"2419","MN","Evan5","","","","","","","","","","","","","","","","","","","","","","","","","0","0","0","0","","0","0","0","0","","","","","","","","","0","0","0","0","","","","","","","","","","","","","","","","","","","","","","","","","","","","","","","","","","","","","","","","","","","","","","","","","","","","","","","","","","","","","","","","","","","","","","","","","","","","","","","","","","","","","","","","","","","","","","","","","","","","","","","","","","",""
"72","L","Fel1","FOTR","08, 06, 04, 03, 02, 01","2","","Y","","Y","","Y","","Y","Y","Y","Y","6","","10/16/21","32","14","1","4.65","5.1","","","","","","","10/19/19","20.5","6","2","0","2018-10-13 00:00:00","15.3","5","1","0","1","","","","","","","9","2016-10-15 00:00:00","","26","12","1","0","","","","","","","","","","","","1","2014-10-25 00:00:00","Agosta","Meszaros","36.8","McCulloch","16","2","0","2013-10-19 00:00:00","Cutler","Cutler","23.4","Petrella","8","1","0","2012-10-20 00:00:00","Evans","Evans","30","Petrella","11","1","0","","","","","","","","","2010-10-16 00:00:00","Gall","Gall","31","12","McCulloch","2","1","","","","","","","","","10/18","McCulloch/Peerbolte","McCulloch","McCulloch","33","16","2","0","","","","","","","","","2006-10-15 00:00:00","Flowers","33.7","10","3","0","","","","","","16-Oct","21.5","10","1","","26.2","12","1","","25.9","10","20.1","12"
"73","L","Fel2","FOTR","09, 07, 06, 04, 03, 02","","","Y","Y","","Y","Y","","Y","Y","Y","","6","","","","","","","","","","","","","","","","","","","2018-10-13 00:00:00","12.2","5","1","0","1","","","","","","","9","2016-10-15 00:00:00","","36","16","3","0","","","","","","","","","","","","2","2014-10-25 00:00:00","Boegehold","Camilleri","18.2","McCulloch","8","0","0","2013-10-19 00:00:00","Cutler","Cutler","39.4","Petrella","14","3","0","","","","","","","","","2011-10-15 00:00:00","Gruelle","Gruelle","25","McCulloch","10","2","0","2010-10-16 00:00:00","Gall","Gall","25","11","McCulloch","0","0","10/17","Ross","Ross","McCulloch","14","7","0","0","","","","","","","","","2007-10-13 00:00:00","Best","Best","Ross","31.8","11","0","0","2006-10-24 00:00:00","Petrella","23.2","10","1","0","","","","","","16-Oct","27.1","13","2","","36.8","15","2","","19.6","8","",""
"20","L","Fel4","FOTR","08, 07, 05","2","2","","","Y","Y","","Y","","","","","3","11","","","","","","","","","","","","","","","","","","","","","","","","10","2017-10-14 00:00:00","17.5","8","2","0","","","","","","","","2015-10-17 00:00:00","1475","Rodrigues","Rodrigues","32.5","McCulloch","13","10","2","0","11","2","2014-10-25 00:00:00","Boegehold","Imeji","10.1","McCulloch","4","0","0","2013-10-19 00:00:00","Peerbolte","Stowe","24.6","Stowe","10","1","0","2012-10-20 00:00:00","Wallace","Wallace","24","Petrella","12","0","0","2011-10-15 00:00:00","Gruelle","Austin, O","25","McCulloch","10","2","0","","","","","","","","","","","","","","","","","10/18","Belair","Belair","McCulloch","32","13","3","0","2007-10-13 00:00:00","Best","Best","McCulloch","41.3","20","2","0","","","","","","","2005-10-15 00:00:00","32.8","16","2","0","","","","","","","","","","","","",""
"2391","L","Fel5","FOTR","","","","","","","","","","","","","","","","","","","","","","","","","","","","10/19/19","22","7","1","0","","","","","","","","","","","","","","","","","","","","","","","","","","","","","","","1","2014-10-25 00:00:00","Agosta","Meszaros","34.8","McCulloch","18","3","0","2013-10-19 00:00:00","Peerbolte","Stowe","24.7","Stowe","8","2","0","","","","","","","","","","","","","","","","","","","","","","","","","","","","","","","","","","","","","","","","","","","","","","","","","","","","","","","","","","","","","","","","","","","","","","","",""
"2401","L","Fel6","","","","","","","","","","","","","","","","11","10/16/21","29","10","2","5.69","5.97","","","","","","","","","","","","","","","","","","","","","","","","","","","","","","","","","","","","","","","","","","","","","","","","","","","","","","","","","","","","","","","","","","","","","","","","","","","","","","","","","","","","","","","","","","","","","","","","","","","","","","","","","","","","","","","","","","","","","","","","","","","","","","","","","",""
"84","L","Fowl1","FOTR","09, 07, 06, 05, 04, 03, 02","3","","Y","Y","","Y","Y","Y","Y","Y","Y","Y","8","13","10/16/21","23","10","1","5.44","5.78","","10/17/2020","28.2","10","2","1","10/19/19","26.7","10","2","0","2018-10-13 00:00:00","15.3","5","0","0","2","","","","","","","","","","","","","","2015-10-17 00:00:00","1460","Fusaro","Tuncay","21.5","Tuncay","9","4","0","0","6","3","2014-10-25 00:00:00","Rodrigues","Rodrigues","37.7","McCulloch","13","3","2","2013-10-19 00:00:00","Sadler","Tykoski","17.6","Tykoski","7","1","0","2012-10-20 00:00:00","Rodriguez","Rodriguez","41","Rodiguez","16","2","0","","","","","","","","","2010-10-16 00:00:00","Corsun","Sadler","39","14","McCulloch","2","0","10/17","Ross","Ross","McCulloch","19","9","1","0","","","","","","","","","2007-10-13 00:00:00","Samota","Samota","McCulloch","31.7","15","1","0","2006-10-14 00:00:00","Pace","26.1","8","3","1","2005-10-15 00:00:00","26.7","10","1","0","16-Oct","23.3","11","1","","38.8","16","1","","33.1","9","32.3","13"
"21","L","Fowl2","FOTR","08, 07, 06","3","","Y","","Y","Y","Y","","","","","","3","13","","","","","","","","","","","","","","","","","","2018-10-13 00:00:00","19.4","7","1","0","2","","","","","","","","","","","","","","2015-10-17 00:00:00","1459","Fusaro","Tuncay","21.8","Tuncay","9","4","1","0","6","3","2014-10-25 00:00:00","Rodrigues","Rodrigues","25.8","McCulloch","9","2","0","2013-10-19 00:00:00","Tykoski","Sadler","24","Tykoski","8","2","0","2012-10-20 00:00:00","Rodriguez","Rodriguez","28","Rodriguez","12","1","0","","","","","","","","","2010-10-16 00:00:00","Corsun","Corsun","26","12","McCulloch","3","0","","","","","","","","","10/18","Belair","Belair","McCulloch","21","8","2","0","2007-10-13 00:00:00","Samota","Samota","McCulloch","25.8","10","2","0","2006-10-14 00:00:00","Pace","27.4","12","3","0","","","","","","","","","","","","","","","","","",""
"69","MN","Frank1","FOTR","08, 07, 04, 03, 02","4","3","","","Y","Y","","","Y","Y","Y","","5","","","","","","","","","","","","","","","","","","","","","","","","","","","","","","","1","","","","","","","","","","","","","","","","","","8","","","","","","","","","","","","","","","","","2012-10-20 00:00:00","Halliday","Halliday","18","Kamarinas","9","3","0","2011-10-15 00:00:00","Halliday","Halliday","28","McCulloch","11","2","0","","","","","","","","","","","","","","","","","10/18","Ross","Ross","McCulloch","17","7","1","0","2007-10-13 00:00:00","Sadler","Sadler","McCulloch","13.5","10","1","0","","","","","","","","","","","","20-Oct","24","8","1","1","24","10","1","","20.2","8","",""
"2376","MN","Frank2","","","4","3","Y","","","","","","","","","","","14","10/16/21","20","8","1","10","10","","10/17/2020","20.1","8","1","0","","","","","","","","","","","","","","","","","","1","2016-10-15 00:00:00","","12","6","0","0","2015-10-17 00:00:00","1485","Camilleri","Camilleri","9.4","McCulloch","5","4","0","0","4","8","2014-10-25 00:00:00","Rigsby","Weis","30","McCulloch","12","2","0","","","","","","","","","2012-10-20 00:00:00","Halliday","Halliday","34","Kamarinas","16","2","0","2011-10-15 00:00:00","Halliday","Halliday","28","McCulloch","14","2","0","2010-10-16 00:00:00","Elliott","Mogill","15","7","McCulloch","0","0","","","","","","","","","","","","","","","","","","","","","","","","","","","","","","","","","","","","","","","","","","","","","","","",""
"48","M","Ing1","FOTR","09, 07, 05, 03, 02","13","","Y","Y","","Y","","Y","","Y","","","4","","10/11/21","31","14","1","5.58","6.72","","10/17/2020","24.2","12","0","0","10/19/19","27.7","12","1","0","","","","","","","2","2017-10-14 00:00:00","20.6","13","0","0","14","2016-10-15 00:00:00","","21","10","0","0","2015-10-17 00:00:00","1278","Koloski","Koloski","5.4","McCulloch","4","3","0","0","5","","","","","","","","","","2013-10-19 00:00:00","Faber","Faber","32","Faber","14","1","0","2012-10-20 00:00:00","Ross","Ross","36","Kamarinas","14","2","0","","","","","","","","","2010-10-16 00:00:00","Peterson","Peerbolte","28","11","McCulloch","2","0","10/17","Erickson","Dudek","McCulloch","29","12","2","0","","","","","","","","","2007-10-13 00:00:00","Riha","McCulloch","McCulloch","36.3","17","2","0","","","","","","","2005-10-15 00:00:00","30.5","15","2","0","","","","","","42.2","16","2","","","","",""
"81","M","John1","FOTR","09, 06, 05, 04, 03, 02","","4","","Y","","","Y","Y","Y","Y","Y","Y","7","7","10/16/21","36","17","4","4.95","4.88","","10/17/2020","40.7","22","4","0","10/19/19","50.9","20","5","0","","","","","","","","","","","","","","","","","","","","2015-10-17 00:00:00","1471","Hunt","Dodd","29.6","McCulloch","11","7","2","0","2","","","","","","","","","","2013-10-19 00:00:00","McCulloch","McCulloch","48.5","Thompson","25","4","1","","","","","","","","","2011-10-15 00:00:00","McCulloch","Agosta","39","McCulloch","20","3","1","","","","","","","","","10/17","McCulloch","McCulloch","McCulloch","47","20","5","1","","","","","","","","","","","","","","","","","2006-10-14 00:00:00","Corsun","38.8","19","5","0","2005-10-15 00:00:00","35","13","3","0","16-Oct","24","10","4","","15","6","2","","41","17","27","13"
"85","M","John2","FOTR","09, 07, 06, 05, 04, 03,02,01","","13","","Y","","Y","Y","Y","Y","Y","Y","Y","8","7","10/20/21","33","20","4","5.66","5.48","","10/17/2020","41.7","21","3","0","10/19/19","47.7","20","2","0","","","","","","","","","","","","","","","","","","","","2015-10-17 00:00:00","1470","Alame","Hunt","36.9","McCulloch","15","9","1","0","2","","","","","","","","","","2013-10-19 00:00:00","Scupholm","McCulloch","47.4","Petrella","18","4","1","","","","","","","","","2011-10-15 00:00:00","Agosta","McCulloch","40","McCulloch","20","4","1","","","","","","","","","10/17","McCulloch","McCulloch","McCulloch","46","24","4","0","","","","","","","","","2007-09-05 00:00:00","Best/Ross","Petrella","Petrella","47.1","20","4","0","2006-10-14 00:00:00","Corsun","39.8","16","4","0","2005-10-15 00:00:00","36.5","17","4","0","16-Oct","33.1","16","3","","42.5","15","2","","23.5","15","17.6","8"
"86","M","John3","FOTR","09, 07, 06, 05, 04,03,02,01","","13","","Y","","Y","Y","Y","Y","Y","Y","Y","8","8","10/23/21","34","16","3","5","5.12","","10/17/2020","30.9","12","2","0","","","","","","2018-10-13 00:00:00","44.2","20","4","0","3","","","","","","","6","2016-10-15 00:00:00","","34","15","2","0","","","","","","","","","","","","","","","","","","","","","2013-10-25 00:00:00","Meszaros","Petrella","31.3","Petrella","14","3","0","","","","","","","","","2011-10-15 00:00:00","Peterson","Wallace","30","McCulloch","13","3","0","","","","","","","","","10/17","Robertson","Thompson","McCulloch","51","22","4","1","","","","","","","","","2007-10-13 00:00:00","Thompson","Thompson","McCulloch","50.5","19","5","0","2006-10-14 00:00:00","Thompson","31.1","16","3","0","2005-10-15 00:00:00","30","12","4","1","16-Oct","26","11","2","","26","13","3","","35","14","9","4"
"74","M","John5","FOTR","07, 06, 05,04,03, 02","14","4","","","","Y","Y","Y","Y","Y","Y","","6","","10/16/21","37","15","2","4.91","4.62","","10/15/2020","35.7","13","2","0","","","","","","2018-10-13 00:00:00","29.1","10","2","0","4","5","2017-10-14 00:00:00","40.5","14","3","0","","","","","","","","","","","","","","","","","","","7","2014-10-25 00:00:00","Kandilian","Kandilian","40","McCulloch","11","3","1","","","","","","","","","2012-10-20 00:00:00","Kandilian","Kandalian","39","Kamarinas","14","2","0","2011-10-15 00:00:00","Wallace","Wallace","21","McCulloch","8","1","0","","","","","","","","","","","","","","","","","","","","","","","","","2007-09-30 00:00:00","Ross/Riha/Gruelle/Adams","Petrella","Petrella","38.9","16","3","0","2006-10-14 00:00:00","Thompson","28.5","12","3","0","2005-10-09 00:00:00","40","17","3","0","16-Oct","25","9","1","1","30","13","1","","29","12","",""
"24","M","John6","FOTR","09, 08, 05","","5","","Y","Y","","","Y","","","","","3","","","","","","","","","","","","","","","","","","","2018-10-13 00:00:00","37.4","16","2","0","4","","","","","","","6","2016-10-15 00:00:00","","39","15","3","0","","","","","","","","","","","","6","2014-10-25 00:00:00","Krabbenhoft","Bakkila","41.8","McCulloch","20","3","0","2013-10-25 00:00:00","Meszaros","Petrella","27.7","Petrella","10","1","0","","","","","","","","","2011-10-15 00:00:00","Thompson","Rodrigues","47","McCulloch","18","3","0","","","","","","","","","10/17","Nightingale","Nightingale","Nightingale","45","18","4","0","10/18","Flowers","Flowers","McCulloch","42","15","2","0","","","","","","","","","","","","","","","2005-10-15 00:00:00","32","15","2","0","","","","","","","","","","","","",""
"25","M","John7","FOTR","09, 08, 07","11","","","Y","Y","Y","","","","","","","3","8","10/23/21","40","20","5","5.28","5.57","","10/17/2020","27.5","13","2","0","","","","","","2018-10-13 00:00:00","39","17","5","0","3","5","2017-10-14 00:00:00","32.9","13","3","0","","","","","","","","2015-11-08 00:00:00","1497","Thompson","Thompson","47.6","Thompson","24","19","6","3","ST","7","2014-10-25 00:00:00","Kandilian","Stopa","34","McCulloch","15","3","0","","","","","","","","","2012-10-20 00:00:00","Thompson","Thompson","31","Thompson","12","2","0","","","","","","","","","","","","","","","","","10/17","Robertson","Thompson","McCulloch","37","17","4","1","10/18","Flowers","Flowers","McCulloch","31","13","3","0","2007-10-13 00:00:00","Thompson","Thompson","McCulloch","30.9","13","2","0","","","","","","","","","","","","","","","","","","","","","","","",""
"2377","M","John8","","","11","5","Y","","","","","","","","","","","","10/17/21","50","22","5","4.52","4.9","","","","","","","","","","","","2018-10-13 00:00:00","35.2","15","5","1","5","","","","","","","","","","","","","","","","","","","","","","","","","","2014-10-14 00:00:00","Petrella","McGallagher","51.9","McCulloch","20","4","1","","","","","","","","","2012-10-20 00:00:00","Thompson","Thompson","41","Thompson","17","3","1","2011-10-15 00:00:00","Thompson","Rodrigues","51","McCulloch","18","5","2","2010-10-07 00:00:00","Thompson","Thompson","53","22","Petrella","5","2","","","","","","","","","","","","","","","","","","","","","","","","","","","","","","","","","","","","","","","","","","","","","","","",""
"2415","L","Low12","","","","","","","","","","","","","","","","","","","","","","","","","","","","","","","","","","","","","","","","","","","0","0","0","","","","","","","","","","","","","","","","","","","","","","","","","","","","","","","","","","","","","","","","","","","","","","","","","","","","","","","","","","","","","","","","","","","","","","","","","","","","","","","","","","","","","","","","","","","","","","","","","","","","","","","","","","",""
"47","L","Low2","FOTR","08, 06, 05, 04","","2","","","Y","","Y","Y","Y","","","","4","12","10/16/21","26","12","2","5.77","5.64","","10/17/2020","25.1","9","1","0","10/19/19","24.9","13","3","0","2018-10-13 00:00:00","26.4","14","2","0","6","","","","","","","2","2016-10-15 00:00:00","","15","7","0","0","","","","","","","","","","","","4","2014-10-25 00:00:00","Scupholm","Scupholm","22.5","McCulloch","8","1","0","2013-10-19 00:00:00","Evans","Marcot","27.5","Evans","11","2","0","","","","","","","","","2011-11-02 00:00:00","Petrella","Ross","30","Petrella","11","1","0","","","","","","","","","","","","","","","","","10/18","McCulloch/Peerbolte","McCulloch","McCulloch","34","16","3","0","","","","","","","","","2006-10-14 00:00:00","Nightingale","40.7","14","2","1","2005-10-15 00:00:00","37.6","18","1","0","16-Oct","24.7","12","0","","","","","","","","",""
"2392","L","Low3","FOTR","","","","","","","","","","","","","","","","","","","","","","","","","","","","","","","","","","","","","","","","","","","","","2","2016-10-15 00:00:00","","15","5","1","0","","","","","","","","","","","","4","2014-10-25 00:00:00","Scupholm","Scupholm","40.8","McCulloch","12","3","1","2013-10-19 00:00:00","Thompson","Thompson","26.9","Thompson","10","1","0","","","","","","","","","","","","","","","","","","","","","","","","","","","","","","","","","","","","","","","","","","","","","","","","","","","","","","","","","","","","","","","","","","","","","","","",""
"2393","L","Low4","FOTR","","","","","","","","","","","","","","","","","","","","","","","","","","","","","","","","","2018-10-17 00:00:00","19.5","8","1","0","WC","4","2017-10-14 00:00:00","12.4","4","1","0","","","","","","","","","","","","","","","","","","","5","2014-10-25 00:00:00","Nowicki","Nowicki","22.4","McCulloch","9","2","0","2013-10-19 00:00:00","Thompson","Thompson","27.5","Thompson","9","2","0","","","","","","","","","","","","","","","","","","","","","","","","","","","","","","","","","","","","","","","","","","","","","","","","","","","","","","","","","","","","","","","","","","","","","","","",""
"2399","L","Low5","","","","","","","","","","","","","","","","","","","","","","","","","","","","","","","","","","","","","","","","","","","","","","","","","","","","","","","","","","","","","","","","","","","","","","","","","","","","","","","","","","","","","","","","","","","","","","","","","","","","","","","","","","","","","","","","","","","","","","","","","","","","","","","","","","","","","","","","","","","","","","","","","","","","","","","",""
"2400","L","Low8","","","","","","","","","","","","","","","","","","","","","","","","","","","","","","","","","","","","","","","","","","","","","","","","","","","","","","","","","","","","","","","","","","","","","","","","","","","","","","","","","","","","","","","","","","","","","","","","","","","","","","","","","","","","","","","","","","","","","","","","","","","","","","","","","","","","","","","","","","","","","","","","","","","","","","","",""
"71","L","LR-1","WC","09, 08,07,06,05","","","","Y","Y","Y","Y","Y","","","","","5","","","","","","","","","","","","","","","","","","","2018-10-15 00:00:00","30.8","12","2","0","WC","","","","","","","WC","2016-10-18 00:00:00","","37","16","3","0","2015-10-13 00:00:00","1492","Mullett","Flowers","26.5","Thompson","12","6","2","0","WC","WC","2014-10-23 00:00:00","Thompson","Thompson","34.3","Thompson","16","3","0","2013-11-05 00:00:00","Petrella","Thompson","25.2","Thompson","10","3","0","","","","","","","","","","","","","","","","","","","","","","","","","10/14","Flowers","Flowers","Thompson","26","10","3","0","11/5","Thompson","Thompson","Thompson","36","15","2","0","2007-10-24 00:00:00","Flowers","Flowers","Best","20.4","10","3","0","2006-10-25 00:00:00","Flowers-WC","29.5","12","4","0","2005-11-03 00:00:00","18.2","8","2","0","","","","","","","","","","","","",""
"87","L","LR-10","WC","10","WC","WC","Y","","","","","","","","","","","","","","","","","","","","","","","","","","","","","2018-10-18 00:00:00","13.3","5","1","0","WC","WC","2017-10-17 00:00:00","17.2","7","2","0","","","","","","","","2015-10-20 00:00:00","1495","Flowers","Thompson","33","Thompson","14","9","3","0","WC","WC","2014-10-23 00:00:00","Flowers","Flowers","23.2","Thompson","9","2","0","2013-10-11 00:00:00","Flowers","Flowers","18.6","Thompson","6","2","0","2012-10-12 00:00:00","Flowers","Flowers","22","Thompson","9","2","0","2011-10-18 00:00:00","Thompson","Thompson","32","Thompson","12","2","0","2010-10-25 00:00:00","Thompson","Thompson","31","13","Thompson","2","0","","","","","","","","","","","","","","","","","","","","","","","","","","","","","","","","","","","","","","","","","","","","","","","",""
"2382","L","LR-11","","","WC","WC","Y","","","","","","","","","","","","","","","","","","","","","","","","","","","","","","","","","","","","","","","","","","","","","","","","","","","","","","","","","","","WC","","","","","","","","","","","","","","","","","2012-10-12 00:00:00","Flowers","Flowers","25","Thompson","11","2","0","2011-10-18 00:00:00","Thompson","Thompson","21","Thompson","9","2","0","2010-10-27 00:00:00","Thompson","Thompson","18","7","Thompson","2","0","","","","","","","","","","","","","","","","","","","","","","","","","","","","","","","","","","","","","","","","","","","","","","","",""
"2396","L","LR-11A","","","","","","","","","","","","","","","","","","","","","","","","","","","","","","","","","","2018-10-24 00:00:00","18.7","10","1","0","WC","WC","2017-10-17 00:00:00","20.4","8","2","0","WC","2016-10-19 00:00:00","","28","13","2","0","","","","","","","","","","","","WC","2014-10-25 00:00:00","Thompson","Thompson","28.7","Thompson","11","2","0","","","","","","","","","","","","","","","","","","","","","","","","","","","","","","","","","","","","","","","","","","","","","","","","","","","","","","","","","","","","","","","","","","","","","","","","","","","","","","","",""
"2387","L","LR-12","WC","","WC","","","","","","","","","","","","","","","","","","","","","","","","","","11/5/19","38.7","14","2","0","2018-10-17 00:00:00","24.7","9","3","0","WC","WC","2017-10-10 00:00:00","28.6","13","2","0","","","","","","","","2015-10-13 00:00:00","1500","Mullett","Flowers","29.7","Thompson","12","8","2","0","WC","WC","2014-10-23 00:00:00","Flowers","Flowers","29.9","Thompson","12","2","0","2013-10-15 00:00:00","Thompson","Thompson","39.7","Thompson","19","3","0","2012-10-12 00:00:00","Thompson","Thompson","37","Thompson","18","3","0","","","","","","","","","","","","","","","","","","","","","","","","","","","","","","","","","","","","","","","","","","","","","","","","","","","","","","","","","","","","","","","",""
"37","L","LR-2","WC","","WC","","","","","Y","Y","Y","","","","","3","","","","","","","","","","","","","","","","","","","","","","","","","","","","","","","","","","","","","","2015-10-13 00:00:00","1491","Mullett","Flowers","24.6","Thompson","11","5","1","0","WC","WC","2014-10-23 00:00:00","Thompson","Thompson","30.5","Thompson","12","1","0","2013-10-11 00:00:00","Flowers","Flowers","21.3","Thompson","10","1","0","2012-10-12 00:00:00","Thompson","Thompson","27","Thompson","11","1","0","","","","","","","","","","","","","","","","","","","","","","","","","","","","","","","","","2007-10-17 00:00:00","Thompson","Thompson","Best","32.4","12","2","0","2006-11-06 00:00:00","Thompson-WC","39.6","15","3","0","2005-10-28 00:00:00","23.5","9","2","0","","","","","","","","","","","","",""
"38","L","LR-3","WC","","WC","WC","Y","","","Y","Y","Y","","","","","3","","","","","","","","","","","","","","","","","","","2018-10-18 00:00:00","21.5","9","2","0","WC","WC","2017-10-20 00:00:00","27.6","11","2","0","","","","","","","","2015-10-10 00:00:00","1494","Petrella","Thompson","23.5","Thompson","9","7","2","0","WC","WC","2014-10-11 00:00:00","Thompson","Petrella","34","Thompson","13","2","0","2013-10-12 00:00:00","Thompson","Thompson","22.8","Thompson","9","2","0","2012-10-11 00:00:00","Flowers","Flowers","26","Thompson","10","3","0","2011-10-14 00:00:00","Thompson","Flowers","23","Thompson","10","3","0","2010-10-27 00:00:00","Thompson","Thompson","22","8","Thompson","3","0","","","","","","","","","","","","","","","","","2007-10-09 00:00:00","Thompson","Thompson","Best","34.5","13","3","0","2006-11-01 00:00:00","Flowers-WC","30.4","12","3","0","2005-10-28 00:00:00","35","12","2","0","","","","","","","","","","","","",""
"39","L","LR-4","WC","","","","","","","Y","Y","Y","","","","","3","","","","","","","","","","","","","","","","","","","","","","","","","WC","2017-10-23 00:00:00","23.4","9","2","0","","","","","","","","","","","","","","","","","","","","","","","","","","","","","","","","","","","","","","","","","","","","","","","","","","","","","","","","","","","","","","","","","","","","","","","","","","","","2007-10-19 00:00:00","Thompson","Thompson","Best","24.7","12","2","0","2006-11-02 00:00:00","Flowers-WC","25.3","9","2","0","2005-11-03 00:00:00","23.7","9","2","0","","","","","","","","","","","","",""
"9","L","LR-5","WC","08, 07","","","","","Y","Y","","","","","","","2","","","","","","","","","","","","","","","","","","","","","","","","","10","","","","","","","","","","","","","2015-10-17 00:00:00","1472","Rodrigues","Rodrigues","21.2","McCulloch","10","6","1","0","11","P","","","","","","","","","2013-10-15 00:00:00","Thompson","Thompson","23.9","Thompson","12","1","0","","","","","","","","","","","","","","","","","","","","","","","","","","","","","","","","","10/28","Flowers","Flowers","Thompson","25","9","2","0","2007-10-19 00:00:00","Thompson","Thompson","Best","30.7","12","2","0","2006-11-06 00:00:00","Thompson-WC","39.7","17","3","0","","","","","","","","","","","","","","","","","",""
"40","L","LR-6","WC","09, 08, 07","WC","WC","","Y","Y","Y","","","","","","","3","","","","","","","","","","","","","","","","","","","","","","","","","WC","2017-10-23 00:00:00","24.3","11","2","0","","","","","","","","2015-10-20 00:00:00","1493","Flowers","Thompson","24.6","Thompson","11","7","3","0","WC","WC","2014-10-23 00:00:00","Flowers","Flowers","24.9","Thompson","8","2","0","2013-10-11 00:00:00","Flowers","Flowers","24.7","Thompson","10","2","0","2012-10-11 00:00:00","Flowers","Flowers","21","Thompson","8","2","0","2011-10-14 00:00:00","Thompson","Thompson","18","Thompson","11","0","0","","","","","","","","","10/15","Thompson","Thompson","Thompson","24","12","2","0","10/29","Thompson","Thompson","Thompson","24","12","1","0","2007-10-29 00:00:00","Thompson","Thompson","Best","20","9","1","0","","","","","","","","","","","","","","","","","","","","","","","",""
"36","L","LR-7","WC","09, 08, 07","","WC","","Y","Y","Y","","","","","","","3","","","","","","","","","","","","","","","","","","","","","","","","","","","","","","","WC","2016-10-17 00:00:00","","31","14","1","0","","","","","","","","","","","","","","","","","","","","","","","","","","","","","","","","","","","","","2011-10-18 00:00:00","Thompson","Thompson","31","Thompson","18","1","0","","","","","","","","","10/28","Thompson","Thompson","Thompson","30","17","0","0","10/21","Flowers","Flowers","Thompson","25","12","1","0","2007-11-07 00:00:00","Flowers","Flowers","Best","40","18","3","0","","","","","","","","","","","","","","","","","","","","","","","",""
"10","L","LR-8","WC","09, 08","","WC","Y","Y","Y","","","","","","","","2","12","","","","","","","","","","","","","","","","","","2018-10-13 00:00:00","34.6","15","2","0","6","4","2017-10-14 00:00:00","35.9","14","3","0","","","","","","","","","","","","","","","","","","","5","2014-10-25 00:00:00","Nowicki","Nowicki","24.5","McCulloch","14","1","0","2013-10-19 00:00:00","Marcot","Evans","24.7","Evans","11","2","0","","","","","","","","","2011-10-17 00:00:00","Thompson","Thompson","43","Thompson","21","2","0","2010-10-29 00:00:00","Thompson","Thompson","23","15","Thompson","1","0","10/8","Flowers","Thompson","Thompson","30","16","2","0","10/3","Flowers","Thompson","Thompson","38","20","1","0","","","","","","","","","","","","","","","","","","","","","","","","","","","","","","","",""
"11","L","LR-9","WC","09, 08","","","Y","Y","Y","","","","","","","","2","","","","","","","","","","","","","","","","","","","","","","","","","","","","","","","","","","","","","","","","","","","","","","","","","","","","","","","","","","","","","","","","","","","","","","","","","","","","","","","","","","2010-10-22 00:00:00","Best","Best","31","13","Thompson","0","0","10/8","Flowers","Thompson","Thompson","49","20","2","1","10/21","Flowers","Flowers","Thompson","44","17","2","1","","","","","","","","","","","","","","","","","","","","","","","","","","","","","","","",""
