ID,SITE_NAME,SITE_LOCAT,WATERBODY_,SWS,LONGITUD,LATITUDE,BRANCH,FIELDID,FOTR/WC,SP2022 SQI,SP2022 TAXA,SP2022 EPT,SP2022 WQRF,SP2022 COLL,SP2022 DATE,SP2022 TEAM,SP2021 TEAM,SP2021 DATE,SP2021 SQI,SP2021 TAXA,SP2021 INSECT TAXA,SP2021 EPT,SP2021 SENS,SP2021 WQR,SP2021 WQRF,SP2020 TEAM,SP2020 DATE,SP2020 COLL,SP2020 FIELDID,SP2020 LABID,SP2020 SQI,SP2020 TAXA,SP2020 EPT,SP2020 SENS,SP2020 Salt,AVE,SP19 TEAM,SP19 DATE,SP19 COLL,SP19 FIELDID,SP19 LABID,SP19 SQI,SP19 TAXA,SP19 EPT,SP19 SENS,SP18 TEAM,SP18 DATE,SP18 COLL,SP18 FIELDID,SP18 LABID,SP18 SQI,SP18 TAXA,SP18 EPT,SP18 SENS,SP17 TEAM,SP17 DATE,SP17 COLL,SP17 FIELDID,SP17 LABID,SP17 SQI,SP17 TAXA,SP17 EPT,SP17 SENS,SP16 Team,SP16 DATE,SP16 COLL,SP16 FIELDID,SP16LABID,SP16 SQI,SP16 TAXA,SP16 EPT,SP16 SENS,SP15 DATE,SP15 COLL,SP15 FIELDID,SP15 LABID,SP15 SQI,SP15 TAXA,SP15 EPT,SP15 SENS,SP15,SP14,SP14 COLL,SP14 FIELDID,SP14 LABID,SP14 SQI,SP14 TAXA,SP14 EPT,SP14 SENS,SP13,SP13 COLL,SP13 FIELDID,SP13 LABID,SP13 SQI,SP13 TAXA,SP13 EPT,SP13 SENS,SP12 DATE,SP12 COLL,SP12 FIELDID,SP12 LABID,SP12 SQI,SP12 TAXA,SP12 EPT,SP12 SENS,SP11 DATE,SP11 COLL,SP11 FIELDID,SP11 LABID,SP11 SQI,SP11 TAXA,SP11 EPT,SP11 SENS,SP10 DATE,SP10 COLL,SP10 FIELDID,SP10 LABID,SP10 SQI,SP10 TAXA,SP10EPT,SP10SENS,SP09ERR,SP09,SP09COLL,SP09ID,SP09 SQI,SP09 TAXA,SP09 EPT,SP09 SENS,SP08 DATE,SP08COLLECTOR,SP08ID,SP08IDLAB,SP08 SQI,SP08 TAXA,SP08EPT,SP08 SENS,SP07 DATE,SP07COLLECTOR,SP07ID,SP07IDLAB,SP07 SQI,SP07 TAXA,SP07EPT,SP07 SENS,SP06DATE,SP06SAMPLER,SP06 SQI,SP06 TAXA,SP06 EPT,SP06 SENS,SP05 DATE,SAMPLER,SP05 SQI,SP05 TAXA,SP05 EPT,SP05 SENS,SP04 DATE,SP04 SQI,SP04 TAXA,SP03 SQI,SP03TAXA,SP02 SQI,SP02TAXA,SP01 SQI,SP01TAXA
49,Bicentennial Park,7 Mile/Newburgh Rd,Bell Branch,M1,-83.39666,42.42924,U,Bell1,FOTR,22,10,1,6.210000038,Breisch,4/23/2022,2,1,4/17/2021,27.29999924,12,7,1,0,,,,,,,,,,,,,22,,,,,,,,,,11,4/21/2018,Esma Tuncay,Esma Tuncay,Bruce McCulloch,23.20000076,8,1,0,9,5/6/2017,Wallace,Wallace,McCulloch,24.39999962,9,1,0,2,4/16/16,Bakkila,Verstraete,Petrella,9.2,5,0,0,,,,,,,,,,4/12/14,Dombrowski,Koloski,McCulloch,15,6,1,0,,,,,,,,,4/17/2012,O'Connell,O'Connell,Petrella,27,13,1,0,4/30/2011,Halliday,Halliday,McCulloch,24,8,2,0,5/18/2010,Eisenmann,Petrella,Petrella,28,13,2,0,-0.229135053,4/25/2009,Sadler,Weis,27,12,1,0,4/26/2008,Knoppow,Mogill,McCulloch,19.1,8,1,0,,,,,,,,,4/29/2006,Fochler,26,8,1,0,,,,,,,4/22/2004,20.8,8,18,10,,,,
1,Schoolcraft College,6 Mile/Haggerty,Bell Branch,U,-83.42,42.42,U,Bell2,Sch,13,6,0,10,Devlin,4/23/2022,Sch,Sch,4/17/2021,29.60000038,14,8,0,0,,,,,,,,,,,,,,Sch,,,,,,,,,Sch,4/24/2018,Diane O'Connell,Diane O'Connell,Sally Petrella,19.60000038,11,0,0,Sch,4/18/2017,O'Connell,,Petrella,21.20000076,10,4,0,Sch,4/16/16,O'Connell,,Petrella,17.6,9,1,0,4/18/2015,O'Connell,O'Connell,Petrella,30,13,1,0,Sch,4/19/14,,,,20,10,0,0,4/23/13,O'Connell,O'Connell,Kamarinas,34,14,2,0,,,,,,,,,,,,,,,,,4/22/2010,O'Connell,,McCulloch,34,14,1,0,,4/25/2009,Groves,,30,16,1,0,,,,,,,,,,,,,,,,,,,,,,,,,,,,,4/22/2004,27,15,,,,,,
2,Livonia,6 Mile/Farmington,Bell Branch,U,-83.39285,42.41015,U,Bell3,FOTR,11,6,0,10,Disipio,4/23/2022,2,1,4/17/21,29.10000038,10,6,1,0,,,,,,,,,,,,,,,,,,,,,,,11,4/21/2018,Esma Tuncay,Esma Tuncay,Bruce McCulloch,21.29999924,11,1,0,,,,,,,,,,2,4/16/16,Bakkila,Verstraete,Petrella,16.5,8,1,0,,,,,,,,,,4/12/14,Dombrowski,Koloski,McCulloch,33,11,2,0,4/27/13,Weis,Cassady,Kamarinas,30,10,2,0,,,,,,,,,,,,,,,,,5/18/2010,Eisenmann,Petrella,Petrella,32,10,2,0,,,,,,,,,4/26/2008,Knoppow,Mogill,McCulloch,14.1,6,1,0,,,,,,,,,4/29/2006,Fochler,16,6,1,0,,,,,,,4/24/2004,24,10,,,,,,
50,Old Bishop site,,Bishop Creek,M1,,,M,Bish1,FOTR,,,,,,,,,,,,,,,,,,,,,,,,,,,,,,,,,,,,,,,,,,,,,,,,,,,,,,,,,,,,,,,,,,,,,,,,,,,,,,,,,,,,,,,,,,,,,,,,,,,,,,,,,,,,,,,,,,,,,,,,,,,,,,,,,,,,,,,,,,,,,,,,,,,,,4/24/2004,15.3,6,17.2,6,21.2,10,21.5,9
3,Bishop Creek Scarborough,10 Mile/Meadowbrook,Bishop Creek,M,-83.45151,42.47131,M,Bish2,FOTR,,,,,,,,2,4/17/2021,28.29999924,10,7,1,1,,,,,,,,,,,,,,,,,,,,,,,,,,,,,,,,3,5/6/2017,Aaron,Stopa,McCulloch,26.29999924,11,1,0,12,4/16/16,Thompson,Thompson,Petrella,31.8,14,1,0,,,,,,,,,,4/12/14,Vankerckhove,Tykoski,McCulloch,15,8,1,0,4/27/13,Evans,Peerbolte,Petrella,21,11,1,0,4/17/2012,Kandalian,Kandalian,McCulloch,21,8,1,0,4/30/2011,Marcot,Tykoski,McCulloch,18,7,1,0,4/24/2010,Phipps,Ross,McCulloch,25,10,1,0,,4/25/2009,Erickson,Dudek,16,7,1,0,4/26/2008,Weis,Ross,McCulloch,23.6,10,1,0,,,,,,,,,,,,,,,,,,,,,,,,,,,,,
2019,Evans Creek,Green Spruce,Evans Creek,,-83.233603,42.504517,MN,Evan1,FOTR,,,,,,,,,,,,,,,,,,,,,,,,,,,,,,,,,,,,,,,,,,,,,,,,,,,,,,,,,,,,,,,,4/18/2015,Muller,Meszaros,McCulloch,15.2,9,0,0,14,5/9/14,Petrella,Petrella,Petrella,14,9,0,0,,,,,,,,,,,,,,,,,,,,,,,,,,,,,,,,,,,,,,,,,,,,,,,,,,,,,,,,,,,,,,,,,,,,,,,,,,,,,
2028,,,Evans Creek,,,,MN,Evan2,FOTR,16,6,1,7,Ableson,4/23/2022,6,3,4/17/2021,12.30000019,6,3,1,0,,,,,,,,,,,,,,FOTR,4/9/19,Sally Petrella,Sally Petrella,Sally Petrella,18.29999924,7,0,0,,,,,,,,,,,,,,,,,,,11,4/16/16,Berger,Getschman,Petrella,18.6,9,1,0,4/18/2015,Meszaros,Muller,McCulloch,13.7,7,0,0,14,,,,,,,,,,,,,,,,,,,,,,,,,,,,,,,,,,,,,,,,,,,,,,,,,,,,,,,,,,,,,,,,,,,,,,,,,,,,,,,,,,,,,
2043,,,Evans Creek,,,,MN,Evan3,,,,,,,,,,,0,0,0,0,0,0,0,,,,,,0,0,0,0,0,,,,,,,0,0,0,0,,,,,,0,0,0,0,,,,,,0,0,0,0,,,,,,,,,,,,,,,,,,,,,,,,,,,,,,,,,,,,,,,,,,,,,,,,,,,,,,,,,,,,,,,,,,,,,,,,,,,,,,,,,,,,,,,,,,,,,,,,,,,,,,,
51,Fellows Plymouth,Napier/Powell,Fellows Creek,L1,-83.53988,42.35729,L,Fel1,FOTR,,,,,,,,,,,,,,,,,,,,,,,,,,,,,,,,,,,,,,,,,,,,,,6,5/6/2017,Kukulski,Weis,McCulloch,26.70000076,10,1,0,3,4/16/16,Camilleri,Liu,Petrella,27.6,8,1,0,,,,,,,,,,4/12/14,Ross,Ross,McCulloch,37,14,3,1,4/27/13,Wallace,Wallace,McCulloch,33,11,2,0,4/17/2012,Gall,Austin,McCulloch,26,9,2,0,4/30/2011,"Steiner, L","Steiner, T",McCulloch,22,8,1,0,,,,,,,,,,,,,,,,,,,,,,,,,4/28/2007,Curran,Pace,McCulloch,22.2,10,1,0,4/29/2006,Pace,36,14,1,1,,,,,,,4/24/2004,37.9,15,23.5,11,33.6,12,32.9,15
4,South Fellows,Ford/Ridge,Fellows Creek,L1,-83.5246,42.31932,L,Fel2,FOTR,,,,,,,,ST,4/19/21,39,15,10,2,0,,,,,,,,,,,,,,,,,,,,,,,13,4/21/2018,Steve Weis,Mike Flowers,Bruce McCulloch,26.39999962,11,1,0,6,5/6/2017,Kukulski,Weis,McCulloch,32.20000076,11,2,0,3,4/16/16,Morgan,Liu,Petrella,37.3,15,3,0,,,,,,,,,,4/12/14,Ross,Ross,McCulloch,20,10,2,1,4/27/13,Wallace,Wallace,McCulloch,23,11,0,0,,,,,,,,,6/2/2011,Halliday,Petrella,Petrella,33,16,3,2,4/24/2010,Gruelle,Gruelle,Tluzek/Mc,40,15,3,2,,,,,,,,,4/26/2008,Belair,Hughes,Petrella,25.6,8,1,0,4/28/2007,Curran,Pace,McCulloch,31,13,3,1,4/29/2006,Pace,23,9,1,1,4/23/2005,FOTR,26.7,13,1,0,4/24/2004,22.6,12,22,9,23.4,12,,
5,Flodin Pk,"Saltz Rd, between Morton Taylor and Sheldon",Fellows Creek,L1,-83.46471,42.31346,L,Fel4,FOTR,,,,,,,,,,,,,,,,,,,,,,,,,,,,,,,,,,,,,WC,4/13/2018,Mike Flowers,Sue Thompson,Sue Thompson,27.79999924,11,1,0,,,,,,,,,,,,,,,,,,,4/18/2015,Stowe,Evans,Thompson,33.2,15,1,0,3,,,,,,,,,,,,,,,,,4/17/2012,Gall,Austin,McCulloch,20,9,1,0,4/30/2011,Wallace,Wallace,McCulloch,18,8,0,0,4/24/2010,Sadler,Gruelle,Tluzek/Mc,25,11,0,0,,,,,,,,,4/26/2008,Belair,Hughes,Petrella,24.8,8,1,0,4/28/2007,Belair,Petrella,McCulloch,24,10,1,0,4/29/2006,Corsun,26,10,2,0,5/3/2005,FOTR,12.3,6,1,0,,,,,,,,,
2016,,,Fellows Creek,,,,L,Fel5,FS,,,,,,,,,,,,,,,,,,,,,,,,,,,,,,,,,,,,,,,,,,,,,,8,5/6/2017,Peterson,Peterson,McCulloch,41.09999847,12,2,1,,,,,,,,,,4/18/2015,Krabbenhoft,Krabbenhoft,Thompson,41.1,13,1,0,4,,,,,,,,,,,,,,,,,,,,,,,,,,,,,,,,,,,,,,,,,,,,,,,,,,,,,,,,,,,,,,,,,,,,,,,,,,,,,,,,,,,,,
2022,,,Fellows Creek,,,,L,Fel6,FS,,,,,,,,,,,,,,,,,,,,,,,,,,,,,,,,,,,,,13,4/21/2018,Mike Flowers,Steve Weis,Bruce McCulloch,40,13,4,1,8,5/6/2017,Peterson,Peterson,McCulloch,22.20000076,8,2,0,,,,,,,,,,4/18/2015,Camilleri,Krabbenhoft,Thompson,24.8,8,3,1,4,,,,,,,,,,,,,,,,,,,,,,,,,,,,,,,,,,,,,,,,,,,,,,,,,,,,,,,,,,,,,,,,,,,,,,,,,,,,,,,,,,,,,
6,Fowler Cr,Prospect/Cherry Hill,Fowler Creek,L1,-83.60516,42.30423,L,Fowl1,FOTR,39,17,4,5.480000019,Cosme,4/23/2022,12,8,4/17/21,20.20000076,9,7,2,1,,,,,,,,,,,,,,FOTR,4/9/19,Sally Petrella,Sally Petrella,Sue Thompson,33,14,5,2,1,4/21/2018,Jeremy Richardson,Jeremy Richardson,Bruce McCulloch,31.39999962,13,4,2,,,,,,,,,,,,,,,,,,,4/18/2015,Tuncay,McCulloch,McCulloch,42.2,19,5,1,16,4/12/14,Evans,Evans,Thompson,34,12,4,2,4/27/13,Bocks,Cloutier,McCulloch,43,19,4,2,,,,,,,,,4/30/2011,Front,Tluczek,McCulloch,37,15,7,3,4/24/2010,McCulloch,McCulloch,McCulloch,38,17,6,1,,,,,,,,,,,,,,,,,4/28/2007,Gruelle,McCulloch,McCulloch,49,21,6,1,4/29/2006,Flowers,45,18,6,3,5/18/2005,REP,23.3,13,4,0,4/24/2004,29.2,11,34.9,13,23,10,30.4,13
7,Beck Rd,"Beck Road, N of Geddes, east side of Rd",Fowler Creek,L1,-83.50515,42.28226,L,Fowl2,FOTR,,,,,,,,8,4/17/2021,24.10000038,8,4,2,0,,,,,,,,,,,,,,,,,,,,,,,1,4/21/2018,Jeremy Richardson,Jeremy Richardson,Bruce McCulloch,25.39999962,8,2,0,,,,,,,,,,1,4/16/16,Tuncay,Tuncay,Tuncay/Petrella,22.4,8,2,0,4/18/2015,McCulloch,Tuncay,McCulloch,25.9,11,1,0,16,4/12/14,Marcot,Evans,Thompson,21,8,2,0,4/27/13,Cloutier,Cloutier,McCulloch,28,12,2,0,,,,,,,,,,,,,,,,,4/24/2010,McCulloch,McCulloch,McCulloch,41,16,5,1,,,,,,,,,4/26/2008,Williams,Best,McCulloch,33,12,3,0,4/28/2007,McCulloch,McCulloch,McCulloch,46,17,3,0,4/29/2006,Flowers,28,8,3,0,5/3/2005,FOTR,20,7,2,0,,,,,,,,,
2045,,,Lower Rouge,,,,L,Fowl5,,,,,,,,,,,0,0,0,0,0,0,0,,,,,,0,0,0,0,0,,,,,,,0,0,0,0,,,,,,0,0,0,0,,,,,,0,0,0,0,,,,,,,,,,,,,,,,,,,,,,,,,,,,,,,,,,,,,,,,,,,,,,,,,,,,,,,,,,,,,,,,,,,,,,,,,,,,,,,,,,,,,,,,,,,,,,,,,,,,,,,
8,Franklin,Franklin Cider Mill (14 Mile/Franklin Rd),Franklin Creek,M1/2,-83.30585,42.53024,MN,Frank1,FOTR,,,,,,,,,,,,,,,,,,,,,,,,,,,25.625,,,,,,,,,,5,4/21/2018,Alex Reiber,Alex Reiber,Bruce McCulloch,13,5,0,0,,,,,,,,,,7,4/16/16,Stowe,Stowe,Petrella,24.4,10,1,0,,,,,,,,,,4/12/14,Meszaros,Meszaros,McCulloch,16,8,1,0,,,,,,,,,4/17/2012,Rodrigues,Rodrigues,McCulloch,33,14,2,0,,,,,,,,,4/24/2010,L Steiner,Robinson,McCulloch,24,9,1,0,0.336585366,4/25/2009,Knoppow,McCulloch,17,7,1,0,,,,,,,,,5/24/2007,Ross,Petrella,Petrella,39.3,13,3,0,,,,,,,4/23/2005,FOTR,17.3,7,1,0,4/24/2004,17.5,7,25.3,10,,,28.4,13
9,Inkster & Farmington,Farmington Pump Station,Franklin Creek,M1/2,-83.325381,42.529325,MN,Frank2,FOTR,,,,,,,,,,,,,,,,,,,,,,,,,,,,FOTR,4/12/19,Sally Petrella,Sally Petrella,Sally Petrella,13.30000019,7,0,0,5,4/21/2018,Anna Boegehold,Alex Reiber,Bruce McCulloch,13,5,1,0,,,,,,,,,,7,4/16/16,Stowe,Stowe,Petrella,15.4,6,1,0,,,,,,,,,,4/12/14,Meszaros,Meszaros,McCulloch,27,11,2,0,,,,,,,,,4/17/2012,Rodrigues,Rodrigues,McCulloch,24,10,2,0,,,,,,,,,4/24/2010,L Steiner,Robinson,McCulloch,25,9,2,0,,4/25/2009,Knoppow,McCulloch,28,11,1,0,,,,,,,,,,,,,,,,,,,,,,,,,,,,,,,,,,,,,
52,Ingersoll Creek,Willowbrook/10 Mile,Ingersoll Creek,M,-83.44552,42.46293,M,Ing1,FOTR,20,8,1,6.349999905,Rentschler,4/23/2022,1,2,4/17/2021,23.60000038,10,5,0,0,,,,,,,,,,,,,,,,,,,,,,,,,,,,,,,,3,5/6/2017,Stopa,Stopa,McCulloch,30.60000038,12,1,0,12,4/16/16,Thompson,Thompson,Petrella,29.6,14,1,0,,,,,,,,,,4/12/14,Berger,Tykoski,McCulloch,22,10,0,0,4/27/13,Peerbolte,Peerbolte,Petrella,18,8,1,0,,,,,,,,,4/30/2011,Tykoski,Marcot,McCulloch,25,11,1,0,,,,,,,,,,,,,,,,,4/26/2008,Weis,Ross,McCulloch,23.6,12,1,0,4/28/2007,Samota,Samota,McCulloch,26,13,0,0,4/29/2006,Sadler,18,9,0,0,4/23/2005,FOTR,18.3,8,1,0,5/5/2004,35.6,15,,,,,,
10,JC 5M Salem,5 Mile/Salem,Johnson Creek,M1,-83.58194,42.3897,M,John1,FOTR,46,17,3,5.690000057,Puckett/Petrella,4/25/2022,17,9,4/17/21,44.20000076,17,12,5,2,,,,,,,,,,,,,44.025,WC FOTR,4/9/19,Sue Thompson,Sue Thompson,Sue Thompson,42.40000153,18,4,0,,,,,,,,,,4,5/6/2017,Roose,Sosin,McCulloch,42.79999924,14,4,1,,,,,,,,,,4/18/2015,Bakkila,Bakkila,McCulloch,51.5,21,5,1,6,,,,,,,,,4/27/13,Bakkila,Nowicki,McCulloch,48,22,9,3,,,,,,,,,,,,,,,,,3/3/2010,W. Roper,Ross,McCulloch,42,13,6,3,,,,,,,,,,,,,,,,,4/28/2007,Robertson,Thompson,McCulloch,44,17,4,0,4/29/2006,Thompson,55,20,7,3,4/23/2005,FOTR,45.8,20,5,2,4/24/2004,37.4,14,42.1,18,48.4,18,37.5,11
53,JC 5M NV,5 Mile/Ridge,Johnson Creek,M1,-83.534404,42.39424,M,John2,FOTR,40,15,6,4.929999828,Thompson/Kennedy,4/27/2022,17,,,,,,,,,,,,,,,,,,,,,,,,,,,,,,,,,,,,,,,4,5/6/2017,Roose,Sosin,McCulloch,33.20000076,12,4,1,WC,5/21/16,Thompson,Thompson,Thompson,59.8,26,6,2,4/18/2015,Bakkila,Alame,McCulloch,46.2,17,7,3,6,,,,,,,,,5/15/13,Thompson,Thompson,Thompson,57,31,8,1,6/2/2012,Thompson,Thompson,Thompson,58,24,6,2,4/30/2011,Thompson,Thompson,McCulloch,45,17,8,3,,,,,,,,,,,,,,,,,,,,,,,,,4/28/2007,Robertson,Thompson,McCulloch,48.8,21,7,2,4/29/2006,Thompson,53,20,7,3,4/23/2005,FOTR,41.8,16,5,1,4/24/2004,44.3,14,37.7,12,31.6,12,39.4,13
54,JC 6M NV,6 Mile/Beck,Johnson Creek,M1,-83.51693,42.40844,M,John3,FOTR,41,16,6,5.300000191,Thompson/Kennedy,4/27/2022,17,9,4/17/21,35.59999847,16,11,4,1,,,,,,,,,,,,,,,,,,,,,,,,,,,,,,,,2,5/6/2017,Krabbenhoft,Krabbenhoft,McCulloch,31.20000076,12,4,2,6,4/16/16,Kukulski,Meszaros,Thompson,27.1,12,3,1,,,,,,,,,,4/12/14,Thompson,Thompson,McCulloch,49,18,6,2,4/27/13,Bakkila,Nowicki,McCulloch,52,20,7,3,,,,,,,,,,,,,,,,,,,,,,,,,,,,,,,,,4/26/2008,Samota,Samota,McCulloch,38.9,15,6,1,,,,,,,,,4/29/2006,Gray,37,12,4,1,4/10/2005,FOTR,33,11,3,0,4/24/2004,30.3,10,34.5,10,43,15,32,11
55,JC FH,Fish Hatchery Park,Johnson Creek,M1,-83.49289,42.4224,M,John5,FOTR,,,,,,,,,,,,,,,,,,,,,,,,,,,21.75,,,,,,,,,,2,4/21/2018,Sue Thompson,Sue Thompson,Bruce McCulloch,39.70000076,14,4,1,,,,,,,,,,,,,,,,,,,4/18/2015,Semegen,Semegen,McCulloch,34.4,12,2,1,18,4/12/14,Lackey,Thompson,McCulloch,38,14,4,2,,,,,,,,,4/17/2012,Thompson,Thompson,McCulloch,28,10,2,0,,,,,,,,,,,,,,,,,-1.114942529,4/25/2009,Nightingale,Nightingale,46,16,5,2,,,,,,,,,,,,,,,,,4/29/2006,Gray,21,8,2,0,4/10/2005,FOTR,26,10,2,1,4/24/2004,23,8,26,7,17,8,26,9
11,JC Hines,Hines/Sheldon,Johnson Creek,M1,-83.48138,42.42546,M,John6,FOTR,,,,,,,,,,,,,,,,,,,,,,,,,,,,,,,,,,,,,2,4/21/2018,Sue Thompson,Sue Thompson,Bruce McCulloch,40.70000076,16,4,1,,,,,,,,,,6,4/16/16,Kukulski,Meszaros,Thompson,43.7,16,4,1,4/18/2015,Semegen,Semegen,McCulloch,25.5,11,3,1,18,4/12/14,Semegen,Semegen,McCulloch,45,18,3,0,,,,,,,,,4/17/2012,Thompson,Thompson,McCulloch,35,14,3,1,,,,,,,,,4/24/2010,Gorring,Thompson,McCulloch,43,16,4,0,,,,,,,,,4/26/2008,Thompson,Thompson,McCulloch,14.6,6,1,0,,,,,,,,,4/29/2006,Sendek,20,9,2,0,4/23/2005,FOTR,10,4,2,0,,,,,,,,,
12,JC Arcadia,"Arcadia, south of 6 Mile, west of Beck",Johnson Creek,M1,-83.521992,42.405276,M,John7,FOTR,,,,,,,,,,,,,,,,,,,,,,,,,,,40.85,,,,,,,,,,,,,,,,,,,2,5/6/2017,Krabbenhoft,Krabbenhoft,McCulloch,22.20000076,8,2,1,,,,,,,,,,4/19/2015,Thompson,Thompson,Thompson,45.3,22,6,2,,4/12/14,McCulloch,McCulloch,McCulloch,30,15,6,1,4/27/13,Cutler,Thompson,McCulloch,39,19,6,2,,,,,,,,,4/30/2011,Thompson,Thompson,McCulloch,35,16,6,2,,,,,,,,,0.069767442,4/25/2009,Nightingale,Nightingale,38,17,6,2,4/26/2008,Samota,Samota,McCulloch,45.7,19,6,2,4/28/2007,Cousin,Weis,McCulloch,36,13,3,1,,,,,,,,,,,,,,,,,,,,,
22,Sump Drain,7 Mile & Napier S,Johnson Creek,M1,-83.54396,42.42148,M,John8,FOTR,46,18,5,4.159999847,Thompson,4/10/2022,ST,ST,4/25/2021,51.90000153,21,15,6,2,4.710000038,4.75,,,,,,,,,,,,,,,,,,,,,,,,,,,,,,5,5/6/2017,Mackenzie,Thompson,McCulloch,45.90000153,19,5,1,,,,,,,,,,4/18/2015,Boegehold,Salsaa,Thompson,36.1,14,6,2,5,,,,,,,,,4/27/13,Cutler,Thompson,McCulloch,48,23,9,3,4/17/2012,Degrande,Halliday,McCulloch,47,19,6,2,4/30/2011,Sadler,Collins,McCulloch,54,23,7,3,4/24/2010,Thompson,Thompson,McCulloch,62,27,7,3,,,,,,,,,,,,,,,,,,,,,,,,,,,,,,,,,,,,,,,,,,,,,
2038,,,Lower Rouge,,-83.474042,42.2838277,L,Low12,FOTR,,,,,,,,,,,,,,,,,,,,,,,,,,,,,,,,,,,,,FOTR,6/2/2018,Rachel Disipio,Sally Petrella,none,21.5,7,1,0,FOTR,6/3/2017,Thompson,Petrella,Petrella,35.79999924,14,2,0,,,,,,,,,,,,,,,,,,,,,,,,,,,,,,,,,,,,,,,,,,,,,,,,,,,,,,,,,,,,,,,,,,,,,,,,,,,,,,,,,,,,,,,,,,,,,,,,,,,,,,,
56,Lower Ridge,Cherry Hill/Ridge,Lower Rouge,L1,-83.53793,42.30724,L,Low2,FOTR,17,8,1,7,Davis,4/23/2022,11,ST,4/19/21,41.90000153,16,12,6,2,,,,,,,,,,,,,,,,,,,,,,,12,4/21/2018,Melissa Meszaros,Melissa Meszaros,Bruce McCulloch,33.59999847,13,0,0,1,5/6/2017,McCulloch,McCulloch,McCulloch,27.20000076,11,1,1,,,,,,,,,,4/18/2015,Thompson,Thompson,McCulloch,31.5,13,0,0,10,4/12/14,Rodrigues,Rodrigues,McCulloch,22,9,3,1,4/29/13,Petrella,Petrella,Petrella,24,9,2,2,,,,,,,,,4/30/2011,"Steiner, L","Steiner, T",McCulloch,28,10,2,0,,,,,,,,,,,,,,,,,4/26/2008,Best,Best,McCulloch,44,19,3,2,4/28/2007,Petrella,Petrella,McCulloch,30,12,1,1,4/29/2006,Boley,37,12,3,1,4/23/2005,FOTR,24.2,9,2,1,4/24/2004,30.3,12,18.2,6,,,,
2017,,,Lower Rouge,,,,L,Low3,FOTR,,,,,,,,,,,,,,,,,,,,,,,,,,,,,,,,,,,,,,,,,,,,,,,,,,,,,,,5,4/16/16,Krabbenhoft,Krabbenhoft,Petrella,43.3,14,3,0,4/18/2015,Sweetapple,Thompson,McCulloch,32.8,12,2,0,10,4/12/14,Rodrigues,Rodrigues,McCulloch,32,12,3,0,,,,,,,,,,,,,,,,,,,,,,,,,,,,,,,,,,,,,,,,,,,,,,,,,,,,,,,,,,,,,,,,,,,,,,,,,,,,,
2018,,,Lower Rouge,,,,L,Low4,FOTR,,,,,,,,,,,,,,,,,,,,,,,,,,,,,,,,,,,,,WC,4/13/2018,Sue Thompson,Sue Thompson,Sue Thompson,18.60000038,8,1,0,,,,,,,,,,,,,,,,,,,4/18/2015,Fotiu,Cassady,McCulloch,21.4,9,1,0,13,4/12/14,Weis,Weis,McCulloch,26,9,2,0,,,,,,,,,,,,,,,,,,,,,,,,,,,,,,,,,,,,,,,,,,,,,,,,,,,,,,,,,,,,,,,,,,,,,,,,,,,,,
2020,,,Lower Rouge,,,,L,Low5,FS,,,,,,,,,,,,,,,,,,,,,,,,,,,,,,,,,,,,,,,,,,,,,,,,,,,,,,,,,,,,,,,,4/18/2015,Fotiu,Cassady,McCulloch,29.6,11,2,0,13,,,,,,,,,,,,,,,,,,,,,,,,,,,,,,,,,,,,,,,,,,,,,,,,,,,,,,,,,,,,,,,,,,,,,,,,,,,,,,,,,,,,,
2021,,,Lower Rouge,,,,L,Low8,FS,,,,,,,,,,,,,,,,,,,,,,,,,,,,,,,,,,,,,,,,,,,,,,,,,,,,,,,,,,,,,,,,,,,,,,,,,,,,,,,,,,,,,,,,,,,,,,,,,,,,,,,,,,,,,,,,,,,,,,,,,,,,,,,,,,,,,,,,,,,,,,,,,,,,,,,,,,,,,
74,Commerce Court,"Michigan Ave, WCDOE Office",Lower Rouge,L2,-83.42027,42.280425,L,LR-1,WC,,,,,,,,,,,,,,,,,,,,,,,,,,,27,WC REP,5/8/9,Sue Thompson,Sue Thompson,Sue Thompson,26.60000038,10,2,0,WC,4/10/2018,Sue Thompson,Sue Thompson,Sue Thompson,28.70000076,12,1,0,,,,,,,,,,,,,,,,,,,4/17/2015,Flowers,Flowers,McCulloch,29.5,12,2,0,WC,4/11/14,Thompson,Thompson,Thompson,39,15,2,0,5/21/13,Thompson,Thompson,Thompson,35,14,2,0,,,,,,,,,,,,,,,,,,,,,,,,,-0.074074074,5/6/2009,Flowers,Flowers,29,13,4,0,4/30/2008,Flowers,Thompson,Best,26,10,3,0,5/2/2007,Thompson,Thompson,Best,34.2,12,2,0,5/3/2006,Thompson-WC,25.4,13,3,0,4/28/2005,WC,20.4,9,1,0,,,,,,,,,
28,Tonda Elementary,Warren & Beck,Fellows Creek,L1,-83.49962,42.333084,L,LR-10,WC,,,,,,,,,,,,,,,,,,,,,,,,,,,,FOTR,4/9/19,Sally Petrella,Sally Petrella,Sally Petrella,22,9,2,0,WC,4/10/2018,Sue Thompson,Sue Thompson,Sue Thompson,22.29999924,8,2,0,,,,,,,,,,WC,4/18/16,Flowers,Mullett,Thompson,30.4,13,3,0,4/20/2015,Flowers,Flowers,Thompson,27.7,11,1,0,WC,4/22/14,Thompson,Thompson,Thompson,25,11,1,0,5/9/13,Mullett,Flowers,Thompson,26,11,2,0,4/25/2012,Tuomari,Thompson,Thompson,28,12,1,0,6/3/2011,Thompson,Thompson,Thompson,24,10,2,0,,,,,,,,,,,,,,,,,,,,,,,,,,,,,,,,,,,,,,,,,,,,,,,,,,,,,
2033,,,Lower Rouge,,,,L,LR-11,FOTR,,,,,,,,,,,,,,,,,,,,,,,,,,,,,,,,,,,,,,,,,,,,,,,,,,,,,,,WC,4/20/16,Flowers,Mullett,Thompson,19.4,10,1,0,,,,,,,,,,,,,,,,,,,,,,,,,,,,,,,,,,,,,,,,,,,,,,,,,,,,,,,,,,,,,,,,,,,,,,,,,,,,,,,,,,,,,,,,,,,,,,
2009,Ford Field,,Lower Rouge,L2,-83.245757,42.31094,L,LR-11A,WC,,,,,,,,,,,,,,,,,,,,,,,,,,,,,,,,,,,,,WC,4/11/2018,Sue Thompson,Sue Thompson,Sue Thompson,19.5,9,1,0,WC,4/26/2017,Flowers,Flowers,Thompson,14.19999981,7,1,0,WC,4/25/16,Flowers,Flowers,Thompson,22.9,12,1,0,5/18/2015,Thompson,Thompson,Thompson,25.7,14,1,0,WC,4/22/14,Thompson,Thompson,Thompson,18,8,1,0,5/2/13,Thompson,Thompson,Thompson,12,6,1,0,4/25/2012,Tuomari,Thompson,Thompson,22,10,1,0,6/8/2011,Thompson,Thompson,Thompson,25,13,2,0,,,,,,,,,,,,,,,,,,,,,,,,,,,,,,,,,,,,,,,,,,,,,,,,,,,,,
2013,,,Lower Rouge,,,,L,LR-12,WC,,,,,,,,ST,4/19/21,43,15,10,3,0,,,,,,,,,,,,,,FOTR,4/9/19,Sally Petrella,Sally Petrella,Sally Petrella,25.60000038,9,2,0,WC,4/11/2018,Mike Flowers,Sue Thompson,Sue Thompson,14.5,6,1,0,,,,,,,,,,WC,4/15/16,Flowers,Flowers,Thompson,29.8,12,2,0,4/17/2015,Thompson,Thompson,Thompson,35.6,14,3,0,WC,4/11/14,Thompson,Thompson,Thompson,34,13,2,0,5/9/13,Thompson,Thompson,Thompson,35,16,2,0,4/25/2012,Tuomari,Thompson,Thompson,37,14,4,0,,,,,,,,,,,,,,,,,,,,,,,,,,,,,,,,,,,,,,,,,,,,,,,,,,,,,,,,,,,,,
75,WTUA,"Geddes/Beck, north, d/s of outfall E of Beck",Lower Rouge,L2,-83.503009,42.281962,L,LR-2,WC,,,,,,,,,,,,,,,,,,,,,,,,,,,,,,,,,,,,,WC,,,,,,,,,,,,,,,,,,WC,4/15/16,Flowers,Flowers,Thompson,29.1,12,1,0,4/17/2015,Flowers,Flowers,Thompson,34.8,14,4,1,WC,4/11/14,Thompson,Thompson,Thompson,24,9,1,0,,,,,,,,,,,,,,,,,,,,,,,,,,,,,,,,,,,,,,,,,5/16/2008,Best,Best,Best,43,17,3,0,4/20/2007,Thompson,Thompson,Best,18.3,8,2,0,5/4/2006,Thompson-WC,37.2,14,3,0,,,,,,,,,,,,,,,
76,Goudy Park,Park near Wayne and Michigan Ave,Lower Rouge,L2,-83.381855,42.284848,L,LR-3,WC,,,,,,,,,,,,,,,,,,,,,,,,,,,,,,,,,,,,,,,,,,,,,,,,,,,,,,,Y,,,,,,,,,,,,,,,,,WC,4/14/14,Thompson,Thompson,Thompson,19,9,2,0,5/1/13,Thompson,Thompson,Thompson,28,12,3,0,4/25/2012,Flowers,Flowers,Thompson,16,6,2,0,6/3/2011,Thompson,Thompson,Thompson,28,8,2,0,,,,,,,,,,,,,,,,,5/13/2008,Best,Best,Best,36,15,2,0,4/16/2007,Thompson,Thompson,Best,20.3,8,2,0,4/27/2006,Thompson-WC,22.3,8,2,0,,,26.3,,,,,,,,,,,,
77,Merriman Road,Merriman and Michigan Avenue,Lower Rouge,L2,-83.3486,42.288775,L,LR-4,WC,,,,,,,,,,,,,,,,,,,,,,,,,,,,,,,,,,,,,,,,,,,,,,WC,4/19/2017,Thompson,Thompson,Thompson,26.39999962,10,2,0,,,,,,,,,,,,,,,,,,,,,,,,,,,,,,,,,,,,,,,,,,,,,,,,,,,,,,,,,,,,,,,,,,,5/16/2008,Thompson,Thompson,Best,26,11,1,0,4/23/2007,Flowers,Flowers,Best,17.5,7,2,0,5/2/2006,Thompson,15.4,7,1,0,5/18/2005,REP,25.3,9,1,0,,,,,,,,,
29,Meadows of Canton FOTR Site,Lotz & Palmer,Fellows Creek,L1,-83.435806,42.294514,L,LR-5,WC,,,,,,,,,,,,,,,,,,,,,,,,,,,,,,,,,,,,,,,,,,,,,,,,,,,,,,,1,4/16/16,Tuncay,Weis,Tuncay/Petrella,20.3,9,0,0,4/18/2015,Stowe,Evans,Thompson,18.4,9,1,0,3,,,,,,,,,,,,,,,,,,,,,,,,,5/13/2011,Flowers,Flowers,Thompson,15,7,0,0,6/5/2010,McCulloch,McCulloch,McCulloch,27,15,1,0,,6/6/2009,McCulloch,McCulloch,36,16,2,0,5/16/2008,Thompson,Thompson,Best,27,15,1,0,6/2/2007,Thompson,Thompson,Best,39,17,3,0,,,,,,,,,,,,,,,,,,,,,
78,Wayne WDM 201 Site,,Lower Rouge,L2,-83.38388,42.285,L,LR-6,WC,,,,,,,,,,,,,,,,,,,,,,,,,,,29.83,,,,,,,,,,WC,4/10/2018,Mike Flowers,Sue Thompson,Sue Thompson,17.39999962,7,2,0,WC,4/26/2017,Flowers,Flowers,Thompson,24.29999924,10,2,0,WC,4/18/16,Flowers,Mullett,Thompson,37.8,16,2,0,4/17/2015,Thompson,Thompson,Thompson,31.6,15,2,0,WC,4/14/14,Thompson,Thompson,Thompson,22,9,2,0,5/1/13,Thompson,Thompson,Thompson,23,9,2,0,4/25/2012,Flowers,Flowers,Thompson,26,12,2,0,6/8/2011,Thompson,Thompson,Thompson,19,8,0,0,,,,,,,,,-0.206703911,5/18/2009,Flowers,Flowers,36,14,2,0,5/19/2008,Thompson,Thompson,Best,26,12,2,0,4/24/2007,Thompson,Thompson,Best,27.5,12,2,0,,,,,,,,,,,,,,,,,,,,,
30,Delaney Creek,Ecorse & Hannan,Delaney Creek,L1,-83.4248,42.2484,L,LR-7,WC,,,,,,,,,,,,,,,,,,,,,,,,,,,,,,,,,,,,,,,,,,,,,,WC,4/17/2017,Flowers,Flowers,Thompson,33.70000076,13,1,0,WC,4/15/16,Flowers,Flowers,Thompson,30.9,15,1,0,,,,,,,,,,,,,,,,,,,,,,,,,,,,,,,,,,5/13/2011,Flowers,Flowers,Thompson,30,12,1,0,5/17/2010,Thompson,Thompson,Thompson,35,17,1,0,,4/24/2009,Thompson,Thompson,33,16,1,0,5/19/2008,Thompson,Thompson,Best,38,15,1,0,,,,,,,,,,,,,,,,,,,,,,,,,,,,,
31,Ridge & Proctor,,Lower Rouge,L1,-83.541846,42.295976,L,LR-8,WC,,,,,,,,,,,,,,,,,,,,,,,,,,,,,,,,,,,,,12,4/21/2018,Melissa Meszaros,Melissa Meszaros,Bruce McCulloch,43.70000076,16,4,1,1,5/6/2017,McCulloch,McCulloch,McCulloch,37.29999924,15,3,1,5,4/16/16,Krabbenhoft,Krabbenhoft,Petrella,26.3,11,2,1,,,,,,,,,,4/12/14,Weis,Weis,McCulloch,36,13,2,1,,,,,,,,,,,,,,,,,5/13/2011,Flowers,Flowers,Thompson,36,15,4,2,5/17/2010,Thompson,Thompson,Thompson,40,17,3,1,,5/15/2009,Flowers,Flowers,31,13,3,1,,,,,,,,,,,,,,,,,,,,,,,,,,,,,,,,,,,,,
32,Warren & Beck,,Fellows Creek,L1,-83.509238,42.33667,L,LR-9,WC,,,,,,,,,,,,,,,,,,,,,,,,,,,,,,,,,,,,,,,,,,,,,,WC,4/19/2017,Flowers,Flowers,Thompson,29.5,11,0,0,Y,,,,,,,,,,,,,,,,,,,,,,,,,,,,,,,,,,4/25/2012,Flowers,Flowers,Thompson,33,14,2,0,,,,,,,,,5/17/2010,Thompson,Thompson,Thompson,53,21,3,1,,4/17/2009,Flowers,Flowers,34,13,1,1,,,,,,,,,,,,,,,,,,,,,,,,,,,,,,,,,,,,,
57,Firefighters Pk,Coolidge/I-75,Main Rouge,M1/2,-83.17984,42.60991,MN,Main1,FOTR,32,11,2,5.340000153,Hunt,4/23/2022,7,4,4/23/2021,36.09999847,13,8,3,0,,,,,,,,,,,,,,,,,,,,,,,,,,,,,,,,,,,,,,,,,8,4/16/16,Stopa,Agosta,Petrella,29.7,12,2,0,,,,,,,,,,,,,,,,,,4/27/13,Tykoski,Agosta,McCulloch,26,11,1,0,4/17/2012,Evans,Stopa,McCulloch,29,13,1,0,5/1/2011,Eisenman,Eisenman,McCulloch,26,14,1,0,,,,,,,,,,,,,,,,,4/26/2008,McCulloch,McCulloch,McCulloch,19.2,10,1,0,,,,,,,,,5/2/2006,Suender,40,14,3,0,4/23/2005,FOTR,16.5,7,1,0,5/5/2004,29.6,12,28.3,14,20.1,9,,
2015,HF Estate Dam,,Main Rouge,,,,MN,Main10,FOTR,,,,,,,,,,,,,,,,,,,,,,,,,,,,,,,,,,,,,,,,,,,,,,,,,,,,,,,,,,,,,,,,,,,,,,,,,S,,,,,,,,,,,,,,,,,,,,,,,,,,,,,,,,,,,,,,,,,,,,,,,,,,,,,,,,,,,,,,,,,,,,,,,,,,,,,,,,,,,,
2029,,,Quarton Branch,,,,MN,Main11,FOTR,,,,,,,,,,,,,,,,,,,,,,,,,,,,,,,,,,,,,,,,,,,,,,7,5/6/2017,Peerbolte,Berger,McCulloch,31.89999962,12,2,0,9,4/16/16,Muller,Peerbolte,Petrella,26.6,10,1,0,4/18/2015,Peterson,Kandilian,McCulloch,36.4,13,2,1,12,,,,,,,,,,,,,,,,,,,,,,,,,,,,,,,,,,,,,,,,,,,,,,,,,,,,,,,,,,,,,,,,,,,,,,,,,,,,,,,,,,,,,
13,Booth Park,Old Woodward/Euclid,Main Rouge,M1/2,-83.21774,42.54891,MN,Main3,FOTR,,,,,,,,,,,,,,,,,,,,,,,,,,,26.65,,,,,,,,,,,,,,,,,,,7,5/6/2017,Peerbolte,Berger,McCulloch,29.60000038,12,2,0,,,,,,,,,,4/18/2015,Weis,Berger,McCulloch,30.1,11,2,0,19,,,,,,,,,4/21/13,Eisenmann,Eisenmann,McCulloch,31,11,2,0,4/17/2012,Evans,Stopa,McCulloch,31,13,1,0,,,,,,,,,4/25/2010,L Steiner,Eisenmann,McCulloch,37,12,2,0,-0.013133208,4/25/2009,Eisenmann,McCulloch,27,10,2,0,4/26/2008,Peterson,Eisenman,McCulloch,29.7,10,2,0,,,,,,,,,,,,,,,,,,,,,,,,23.6,10,27.5,9,,
14,B'ham,15 Mile/Southfield,Main Rouge,M1/2,-83.22478,42.54242,MN,Main4,FOTR,,,,,,,,,,,,,,,,,,,,,,,,,,,,,,,,,,,,,,,,,,,,,,,,,,,,,,,,,,,,,,,,4/18/2015,Weis,Berger,McCulloch,22.8,9,1,0,19,4/12/14,Faber,Faber,McCulloch,23,11,0,0,,,,,,,,,4/17/2012,Gruelle,Gruelle,McCulloch,34,11,3,0,,,,,,,,,4/24/2010,J Springer,Mogill,McCulloch,34,16,2,0,,,,,,,,,,,,,,,,,4/28/2007,Sendek,Mogill,McCulloch,30,11,2,0,4/29/2006,Nightingale,28,9,2,0,,,,,,,4/24/2004,23.4,9,25.3,9,22.7,8,23.5,8
15,Fairway Park,Lincoln/Southfield,Main Rouge,M1/2,-83.22861,42.53718,MN,Main4.5,FOTR,,,,,,,,,,,,,,,,,,,,,,,,,,,,,,,,,,,,,9,4/21/2018,Jessica Zehr,Jessica Zehr,none,33.5,13,2,0,,,,,,,,,,9,,,,,,,,,,,,,,,,,,4/12/14,Faber,Faber,McCulloch,19,8,0,,,,,,,,,,4/17/2012,Gruelle,Gruelle,McCulloch,18,8,0,0,,,,,,,,,4/24/2010,J Springer,Mogill,McCulloch,33,14,3,0,,,,,,,,,,,,,,,,,4/28/2007,Sendek,Mogill,McCulloch,27,13,1,0,4/29/2006,Nightingale,32,12,2,0,5/2/2005,FOTR,19.5,8,2,0,,,,,,,,,
58,Douglas Evans,Evergreen/13 Mile,Main Rouge,M1/2,-83.24692,42.52219,MN,Main5,FOTR,40,16,1,6.159999847,Eisenman,4/23/2022,3,5,4/17/2021,28.79999924,10,6,2,0,,,,,,,,,,,,,21.1,WC FOTR,4/12/19,Mike Flowers,Mike Flowers,Sue Thompson,29.10000038,12,1,0,9,4/21/2018,Jessica Zehr,Jessica Zehr,none,20.39999962,8,1,0,,,,,,,,,,,,,,,,,,,,,,,,,,,,4/12/14,Clark,Agosta,McCulloch,24,9,2,0,4/30/13,Kamarinas,Petrella,Petrella,30,13,2,0,,,,,,,,,4/30/2011,Weis,Schlecht,McCulloch,33,13,1,0,,,,,,,,,-0.232227488,4/25/2009,Elliott,McCulloch,26,11,1,0,,,,,,,,,,,,,,,,,4/29/2006,Mogill-Cousin,23,12,1,0,4/23/2005,FOTR,20.7,8,1,0,4/24/2004,19.6,7,,,,,,
59,Sfld,Civic Center Dr/Telegraph,Main Rouge,M1/2,-83.2845,42.47886,MN,Main6,FOTR,26,14,1,6.429999828,Davis,4/28/2022,16,3,4/17/2021,18.39999962,8,4,2,0,,,,,,,,,,,,,,,,,,,,,,,8,4/21/2018,Bill Eisenman,Bill Eisenman,Sally Petrella,20.29999924,7,1,0,,,,,,,,,,11,4/16/16,Getschman,Getschman,Getschman,30.4,13,1,0,,,,,,,,,,4/12/14,Clark,Agosta,McCulloch,18,8,1,0,5/7/2013,Petrella,Petrella,Kamarinas,28,13,1,0,4/21/2012,McCulloch,McCulloch,McCulloch,40,14,3,1,5/4/2011,Halliday,Petrella,McCulloch,29,11,2,0,,,,,,,,,,,,,,,,,4/26/2008,Gruelle,Gruelle,McCulloch,18.4,8,1,0,4/28/2007,Dajos,Faber,McCulloch,19.1,7,1,0,4/29/2006,Cousin,17,8,1,0,,,,,,,4/24/2004,25.4,11,10,3,,,20.9,7
90,Sfld 10 Mile,,Main Rouge,M1/2,-83.288623,42.471598,MN,Main7,WC,,,,,,,,,,,,,,,,,,,,,,,,,,,,,,,,,,,,,,,,,,,,,,,,,,,,,,,,,,,,,,,,4/17/2015,Mullett,Mullett,Thompson,31.9,15,1,0,WC,4/22/14,Mullett,Mullett,Thompson,29,13,0,0,5/7/13,Flowers,Flowers,Thompson,44,17,1,0,4/21/2012,Cloutier,McCulloch,McCulloch,32,12,1,0,5/4/2011,Petrella,Halliday,McCulloch,24,11,1,0,,,,,,,,,,,,,,,,,,,,,,,,,,,,,,,,,,,,,,,,,,,,,,,,,,,,,
91,Fordson Island,,Main Rouge,M3/4,-83.14873,42.29352,MN,Main8,FOTR,,,,,,,,,,,,,,,,,,,,,,,,,,,,,,,,,,,,,,,,,,,,,,T,,,,,,,,,,,,,,,,,,5/1/2015,Petrella,Petrella,Petrella,19.6,10,0,0,SP,5/1/14,Thompson,Petrella,Petrella,24,9,0,0,5/7/13,Petrella,Petrella,Kamarinas,22,12,0,0,5/2/2012,Halliday,Petrella,Petrella,23,9,0,0,5/11/2011,Petrella,Petrella,McCulloch,21,6,0,0,,,,,,,,,,,,,,,,,,,,,,,,,,,,,,,,,,,,,,,,,,,,,,,,,,,,,
60,Northville Rec Area,Northville Rd/7 Mile,Middle Rouge,M1,-83.47546,42.42177,M,Mid1,FOTR,,,,,,,,11,4/17/2021,32.59999847,13,8,1,0,,,,,,,,,,,,,,,,,,,,,,,,,,,,,,,,,,,,,,,,,,,,,,,,,,4/18/2015,Liu,Boegehold,McCulloch,19,7,2,0,5,,,,,,,,,,,,,,,,,4/17/2012,Halliday,Halliday,McCulloch,41,19,2,0,,,,,,,,,,,,,,,,,,,,,,,,,4/26/2008,Thompson,Thompson,McCulloch,19.5,8,2,0,4/28/2007,Cousin,Weis,McCulloch,35,12,3,0,4/29/2006,Sendek,19,6,1,0,4/23/2005,FOTR,26.6,10,2,0,5/4/2004,19.4,7,,,,,,
2027,,,Middle Rouge,,,,M,Mid3,FOTR,,,,,,,,,,,,,,,,,,,,,,,,,,,,,,,,,,,,,,,,,,,,,,,,,,,,,,,,,,,,,,,,4/18/2015,Kukulski,Tluczek,McCulloch,36.8,15,2,0,15,,,,,,,,,,,,,,,,,,,,,,,,,,,,,,,,,,,,,,,,,,,,,,,,,,,,,,,,,,,,,,,,,,,,,,,,,,,,,,,,,,,,,
2032,,,Middle Rouge,,,,M,Mid5,FOTR,,,,,,,,,,,,,,,,,,,,,,,,,,,,,,,,,,,,,,,,,,,,,,,,,,,,,,,REP,6/22/16,Petrella,Petrella,Petrella,26.4,11,2,0,,,,,,,,,,,,,,,,,,,,,,,,,,,,,,,,,,,,,,,,,,,,,,,,,,,,,,,,,,,,,,,,,,,,,,,,,,,,,,,,,,,,,,,,,,,,,,
2039,,,Middle Rouge,,,,M,Mid6,,,,,,,,,,,,,,,,,,Petrella/Stark,4/18/2020,Petrella,Petrella,Petrella,15,6,2,0,5.400000095,,,,,,,,,,,,,,,,,,,,,,,,,,0,0,0,,,,,,,,,,,,,,,,,,,,,,,,,,,,,,,,,,,,,,,,,,,,,,,,,,,,,,,,,,,,,,,,,,,,,,,,,,,,,,,,,,,,,,,,,,,,,,,,,,,,,,,
61,Minnow Pond,13 Mile/Farmington,Minnow Pond,U,-83.38905,42.51274,U,Min1,FOTR,,,,,,,,,,,,,,,,,,,,,,,,,,,34.6,,,,,,,,,,10,4/21/2018,Julia Sosin,Julia Sosin,Bruce McCulloch,14,7,0,0,11,5/6/2017,Faber,Sweetapple,McCulloch,33.40000153,11,1,0,4,4/16/16,Cassady,Cassady,Petrella,29.2,10,1,0,,,,,,,,,,,,,,,,,,4/29/13,Petrella,Kamarinas,Petrella,20,8,0,0,,,,,,,,,4/30/2011,Mogill,Kandalian,McCulloch,26,10,1,0,,,,,,,,,,,,,,,,,,,,,,,,,4/28/2007,Haney,Haney,McCulloch,28,12,1,0,4/29/2006,Mogill,45,19,2,0,4/23/2005,FOTR,22,8,1,0,4/24/2004,46,19,32,11,,,,
16,OCC,Farmington Rd,Minnow Pond,U,-83.37734,42.493065,U,Min2,FOTR,,,,,,,,,,,,,,,,,,,,,,,,,,,,,,,,,,,,,10,4/21/2018,Julia Sosin,Julia Sosin,Bruce McCulloch,13,5,1,0,,,,,,,,,,,,,,,,,,,4/18/2015,Peerbolte,Peerbolte,McCulloch,30.1,12,1,0,2,4/12/14,Camilleri,Boegehold,McCulloch,16,6,1,0,,,,,,,,,4/17/2012,Blott,Weis,McCulloch,36,15,3,0,4/30/2011,Mogill,Kandalian,McCulloch,34,13,1,0,4/24/2010,D Wallace,D Wallace,McCulloch,23,11,1,0,,4/24/2009,Stowe,Ross,38,12,2,0,,,,,,,,,,,,,,,,,,,,,,,,,,,,,,,,,,,,,
17,Dunckel MS,12 Mile/OL,Minnow Pond,U,-83.37127,42.500565,U,Min3,FOTR,,,,,,,,,,,,,,,,,,,,,,,,,,,,REP,4/25/19,Erin Cassady,Erin Cassady,Erin Cassady,18.39999962,9,0,0,,,,,,,,,,,,,,,,,,,4,4/16/16,Fotiu,Cassady,Petrella,22.7,10,1,0,4/18/2015,Peerbolte,Peerbolte,McCulloch,17.5,7,0,0,2,4/12/14,Boegehold,Nowicki,McCulloch,25,10,1,0,,,,,,,,,4/17/2012,Blott,Weis,McCulloch,14,7,1,0,,,,,,,,,4/24/2010,D Wallace,D Wallace,McCulloch,25,10,2,0,,4/4/2009,training,,32,13,1,0,,,,,,,,,,,,,,,,,,,,,,,,,,,,,,,,,,,,,
2036,,,Minnow Pond,,,,U,Min4,FOTR,15,7,1,7,Puckett,4/23/2022,4,,,,,,,,,,,,,,,,,,,,,,,,,,,,,,,,,,,,,,,11,5/6/2017,Faber,Sweetapple,McCulloch,25.10000038,10,1,1,,,,,,,,,,,,,,,,,,,,,,,,,,,,,,,,,,,,,,,,,,,,,,,,,,,,,,,,,,,,,,,,,,,,,,,,,,,,,,,,,,,,,,,,,,,,,,,,,,,,,,,
33,Eight Mile,Eight Mile East of Telegraph,Main Rouge,M3/4,-83.271389,42.399722,MN,MN-1,WC,,,,,,,,,,,,,,,,,,,,,,,,,,,,,,,,,,,,,,,,,,,,,,,,,,,,,,,,,,,,,,,,,,,,,,,,,4/21/14,Mullett,Mullett,Thompson,30,12,2,0,5/7/13,Flowers,Flowers,Thompson,25,10,1,0,4/24/2012,Mullett,Mullett,Thompson,33,13,2,0,,,,,,,,,5/28/2010,Thompson,Thompson,Thompson,29,11,2,0,,5/22/2009,Flowers,Flowers,26,12,0,0,,,,,,,,,,,,,,,,,,,,,,,,,,,,,,,,,,,,,
34,Eliza Howell,5 Mile/Telegraph,Main Rouge,M3/4,-83.274722,42.438056,MN,MN-2,WC,,,,,,,,,,,,,,,,,,,,,,,,,,,,,,,,,,,,,,,,,,,,,,WC,4/18/2017,Thompson,Thompson,Thompson,28,12,2,0,,,,,,,,,,4/17/2015,Mullett,Mullett,Thompson,25,11,1,0,,4/21/14,Mullett,Mullett,Thompson,22,10,1,0,5/7/13,Flowers,Flower,Thompson,24,9,2,0,4/24/2012,Mullett,Mullett,Thompson,27,11,2,0,,,,,,,,,5/28/2010,Thompson,Thompson,Thompson,19,8,1,0,,5/22/2009,Flowers,Flowers,26,11,1,0,,,,,,,,,,,,,,,,,,,,,,,,,,,,,,,,,,,,,
2042,,,Main Rouge,,,,MN,MN-3,,,,,,,,,,,,,,,,,,,,,,,,0,0,0,0,,,,,,,,0,0,0,,,,,,,0,0,0,,,,,,,0,0,0,,,,,,,,,,,,,,,,,,,,,,,,,,,,,,,,,,,,,,,,,,,,,,,,,,,,,,,,,,,,,,,,,,,,,,,,,,,,,,,,,,,,,,,,,,,,,,,,,,,,,,,
2007,Parkland Park,,Main Rouge,M3/4,-83.247806,42.3379,MN,MN-4,WC,,,,,,,,,,,,,,,,,,,,,,,,,,,,,,,,,,,,,,,,,,,,,,WC,,,,,,,,,WC,,,,,,,,,,,,,,,,,WC,4/29/14,Thompson,Petrella,Petrella,24,10,0,0,5/8/13,Flowers,Flowers,Thompson,24,10,2,0,4/24/2012,Mullett,Mullett,Thompson,22,8,1,0,6/9/2011,Thompson,Thompson,Thompson,32,13,3,0,,,,,,,,,,,,,,,,,,,,,,,,,,,,,,,,,,,,,,,,,,,,,,,,,,,,,
2023,,,Main Rouge,,,,MN,MN-5,WC,,,,,,,,,,,,,,,,,,,,,,,,,,,,WC FOTR,4/12/19,Mike Flowers,Mike Flowers,Sue Thompson,39.29999924,14,2,1,WC,4/26/2018,Sue Thompson,Sue Thompson,Sue Thompson,42.20000076,14,2,0,WC,4/18/2017,Thompson,Thompson,Thompson,40.70000076,16,2,0,WC,4/20/16,Thompson,Thompson,Thompson,35.6,14,2,0,,,,,,,,,WC,,,,,,,,,,,,,,,,,,,,,,,,,,,,,,,,,,,,,,,,,,,,,,,,,,,,,,,,,,,,,,,,,,,,,,,,,,,,,,,,,,,,,
2030,,,Main Rouge,,,,MN,MN-6,WC,,,,,,,,,,,,,,,,,,,,,,,,,,,,,,,,,,,,,,,,,,,,,,,,,,,,,,,WC,,,,,,,,,,,,,,,,,,,,,,,,,,,,,,,,,,,,,,,,,,,,,,,,,,,,,,,,,,,,,,,,,,,,,,,,,,,,,,,,,,,,,,,,,,,,,,,,,,,,,,
2031,,,Main Rouge,,,,MN,MN-7,WC,,,,,,,,,,,,,,,,,,,,,,,,,,,,,,,,,,,,,WC,,,,,,,,,WC,4/18/2017,Thompson,Thompson,Thompson,23.70000076,9,2,0,WC,,,,,,,,,,,,,,,,,,,,,,,,,,,,,,,,,,,,,,,,,,,,,,,,,,,,,,,,,,,,,,,,,,,,,,,,,,,,,,,,,,,,,,,,,,,,,,,,,,,,,,
79,Northville Rec Area,Hines/7 Mile,Middle Rouge,M1,-83.47712,42.42487,M,MR-1,WC,,,,,,,,,,,,,,,,,,,,,,,,,,,36.34,,,,,,,,,,,,,,,,,,,,,,,,,,,,WC,4/15/16,Thompson,Thompson,Thompson,39.1,16,2,0,,,,,,,,,,4/16/14,Thompson,Thompson,Thompson,43,16,2,0,,,,,,,,,,,,,,,,,,,,,,,,,,,,,,,,,-0.155751238,5/13/2009,Mullett,Nightengale,42,16,4,0,5/6/2008,Flowers,Cullen,Best,49,22,4,0,4/17/2007,Thompson,Thompson,Best,42,13,4,0,4/28/2006,Thompson-WC,31.6,12,2,0,4/8/2005,WC,17.1,5,2,0,,,,,,,,,
35,Parr Rec Area,"Across from Wallaceville yard, S of Hines",Middle Rouge,M3,-83.27895,42.347097,M,MR-10,WC,,,,,,,,,,,,,,,,,,,,,,,,,,,,,,,,,,,,,,,,,,,,,,,,,,,,,,,,,,,,,,,,4/22/2015,Flowers,Flowers,Thompson,23.3,9,2,0,,,,,,,,,,,,,,,,,,,,,,,,,,,,,,,,,,4/28/2010,Mullett,Mullett,Thompson,23,9,2,0,,,,,,,,,,,,,,,,,4/17/2007,Flowers,Flowers,Best,23.3,9,2,0,4/6/2006,Best-WC,6.2,4,0,0,4/8/2005,WC,23.8,9,2,0,,,,,,,,,
80,Elm Grove,"East of Nankin Mills, West of Valley View Rec Area",Middle Rouge,M3,-83.3629,42.34516,M,MR-11,WC,,,,,,,,,,,,,,,,,,,,,,,,,,,11.325,,,,,,,,,,WC,,,,,,,,,WC,4/17/2017,Thompson,Thompson,Thompson,20.60000038,9,1,0,Y,,,,,,,,,,,,,,,,,,,,,,,,,,,,,,,,,,,,,,,,,,,,,,,,,,,,,,,,,,-0.412803532,5/13/2009,Mullett,Nightengale,16,6,2,0,5/6/2008,Mullet,Cullen,Best,25,11,1,0,4/17/2007,Benz,Raizada,Best,4.3,4,0,0,4/6/2006,Flowers-WC,8.1,4,1,0,,,,,,,,,,,,,,,
81,Hawthorn Valley,"East of Merriman, West of Middlebelt Hill",Middle Rouge,M3,-83.34093,42.33975,M,MR-12,WC,,,,,,,,,,,,,,,,,,,,,,,,,,,14.9,,,,,,,,,,,,,,,,,,,,,,,,,,,,Y,,,,,,,,,,,,,,,,,,,,,,,,,,,,,,,,,,,,,,,,,,,,,,,,,,,,,,,,,,-0.409395973,5/13/2009,Flowers,Flowers,21,9,1,0,5/6/2008,Thompson,Tuomari,Best,22,9,2,0,4/17/2007,Best,Best,Best,11.5,7,1,0,4/6/2006,Benz-WC,5.1,3,0,0,,,,,,,,,,,,,,,
82,Warrendale,Hines/Warren,Middle Rouge,M3,-83.26865,42.34432,M,MR-13,WC,,,,,,,,,,,,,,,,,,,,,,,,,,,,WC FOTR,4/9/19,Sue Thompson,Sue Thompson,Sue Thompson,23.5,10,2,0,WC,4/24/2018,Sue Thompson,Sue Thompson,Sue Thompson,27.39999962,10,2,0,,,,,,,,,,,,,,,,,,,4/22/2015,Flowers,Flowers,Thompson,19.2,7,2,0,WC,4/22/14,Flowers,Flowers,Thompson,17,8,1,0,5/9/13,Mullett,Tuomari,Thompson,19,9,2,0,4/27/2012,Mullett,Mullett,Thompson,16,7,2,0,,,,,,,,,,,,,,,,,,,,,,,,,5/6/2008,Thompson,Tuomari,Best,21,8,2,0,4/23/2007,Thompson,Thompson,Best,28.9,12,2,0,4/28/2006,Thompson-WC,20.6,8,2,0,5/18/2005,REP,28.8,10,2,0,,,,,,,,,
36,Smith Elementary,Byron/McKinley,Tonquish Creek,M1,-83.47638,42.36027,M,MR-14,WC,,,,,,,,,,,,,,,,,,,,,,,,,,,29.16666667,,,,,,,,,,,,,,,,,,,,,,,,,,,,Y,,,,,,,,,,,,,,,,,,,,,,,,,,,,,,,,,,,,,,,,,,,,,,,,,,5/5/2010,Thompson,Thompson,Thompson,39,20,1,0,0.074285714,4/17/2009,Thompson,Thompson,27,12,2,0,5/13/2008,Thompson,Thompson,Best,27,12,1,0,6/1/2007,Thompson,Thompson,Best,33.5,16,1,0,,,,,,,,,,,,,,,,,,,,,
37,Outer Drive,Ford Road/Outer Drive,Middle Rouge,L2,-83.2483,42.3306,M,MR-15,WC,,,,,,,,,,,,,,,,,,,,,,,,,,,,,,,,,,,,,WC,,,,,,,,,,,,,,,,,,,,,,,,,,,4/17/2015,Mullett,Mullett,Thompson,30.5,11,2,0,,,,,,,,,,,,,,,,,,,,,,,,,,,,,,,,,,4/28/2010,Mullett,Mullett,Thompson,29,14,2,0,,5/13/2009,Flowers,Flowers,24,10,2,0,5/19/2008,Best,Best,Best,19,8,2,0,,,,,,,,,,,,,,,5/18/2005,REP,15.3,7,1,0,,,,,,,,,
38,Tonquish Creek - Canoe Park,West of Ann Arbor Trail/Hines,Tonquish Creek,M3,-83.375,42.3519,M,MR-16,WC,,,,,,,,,,,,,,,,,,,,,,,,,,,,,,,,,,,,,,,,,,,,,,,,,,,,,,,WC,4/18/16,Thompson,Thompson,Thompson,27.9,12,1,0,,,,,,,,,,4/22/14,Flowers,Flowers,Thompson,19,8,1,0,,,,,,,,,,,,,,,,,,,,,,,,,4/28/2010,Flowers,Flowers,Thompson,20,8,1,0,,5/13/2009,Thompson,Thompson,25,11,1,0,5/6/2008,Mullet,Cullen,Best,21,10,1,0,,,,,,,,,,,,,,,,,,,,,,,,,,,,,
39,I-275 clam bar,West of I-275,Middle Rouge,M1,-83.437574,42.370466,M,MR-17,WC,,,,,,,,,,,,,,,,,,,,,,,,,,,,,,,,,,,,,,,,,,,,,,WC,6/6/2017,Thompson,Thompson,Thompson,43.70000076,21,4,0,Y,,,,,,,,,,,,,,,,,,,,,,,,,,,,,,,,,,,,,,,,,,,,,,,,,,4/28/2010,Thompson,Thompson,Thompson,46,17,4,0,,5/13/2009,Nightengale,Nightengale,41,18,5,0,5/6/2008,Thompson,Thompson,Best,44,16,3,0,,,,,,,,,,,,,,,,,,,,,,,,,,,,,
40,Springbrook Rec Area,East of M-14 on Hines,Middle Rouge,M3,-83.466928,42.388921,M,MR-18,WC,,,,,,,,12,4/17/21,41,17,10,5,1,,,,,,,,,,,,,,WC FOTR,4/9/19,Sue Thompson,Sue Thompson,Sue Thompson,45.40000153,22,6,0,,,,,,,,,,,,,,,,,,,Y,,,,,,,,,,,,,,,,,,,,,,,,,,,,,,,,,,,,,,,,,,5/13/2011,Thompson,Thompson,Thompson,38,16,3,0,4/28/2010,Flowers,Flowers,Thompson,31,14,5,0,,5/13/2009,Thompson,Thompson,44,17,4,0,5/6/2008,Best,Best,Best,44,20,2,0,,,,,,,,,,,,,,,,,,,,,,,,,,,,,
41,Tonquish Creek-Joy Rd,Joy/Tonquish Creek,Tonquish Creek,M1,-83.462729,42.351831,M,MR-19,WC,,,,,,,,,,,,,,,,,,,,,,,,,,,,,,,,,,,,,,,,,,,,,,,,,,,,,,,,,,,,,,,,,,,,,,,,,,,,,,,,,,,,,,,,,4/27/2012,Mullett,Mullett,Thompson,30,11,0,0,,,,,,,,,5/5/2010,Thompson,Thompson,Thompson,25,10,1,0,,4/17/2009,Thompson,Thompson,11,5,0,0,5/13/2008,Thompson,Thompson,Best,14,7,1,0,,,,,,,,,,,,,,,,,,,,,,,,,,,,,
83,Reservoir Road,"S of 6 Mile, E of Hines",Middle Rouge,M1,-83.47076,42.408,M,MR-2,WC,21,8,2,7,Weis,4/23/2022,13,12,4/17/21,39.70000076,16,10,4,0,,,,,,,,,,,,,35.24,,,,,,,,,,,,,,,,,,,WC,4/17/2017,Thompson,Thompson,Thompson,45.79999924,19,4,0,Y,,,,,,,,,,,,,,,,,,,,,,,,,,,,,,,,,,,,,,,,,,,,,,,,,,,,,,,,,,-0.021566402,5/13/2009,Flowers,Flowers,36,12,3,0,5/6/2008,Best,Best,Best,49,19,4,0,4/17/2007,Flowers,Flowers,Best,32.9,12,3,0,4/28/2006,Thompson-WC,34.3,10,2,0,4/8/2005,WC,24,7,3,1,,,,,,,,,
42,Waterford Bend,Waterford Bend,Middle Rouge,M1,-83.47079,42.41054,M,MR-20,WC,,,,,,,,ST,4/23/2021,42.09999847,19,13,4,0,4.96999979,5.239999771,,,,,,,,,,,,,,,,,,,,,,,,,,,,,,WC,6/7/2017,Thompson,Thompson,Thompson,44.90000153,18,4,0,WC,6/7/16,Thompson,Thompson,Thompson,52.1,24,7,1,,,,,,,,,,4/18/14,Mullett,Thompson,Thompson,40,14,2,0,4/26/13,Thompson,Thompson,Thompson,48,21,5,0,4/24/2012,Tuomari,Thompson,Thompson,38,16,5,0,5/13/2011,Thompson,Thompson,Thompson,52,20,4,0,4/28/2010,Thompson,Thompson,Thompson,48,18,4,0,,5/13/2009,Thompson,Thompson,49,19,4,0,,,,,,,,,,,,,,,,,,,,,,,,,,,,,,,,,,,,,
84,Holliday Nature Preserve at MC,,Tonquish Creek,M3,-83.398143,42.345241,M,MR-21,WC,,,,,,,,,,,,,,,,,,,,,,,,,,,,,,,,,,,,,,,,,,,,,,,,,,,,,,,,,,,,,,,,,,,,,,,,,,,,,,,,,,,,,,,,,,,,,,,,,,,,,,,,,,,,,,,,,,,,,,,,,,,,,,,,,,,,,,,,,,,,,,,,,,,,,,,,,,,,,
2004,Sump North,7 Mile & Beck,Sump Creek,M1,-83.544167,42.420833,M,MR-22,ST,38,18,3,5.190000057,Thompson,4/10/2022,ST,ST,4/18/2021,35,14,11,4,2,5.800000191,4.739999771,Thompson,4-26-2020,Thompson,Thompson,Thompson,40.90000153,19,5,2,,,ST,5/2/19,Sue Thompson,Sue Thompson,Sue Thompson,33.70000076,15,3,0,ST,4/22/2018,Sue Thompson,Sue Thompson,Sue Thompson,37,18,4,1,ST,4/25/2017,Thompson,Thompson,Thompson,31.89999962,15,2,0,ST,4/17/16,Thompson,Thompson,Thompson,40.5,18,6,2,4/11/2015,Thompson,Thompson,Thompson,46.4,12,3,1,ST,4/6/14,Thompson,Thompson,Thompson,37,13,4,2,4/21/13,Thompson,Thompson,Thompson,46,16,3,2,4/21/2012,Thompson,Thompson,Thompson,45,17,3,1,4/24/2011,Thompson,Thompson,Thompson,41,17,3,2,4/24/2010,Thompson,Thompson,Thompson,43,19,3,1,,,,,,,,,,,,,,,,,,,,,,,,,,,,,,,,,,,,,,,,,,,,,
2005,Maybury north,,Johnson Creek,M1,-83.520006,42.432475,M,MR-23,WSU,25,11,1,7,Szlinis,4/23/2022,9,,,,,,,,,,,,,,,,,,,,,,,,,,,,,,WSU,4/12/2018,WSU class,Corey Krabbenhoft,Sally Petrella,19.29999924,9,0,0,WSU,4/13/2017,Boegehold,Boegehold,McCulloch,17.20000076,7,1,0,WSU,4/15/16,Bakkila,Bakkila,Thompson,27.4,10,1,0,4/16/2015,Krabbenhoft,Boegehold,Thompson,41.9,17,4,2,WSU,4/19/14,Thompson,Thompson,Thompson,39,16,4,3,5/5/13,Thompson,Thompson,Thompson,41,18,2,0,4/28/2012,Thompson,Thompson,Thompson,30,12,2,0,4/24/2011,Thompson,Thompson,Thompson,32,12,1,0,,,,,,,,,,,,,,,,,,,,,,,,,,,,,,,,,,,,,,,,,,,,,,,,,,,,,
2006,Lion's Club Pk,,Tonquish Creek,M1,-83.464724,42.364413,M,MR-24,WC,,,,,,,,,,,,,,,,,,,,,,,,,,,,,,,,,,,,,,,,,,,,,,,,,,,,,,,Y,,,,,,,,,,,,,,,,,,,,,,,,,,4/22/13,Thompson,Thompson,Thompson,31,14,2,0,4/23/2012,Thompson,Thompson,Thompson,18,9,1,0,5/16/2011,Thompson,Thompson,Thompson,36,15,1,0,,,,,,,,,,,,,,,,,,,,,,,,,,,,,,,,,,,,,,,,,,,,,,,,,,,,,
2012,,,Johnson Creek,,-83.5135,42.43058,M,MR-25,WSU,,,,,,,,,,,,,,,,,,,,,,,,,,,,,,,,,,,,,WSU,4/12/2018,WSU class,,,38,15,5,1,WSU,4/13/2017,Boegehold,,McCulloch,34.40000153,13,3,0,WSU,4/15/16,Krabbenhoft,Krabbenhoft,Thompson,45.8,19,5,2,4/16/2015,Krabbenhoft,Boegehold,Thompson,51,21,6,2,WSU,4/19/14,Thompson,Thompson,Thompson,35,14,5,1,5/11/13,Thompson,Thompson,Thompson,49,25,7,1,4/29/2012,Thompson,Thompson,Thompson,43,20,4,1,,,,,,,,,,,,,,,,,,,,,,,,,,,,,,,,,,,,,,,,,,,,,,,,,,,,,,,,,,,,,
2014,,,Johnson Creek,,,,M,MR-26,ST,,,,,,,,ST,4/18/2021,30.89999962,14,7,2,1,5.900000095,6.110000134,,,,,,,,,,,,,,,,,,,,,ST,4/22/2018,Sue Thompson,Sue Thompson,Sue Thompson,29.70000076,12,2,0,ST,4/23/2017,Thompson,Thompson,Thompson,48.09999847,17,3,1,ST,4/17/16,Thompson,Thompson,Thompson,34.1,13,1,0,4/11/2015,Thompson,Thompson,Thompson,42,15,0,0,ST,4/6/14,Thompson,Thompson,Thompson,31,13,1,0,5/12/13,Thompson,Thompson,Thompson,48,17,4,2,,,,,,,,,,,,,,,,,,,,,,,,,,,,,,,,,,,,,,,,,,,,,,,,,,,,,,,,,,,,,,,,,,,,,
2026,,,Johnson Creek,,,,M,MR-27,ST,26,10,2,6.050000191,Scupholm,4/23/2022,8,ST,4/25/2021,30,12,9,3,0,5.03000021,4.980000019,,,,,,,,,,,,,,,,,,,,,ST,4/28/2018,Sue Thompson,Sue Thompson,Sue Thompson,45.79999924,22,7,2,ST,4/26/2017,Thompson,Thompson,Thompson,47.5,23,7,2,ST,4/24/16,Thompson,Thompson,Thompson,51.5,25,7,2,4/19/2015,Thompson,Thompson,Thompson,50.9,19,4,1,ST,,,,,,,,,,,,,,,,,,,,,,,,,,,,,,,,,,,,,,,,,,,,,,,,,,,,,,,,,,,,,,,,,,,,,,,,,,,,,,,,,,,,,
43,Reservoir Road West,"S of 6 Mile, E of Hines",Middle Rouge,M1,-83.4704,42.4089,M,MR-2a,WC,,,,,,,,,,,,,,,,,,,,,,,,,,,,,,,,,,,,,WC,4/23/2018,Mike Flowers,Sue Thompson,Sue Thompson,43.20000076,16,3,0,WC,4/22/2017,Thompson,Thompson,Thompson,47.5,20,4,0,Y,,,,,,,,,,,,,,,,,,,,,,,,,,4/26/13,Thompson,Thompson,Thompson,40,17,6,0,4/24/2012,Tuomari,Thompson,Thompson,37,12,4,0,5/13/2011,Thompson,Thompson,Thompson,44,15,3,0,4/28/2010,Thompson,Thompson,Thompson,38,15,4,0,,5/4/2009,Flowers,Flowers,41,16,4,0,5/6/2008,Best,Best,Best,48,18,4,1,,,,,,,,,,,,,,,,,,,,,,,,,,,,,
85,Plymouth Riverside,S of Plymouth inside Plymouth Riverside,Middle Rouge,M1,-83.45532,42.37402,M,MR-3,WC,,,,,,,,,,,,,,,,,,,,,,,,,,,,,,,,,,,,,,,,,,,,,,,,,,,,,,,WC,4/15/16,Thompson,Thompson,Thompson,37.4,16,2,0,,,,,,,,,,5/8/14,Thompson,Thompson,Thompson,42,15,3,0,,,,,,,,,4/24/2012,Tuomari,Thompson,Thompson,45,17,4,0,,,,,,,,,,,,,,,,,,,,,,,,,,,,,,,,,5/8/2007,Thompson,Thompson,Best,39.4,15,4,0,4/6/2006,Best-WC,31.6,13,4,0,4/8/2005,WC,31.6,11,3,0,,,,,,,,,
44,Levan Knoll,"W of Levan Knoll, S of Hines",Middle Rouge,M3,-83.40406,42.36445,M,MR-4,WC,,,,,,,,,,,,,,,,,,,,,,,,,,,,,,,,,,,,,WC,4/23/2018,Sue Thompson,Sue Thompson,Sue Thompson,21.5,10,2,0,WC,4/17/2017,Thompson,Thompson,Thompson,23.79999924,10,2,0,,,,,,,,,,4/18/2015,Kukulski,Tluczek,McCulloch,20.5,9,1,0,15,,,,,,,,,,,,,,,,,,,,,,,,,,,,,,,,,4/28/2010,Flowers,Flowers,Thompson,37,15,2,0,,,,,,,,,,,,,,,,,4/17/2007,Best,Best,Best,19.5,8,1,0,5/10/2006,Thompson-WC,40.8,14,2,0,4/8/2005,WC,32.5,12,2,0,,,,,,,,,
86,Valley View,"E of Nankin, S of Hines",Middle Rouge,M3,-83.36118,42.34447,M,MR-5,WC,,,,,,,,,,,,,,,,,,,,,,,,,,,,,,,,,,,,,,,,,,,,,,,,,,,,,,,Y,,,,,,,,,,,,,,,,,,,,,,,,,,,,,,,,,,,,,,,,,,,,,,,,,,,,,,,,,,,,,,,,,,,,,,,,,,4/17/2007,Flowers,Flowers,Best,19.6,9,1,0,4/6/2006,Thompson-WC,5.1,3,0,0,4/8/2005,WC,18.6,8,1,0,,,,,,,,,
87,Sherwood,"E of Merriman, N of Hines",Middle Rouge,M3,-83.33765,42.34132,M,MR-6,WC,,,,,,,,,,,,,,,,,,,,,,,,,,,,,,,,,,,,,,,,,,,,,,,,,,,,,,,Y,,,,,,,,,,,,,,,,,,,,,,,,,,,,,,,,,,,,,,,,,,,,,,,,,,,,,,,,,,,,,,,,,,,,,,,,,,4/17/2007,Benz,Raizada,Best,14.3,7,1,0,4/6/2006,Benz-WC,4,2,1,0,4/8/2005,WC,11.3,5,1,0,,,,,,,,,
88,Hills Drive,W of Middlebelt,Middle Rouge,M3,-83.32853,42.34286,M,MR-7,WC,,,,,,,,,,,,,,,,,,,,,,,,,,,,,,,,,,,,,,,,,,,,,,,,,,,,,,,Y,,,,,,,,,,,,,,,,,,,,,,,,,,,,,,,,,,,,,,,,,,,,,,,,,,,,,,,,,,,,,,,,,,,,,,,,,,4/17/2007,Best,Best,Best,23.5,9,2,0,4/6/2006,Best-WC,8,4,0,0,4/8/2005,WC,17.2,7,2,0,,,,,,,,,
45,Inkster Road,"W of Inkster, S of Hines",Middle Rouge,M3,-83.31455,42.34893,M,MR-8,WC,,,,,,,,,,,,,,,,,,,,,,,,,,,,,,,,,,,,,,,,,,,,,,,,,,,,,,,WC,4/16/16,Thompson,Thompson,Thompson,23.1,11,1,0,,,,,,,,,,4/22/14,Flowers,Flowers,Thompson,21,9,2,0,,,,,,,,,,,,,,,,,,,,,,,,,4/28/2010,Mullett,Mullett,Thompson,27,11,2,0,,,,,,,,,,,,,,,,,4/17/2007,Thompson,Thompson,Best,17.4,7,1,0,4/6/2006,Flowers-WC,5,3,1,0,4/8/2005,WC,18.5,10,2,0,,,,,,,,,
89,Wallaceville,E of Beech Daly,Middle Rouge,M3,-83.29135,42.34732,M,MR-9,WC,,,,,,,,,,,,,,,,,,,,,,,,,,,,,,,,,,,,,WC,4/24/2018,Sue Thompson,Sue Thompson,Sue Thompson,20.5,8,1,0,,,,,,,,,,WC,4/18/16,Thompson,Thompson,Thompson,29.9,12,2,0,,,,,,,,,WC,,,,,,,,,,,,,,,,,4/27/2012,Mullett,Mullett,Thompson,35,13,2,0,,,,,,,,,,,,,,,,,,,,,,,,,,,,,,,,,4/17/2007,Thompson,Thompson,Best,29.3,11,2,0,4/6/2006,Thompson-WC,8,4,1,0,4/8/2005,WC,17.4,7,2,0,,,,,,,,,
18,Roeper School,41190 Woodward,Main Rouge,M1/2,-83.25174,42.59375,MN,Mur2,FOTR,,,,,,,,,,,,,,,,,,,,,,,,,,,23.65,,,,,,,,,,,,,,,,,,,,,,,,,,,,,,,,,,,,,4/18/2015,Peterson,Kandilian,McCulloch,33.9,14,1,0,12,,,,,,,,,4/21/13,Eisenmann,Eisenmann,McCulloch,27,13,1,0,,,,,,,,,,,,,,,,,4/25/2010,L Steiner,Eisenmann,McCulloch,33,13,1,0,-0.353065539,4/25/2009,Eisenmann,McCulloch,32,13,1,0,4/26/2008,Eisenman,Peterson,McCulloch,22.7,10,1,0,4/28/2007,Nightingale,Nightingale,McCulloch,24.6,10,1,0,,,,,,,,,,,,,,,,,,,,,
62,Nottingham Creek,"Country Day, Lahser/13 Mile",Nottingham Creek,M1/2,-83.26463,42.51149,MN,Nott,FOTR,20,11,0,7.079999924,Eisenman,4/23/2022,3,5,4/17/2021,21.60000038,9,4,1,0,,,,,,,,,,,,,26.9,,,,,,,,,,8,4/21/2018,Bill Eisenman,Bill Eisenman,Sally Petrella,17.10000038,7,1,0,,,,,,,,,,,,,,,,,,,4/25/2015,Thompson,Cassady,Thompson,21.6,9,1,0,REP,,,,,,,,,4/13/13,Ross,Ross,McCulloch,22,9,1,0,,,,,,,,,5/20/2011,Evans,Petrella,McCulloch,24,11,1,0,,,,,,,,,0.033457249,4/25/2009,Elliott,McCulloch,26,10,1,0,4/26/2008,Kowalczk,Gruelle,McCulloch,28.8,12,1,0,,,,,,,,,,,,,,,4/23/2005,FOTR,20.5,8,1,0,4/24/2004,31.4,11,,,,,,
63,North Tonquish,Harvey & Penniman,Tonquish Creek,M1,-83.47572,42.37312,M,Nton,FOTR,25,9,2,6,Cotrone,4/23/2022,5,6,4/17/2021,24.39999962,8,5,2,0,,,,,,,,,,,,,,,,,,,,,,,,,,,,,,,,,,,,,,,,,13,4/16/16,Cloutier,Gall,Petrella,18.7,9,1,0,,,,,,,,,,4/12/14,Lancaster,Cassady,Petrella,20,9,0,0,,,,,,,,,4/24/2012,Ross,Ross,McCulloch,25,11,1,0,4/30/2011,"Peerbolte, J","Peerbolte, M",McCulloch,16,6,1,0,,,,,,,,,,4/25/2009,Peerbolte,Gruelle,21,9,1,0,4/26/2008,Nightingale,Nightingale,McCulloch,23.1,8,1,0,,,,,,,,,,,,,,,5/18/2005,REP,13.6,7,0,0,5/4/2004,12,4,,,,,,
64,Pebble Creek-Danvers,28314 Danvers Ct,Pebble Creek,M1/2,-83.32912,42.50133,MN,Peb1,FOTR,,,,,,,,,,,,,,,,,,,,,,,,,,,27.7,,,,,,,,,,,,,,,,,,,10,5/6/2017,Cassady,Cassady,Petrella,30.39999962,13,1,0,10,4/16/16,Stack,Kandilian,Petrella,12.1,7,1,0,4/18/2015,Lackey,Scupholm,McCulloch,27.1,10,1,0,8,4/12/14,Wallace,Wallace,McCulloch,26,10,1,0,4/27/13,Bradley,Ross,McCulloch,28,11,1,0,4/17/2012,Front,Front,McCulloch,24,9,1,0,5/20/2011,Petrells,Petrella,McCulloch,36,14,2,0,,,,,,,,,-0.115776845,4/25/2009,McCulloch,McCulloch,31,13,1,1,4/26/2008,Sadler,Sadler,McCulloch,22.4,9,1,0,4/28/2007,Williams,Fochler,McCulloch,23.5,11,1,0,,,,,,,4/23/2005,FOTR,27.7,11,1,0,4/24/2004,25.7,14,12.2,5,31.2,11,36.2,13
65,Pebble Creek 13 Mile,13 Mile/Middlebelt,Pebble Creek,M1/2,-83.34402,42.51521,MN,Peb2,FOTR,29,13,1,5.849999905,Petrella/Davis,4/20/2022,15,,,,,,,,,,,,,,,,,,,,31.15,,,,,,,,,,,,,,,,,,,,,,,,,,,,,,,,,,,,,,,,,,,,,,,,,,,,,,4/27/13,Bradley,Ross,McCulloch,23,12,1,0,4/17/2012,Front,Wallace,McCulloch,24,9,1,0,4/30/2011,Evans,Austin,McCulloch,30,13,1,0,,,,,,,,,0.261637239,4/25/2009,Stopa,McCulloch,23,11,1,0,4/26/2008,Sadler,Sadler,McCulloch,36.6,15,2,0,,,,,,,,,,,,,,,4/23/2005,FOTR,25.7,9,1,0,,,,,,,,,
100,d/s Danvers Pond,Danvers Drive,Pebble Creek,MN1/2,-83.324474,42.500849,MN,Peb3,FOTR,36,14,2,5.679999828,Puckett,4/20/2022,15,,,,,,,,,,,,,,,,,,,,,,,,,,,,,,,,,,,,,,,10,5/6/2017,Cassady,Cassady,Thompson,26.20000076,11,1,0,10,4/16/16,Stack,Kandilian,Petrella,13.5,6,1,0,4/18/2015,Lackey,Scupholm,McCulloch,27.6,11,1,0,8,4/12/14,Wallace,Wallace,McCulloch,21,7,2,0,4/30/13,Kamarinas,Petrella,Petrella,35,15,1,0,5/2/2012,Halliday,Petrella,Petrella,37,16,1,0,5/20/2011,Petrella,Petrella,McCulloch,32,14,1,0,,,,,,,,,,,,,,,,,,,,,,,,,,,,,,,,,,,,,,,,,,,,,,,,,,,,,
19,Sleepy Hollow,Drake/11 Mile,Seeley Creek,U,-83.40099,42.48927,U,See2,FOTR,,,,,,,,,,,,,,,,,,,,,,,,,,,,,,,,,,,,,6,4/21/2018,Phil Kukulski,Eric Stopa,Bruce McCulloch,31.39999962,11,2,0,,,,,,,,,,15,4/16/16,Wallace,Wallace,Wallace,21.4,7,3,0,,,,,,,,,,4/12/14,Hunt,Bakkila,McCulloch,26,9,3,1,4/27/13,Kamarinas,Kamarinas,McCulloch,26,10,1,0,,,,,,,,,4/30/2011,Sadler,Sadler,McCulloch,33,11,2,0,4/24/2010,Valender,Austin,McCulloch,25,9,2,0,,,,,,,,,,,,,,,,,,,,,,,,,,,,,,,,,,,,,4/24/2004,17,7,16.4,7,,,,
20,Seeley Creek Trail,King,Upper Rouge,U,-83.4304,42.51073,U,See3,FOTR,19,14,1,5.769999981,Tuncay,4/23/2022,4,,,,,,,,,,,,,,,,,,,,,,,,,,,,,,6,4/21/2018,Phil Kukulski,Eric Stopa,Bruce McCulloch,25.5,11,1,0,,,,,,,,,,15,4/16/16,Wallace,Wallace,Wallace,25.1,10,2,0,,,,,,,,,,4/12/14,Jaja,Bakkila,McCulloch,28,9,2,0,4/27/13,Kamarinas,Kamarinas,McCulloch,20,8,1,0,,,,,,,,,4/30/2011,Sadler,Sadler,McCulloch,20,8,1,0,5/18/2010,Petrella,Petrella,McCulloch,33,13,2,0,,4/25/2009,Stowe,Ross,18,9,1,0,,,,,,,,,,,,,,,,,,,,,,,,,,,,,,,,,,,,,
2044,,,Seeley Creek,,,,U,See4,,,,,,,,,,,0,0,0,0,0,0,0,,,,,,0,0,0,0,0,,,,,,,0,0,0,0,,,,,,0,0,0,0,,,,,,0,0,0,0,,,,,,,,,,,,,,,,,,,,,,,,,,,,,,,,,,,,,,,,,,,,,,,,,,,,,,,,,,,,,,,,,,,,,,,,,,,,,,,,,,,,,,,,,,,,,,,,,,,,,,,
21,Lloyd Stage,6685 Coolidge,Main Rouge,M1/2,-83.19174,42.61623,MN,Sprag,FOTR,42,15,3,4.630000114,Hunt,4/23/2022,7,4,4/23/2021,32.09999847,14,10,2,0,,,,,,,,,,,,,29.85,,,,,,,,,,T,3/24/2018,Sue Thompson,Sue Thompson,Sue Thompson,30.79999924,13,4,2,T,3/25/2017,Thompson,Thompson,Thompson,32.70000076,14,3,1,8,4/16/16,Stopa,Agosta,Petrella,42,19,4,2,,,,,,,,,,,,,,,,,,4/27/13,Agosta,Tykoski,McCulloch,34,16,2,1,,,,,,,,,,,,,,,,,3/21/2010,trainees,Petrella,McCulloch,42,17,3,2,-0.809045226,4/5/2009,training,McCulloch,54,20,5,2,4/26/2008,McCulloch,McCulloch,McCulloch,31.8,11,3,0,,,,,,,,,,,,,,,4/23/2005,FOTR,27.9,11,2,0,,,,,,,,,
66,Old Tara site,,Tarabusi Creek,,,,U,Tar1,FOTR,,,,,,,,,,,,,,,,,,,,,,,,,,,,,,,,,,,,,,,,,,,,,,,,,,,,,,,,,,,,,,,,,,,,,,,,,,,,,,,,,,,,,,,,,,,,,,,,,,,,,,,,,,,,,,,,,,,,,,,,,,,,,,,,,,,,,,,,,5/3/2006,Hammar,30,11,2,0,5/18/2005,REP,21.8,9,2,0,5/5/2004,30,13,29,11,,,,
67,Tara 8 M,8 Mile/Gill,Tarabusi Creek,U,-83.38423,42.441084,U,Tar2,FOTR,,,,,,,,,,,,,,,,,,,,,,,,,,,,,,,,,,,,,,,,,,,,,,9,5/6/2017,Wallace,Wallace,McCulloch,27.5,10,1,0,14,4/16/16,Boegehold,Sosin,Sosin,13.6,5,1,0,4/18/2015,Cotrone,Cloutier,McCulloch,14.4,7,0,0,1,,,,,,,,,4/27/13,Weis,Cassady,Kamarinas,31,13,2,0,,,,,,,,,4/30/2011,Halliday,Halliday,McCulloch,24,9,2,0,,,,,,,,,,,,,,,,,,,,,,,,,4/28/2007,Dajos,Johnson,McCulloch,26,10,2,0,4/29/2006,Weis,29,11,2,0,,,,,,,4/24/2004,30,12,,14,16,6,,
68,Plymouth Twp Pk,Beck/Ann Arbor Tr,Tonquish Creek,M1,-83.49895,42.36701,M,Ton1,FOTR,40,16,2,6.239999771,Thompson,4/9/2022,TR,TR,4/10/2021,43.59999847,16,11,4,0,,,,,,,,,,,,,,REP,4/20/19,Erin Cassady,Erin Cassady,Erin Cassady,35.29999924,13,3,0,T,4/7/2018,Sue Thompson,Sally Petrella,Bruce McCulloch,33.5,13,3,0,T,4/1/2017,Thompson,Petrella,Petrella,46.5,19,2,0,Training,3/19/16,Thompson,Thompson,Petrella,37.8,14,3,0,3/28/2015,Thompson,Petrella,Thompson,44.1,16,3,0,T,3/29/14,Thompson,Petrella,Petrella,40,14,2,0,4/13/13,Petrella,Petrella,McCulloch,48,16,2,0,3/31/2012,Thompson/McCulloch,Petrella,McCulloch,57,22,4,0,5/17/2011,Thompson,Thompson,Thompson,59,23,4,0,,,,,,,,,,,,,,,,,4/13/2008,Ross,Petrella,Petrella,46,16,3,0,4/28/2007,Flowers,Best,McCulloch,51,18,3,0,4/29/2006,Williams,25,10,1,0,4/23/2005,FOTR,27.5,8,2,0,5/5/2004,32.8,11,,,,,,
23,Canton Ctr,"Canton Ctr Rd, N of Ann Arbor Rd",Tonquish Creek,M1,-83.48939,42.36437,M,Ton1/2,FOTR,,,,,,,,TR,4/10/2021,32.59999847,13,9,4,0,,,,,,,,,,,,,,,,,,,,,,,3,4/21/2018,Bruce McCulloch,Bruce McCulloch,Bruce McCulloch,35.20000076,13,2,0,,,,,,,,,,,,,,,,,,,4/18/2015,Sosin,Sosin,McCulloch,25.7,11,1,0,17,,,,,,,,,,,,,,,,,4/21/2012,Tykoski,Dudek,McCulloch,44,18,3,0,,,,,,,,,4/24/2010,Weis,Weis,McCulloch,27,9,2,0,,,,,,,,,4/26/2008,Stowe,Nightingale,McCulloch,30.1,10,3,0,,,,,,,,,4/29/2006,Faber,39,14,2,0,,,,,,,,,,,,,,,
24,Tonquish-Ann Arbor Rd,Ann Arbor Rd/Lilley,Tonquish Creek,M1,-83.46507,42.35809,M,Ton2,FOTR,17,7,1,7,Cotrone,4/23/2022,5,6,4/17/2021,20.29999924,8,5,2,0,,,,,,,,,,,,,,,,,,,,,,,3,4/21/2018,Bruce McCulloch,Bruce McCulloch,Bruce McCulloch,9.199999809,5,0,0,,,,,,,,,,13,4/16/16,Cloutier,Gall,Petrella,24.7,11,1,0,,,,,,,,,,4/12/14,Cassady,Lancaster,Petrella,19,11,1,0,,,,,,,,,4/21/2012,Tykoski,Dudek,McCulloch,30,13,1,0,,,,,,,,,4/24/2010,Corsun,Weis,McCulloch,22,11,1,0,,,,,,,,,,,,,,,,,4/28/2007,Flowers,Flowers,McCulloch,22.1,8,2,0,4/29/2006,Weis,23,11,1,0,4/23/2005,FOTR,10.2,5,0,0,,,,,6,8,6,13.4,5
69,Heritage Pk,Farmington/10 Mile,Upper Rouge,U,-83.38567,42.47526,U,Up1,FOTR,,,,,,,,10,4/17/2021,20.10000038,8,5,1,0,,,,,,,,,,,,,,,,,,,,,,,7,4/21/2018,Carl Clark,Carl Clark,Bruce McCulloch,25.29999924,9,2,1,,,,,,,,,,,,,,,,,,,4/18/2015,Cotrone,Cloutier,McCulloch,29.5,11,2,0,1,4/12/14,Kukulski,Kukulski,McCulloch,22,12,0,0,,,,,,,,,4/21/2012,Bakkila,Collins,McCulloch,28,15,3,1,,,,,,,,,,,,,,,,,,,,,,,,,4/26/2008,VanBuren,Pace,McCulloch,17.3,7,1,0,4/28/2007,Babcock,Bhakta,McCulloch,23,8,1,0,5/3/2006,Doyle/Mastenbrook,20,8,1,0,,,,,,,,,,,,,,,
70,Shiawassee Pk,Shiawassee/Power,Upper Rouge,U,-83.36811,42.46323,U,Up2,FOTR,33,12,2,5.230000019,Puckett/Thompson,4/28/2022,16,10,4/17/2021,20.5,8,6,1,0,,,,,,,,,,,,,20.8,WC FOTR,4/12/19,Sue Thompson,Sue Thompson,Sue Thompson,17.29999924,7,1,0,7,4/21/2018,Carl Clark,Carl Clark,Bruce McCulloch,13,6,1,0,,,,,,,,,,14,4/16/16,Boegehold,Sosin,Sosin,15,5,1,0,,,,,,,,,,4/12/14,Kukulski,Muller,McCulloch,22,8,1,1,,,,,,,,,4/21/2012,Bakkila,Collins,McCulloch,26,9,2,0,,,,,,,,,,,,,,,,,0.038461538,4/25/2009,Sadler,Weis,20,8,1,1,4/26/2008,VanBuren,Pace,McCulloch,18.4,8,1,0,4/28/2007,Babcock,Bhakta,McCulloch,29,10,1,1,4/29/2006,Ross,17,8,1,0,5/2/2005,FOTR,26.4,9,1,1,4/24/2004,14.2,6,18.5,8,22.1,6,,
46,Lola Valley - Kinloch,Kinloch,Upper Rouge,U,-83.3029,42.4111,U,UR-1,WC,,,,,,,,,,,,,,,,,,,,,,,,,,,,,,,,,,,,,,,,,,,,,,,,,,,,,,,,,,,,,,,,4/22/2015,Flowers,Thompson,Thompson,26.4,10,2,0,WC,4/17/14,Flowers,Flowers,Thompson,14,6,1,0,5/8/13,Flowers,Flowers,Thompson,16,9,1,0,,,,,,,,,,,,,,,,,5/20/2010,Benz,Validokath,Thompson,21,8,2,0,,5/13/2009,Benz,Cullen,26,10,2,0,5/16/2008,Best,Best,Best,17,7,1,0,,,,,,,,,,,,,,,,,,,,,,,,,,,,,
47,Bell Creek Park,,Bell Branch,U,-83.310759,42.401803,U,UR-2,WC,,,,,,,,,,,,,,,,,,,,,,,,,,,,,,,,,,,,,,,,,,,,,,WC,4/24/2017,Mullett,Flowers,Thompson,20.5,8,1,0,,,,,,,,,,,,,,,,,,,4/17/14,Flowers,Thompson,Thompson,19,7,1,0,,,,,,,,,4/24/2012,Flowers,Flowers,Thompson,22,10,1,0,5/13/2011,Mullett,Mullett,Thompson,19,8,1,0,5/20/2010,Benz,Validokath,Thompson,18,7,0,0,,5/13/2009,Benz,Cullen,23,10,0,0,,,,,,,,,,,,,,,,,,,,,,,,,,,,,,,,,,,,,
48,Tarabusi at 7 Mile,,Tarabusi Creek,U,-83.362972,42.426303,U,UR-3,WC,,,,,,,,,,,,,,,,,,,,,,,,,,,,,,,,,,,,,WC,4/27/2018,Mike Flowers,Noel Mullett,Sue Thompson,22.29999924,8,2,0,,,,,,,,,,,,,,,,,,,,,,,,,,,,,,,,,,,,,,,,,,,,4/24/2012,Gregor,Flowers,Thompson,18,7,1,0,5/13/2011,Mullett,Mullett,Thompson,25,10,1,0,5/20/2010,Benz,Validokath,Thompson,17,7,0,0,,5/13/2009,Benz,Cullen,21,9,1,0,,,,,,,,,,,,,,,,,,,,,,,,,,,,,,,,,,,,,
2010,Upper Rouge,Five Mile Beech Daly,Upper Rouge,U,-83.286158,42.400014,U,UR-4,WC,,,,,,,,,,,,,,,,,,,,,,,,,,,,WC FOTR,4/12/19,Sue Thompson,Sue Thompson,Sue Thompson,23.60000038,10,2,0,WC,4/27/2018,Noel Mullett,Mike Flowers,Sue Thompson,24.5,10,1,0,,,,,,,,,,,,,,,,,,,4/22/2015,Flowers,Flowers,Thompson,18.3,8,1,0,WC,4/17/14,Flowers,Flowers,Thompson,17,7,2,0,5/8/13,Flowers,Flowers,Thompson,21,9,1,0,4/24/2012,Flowers,Flowers,Thompson,21,9,1,0,5/13/2011,Mullett,Mullett,Thompson,35,14,2,0,,,,,,,,,,,,,,,,,,,,,,,,,,,,,,,,,,,,,,,,,,,,,,,,,,,,,
2024,,,Beitz Creek,,-83.379288,42.411266,U,UR-5,WC,,,,,,,,,,,,,,,,,,,,,,,,,,,,,,,,,,,,,WC,,,,,,,,,WC,4/24/2017,Mullett,Flowers,Thompson,26.5,15,1,0,WC,4/20/16,Thompson,Thompson,Thompson,22.7,11,1,0,4/22/2015,Thompson,Thompson,Thompson,19.6,10,1,0,WC,,,,,,,,,,,,,,,,,,,,,,,,,,,,,,,,,,,,,,,,,,,,,,,,,,,,,,,,,,,,,,,,,,,,,,,,,,,,,,,,,,,,,
71,Parmenter's Cider Mille,Old Baseline/ Old Novi Rd,Walled Lk Drainage,M1,-83.47369,42.43673,M,Wall0,FOTR,,,,,,,,,,,,,,,,,,,,,,,,,,,28.03,,,,,,,,,,4,,,,,,,,,,,,,,,,,,,,,,,,,,,4/18/2015,Clark,Rigsby,McCulloch,21.2,9,1,0,9,,,,,,,,,,,,,,,,,4/21/2012,Ross,Ross,McCulloch,18,8,1,0,,,,,,,,,,,,,,,,,-0.034482759,4/25/2009,Thompson,Thompson,29,12,2,0,4/26/2008,Flowers,Flowers,McCulloch,35.9,14,2,0,,,,,,,,,5/3/2006,Jaskiewicz,22,9,1,0,5/18/2005,REP,26.2,10,2,0,,,,,,,,,
72,Rotary Park,9 Mile/Meadowbrook,Walled Lk Drainage,M1,-83.46525,42.44957,M,Wall1,FOTR,,,,,,,,11,4/17/2021,8.300000191,4,2,0,0,,,,,,,,,,,,,,,,,,,,,,,4,,,,,,,,,,,,,,,,,,,,,,,,,,,4/18/2015,Clark,Rigsby,McCulloch,25.7,12,1,0,9,,,,,,,,,,,,,,,,,4/21/2012,Kandilian,Kandalian,McCulloch,30,12,2,0,,,,,,,,,,,,,,,,,,,,,,,,,4/26/2008,Erickson,Dudek,McCulloch,30.9,10,2,0,4/28/2007,Samota,Samota,McCulloch,23.5,10,2,0,4/29/2006,Sadler,31,12,2,0,4/23/2005,FOTR,12.3,4,2,0,5/5/2004,29.5,13,20.4,9,17.2,4,,
25,WL 10 M,10 Mile/Novi,Walled Lk Drainage,M1,-83.46623,42.46732,M,Wall2,FOTR,30,10,1,6.090000153,Rentschler,4/23/2022,1,7,4/17/2021,21.89999962,10,5,1,0,,,,,,,,,,,,,,,,,,,,,,,,,,,,,,,,12,5/6/2017,Hunt,Hunt,McCulloch,10,4,0,0,,,,,,,,,,4/18/2015,Koloski,Agosta,McCulloch,21.5,9,1,0,7,,,,,,,,,4/27/13,Marvin,DeGrande,McCulloch,20,8,2,0,,,,,,,,,4/30/2011,Erickson,Dudek,McCulloch,24,10,1,0,4/24/2010,Phipps,Ross,Tluzek,30,11,1,0,,,,,,,,,4/26/2008,Erickson,Dudek,McCulloch,18.4,8,1,0,,,,,,,,,,,,,,,,,,,,,4/24/2004,17.9,7,20.3,8,17.1,7,15.2,7
26,12 Mile,12 Mile/Taft,Walled Lk Drainage,M1,-83.49575,42.49486,M,Wall3,FOTR,,,,,,,,7,4/17/2021,16.89999962,8,5,1,0,,,,,,,,,,,,,,,,,,,,,,,,,,,,,,,,12,5/6/2017,Hunt,Hunt,McCulloch,14.60000038,6,1,0,,,,,,,,,,4/18/2015,Agosta,Koloski,McCulloch,31,12,1,0,7,,,,,,,,,4/27/13,Marvin,DeGrande,McCulloch,28,9,2,0,,,,,,,,,4/30/2011,Erickson,Dudek,McCulloch,28,12,1,0,4/24/2010,Erickson,Dudek,McCulloch,24,10,1,0,,4/25/2009,Erickson,Dudek,28,10,1,0,,,,,,,,,,,,,,,,,,,,,,,,,,,,,,,,,,,,,
27,Ford Field,Northville/Main Street,Walled Lk Drainage,M1,-83.48056,42.43354,M,Wall4,FOTR,,,,,,,,,,,,,,,,,,,,,,,,,,,,,,,,,,,,,,,,,,,,,,,,,,,,,,,,,,,,,,,,,,,,,,,,,,,,,,,,,,,,,,,,,4/21/2012,Ross,Ross,McCulloch,13,7,1,0,,,,,,,,,4/24/2010,Erickson,Dudek,McCulloch,19,7,1,0,,4/25/2009,Thompson,Thompson,23,10,2,0,4/26/2008,Flowers,Flowers,McCulloch,30,10,2,0,,,,,,,,,,,,,,,,,,,,,,,,,,,,,
73,Willow Cr,"Barchester Pk, Ford/Lilley",Willow Creek,M1,-83.46422,42.33002,M,Will1,FOTR,,,,,,,,,,,,,,,,,,,,,,,,,,,14.05,,,,,,,,,,,,,,,,,,,,,,,,,,,,,,,,,,,,,4/18/2015,Sosin,Sosin,McCulloch,33.8,13,3,0,17,,,,,,,,,4/29/13,Kamarinas,Petrella,Petrella,20,10,0,0,,,,,,,,,4/30/2011,"Peerbolte, J","Peerbolte, M",McCulloch,16,8,0,0,,,,,,,,,-1.491103203,4/25/2009,Peerbolte,Gruelle,35,13,1,,,,,,,,,,,,,,,,,,4/29/2006,Belair,11,6,0,0,,,,,,,4/24/2004,17.1,7,25.1,10,,,,
2040,,,Willow Creek,,,,M,Will2,,,,,,,,,,,,,,,,,,,,,,,,0,0,0,0,,,,,,,,0,0,0,,,,,,,0,0,0,,,,,,,0,0,0,,,,,,,,,,,,,,,,,,,,,,,,,,,,,,,,,,,,,,,,,,,,,,,,,,,,,,,,,,,,,,,,,,,,,,,,,,,,,,,,,,,,,,,,,,,,,,,,,,,,,,,
2041,,,Willow Creek,,,,M,Will3,,,,,,,,,,,,,,,,,,,,,,,,0,0,0,0,,,,,,,,0,0,0,,,,,,,0,0,0,,,,,,,0,0,0,,,,,,,,,,,,,,,,,,,,,,,,,,,,,,,,,,,,,,,,,,,,,,,,,,,,,,,,,,,,,,,,,,,,,,,,,,,,,,,,,,,,,,,,,,,,,,,,,,,,,,,
